Feature_1,Feature_2,Feature_3,Feature_4,Feature_5,Feature_6,Feature_7,Feature_8,Feature_9,Feature_10,Feature_11,c1,c2
3.930497106107393,5.869085858627796,10.99166092,18.861431306364928,33.737751482528864,32.6004718307325,37.18735455264888,30.87046323176996,34.01573422639339,53.02113233225701,50.088498345902416,10.728642788484455,0
5.789524382454427,12.112107440826678,16.61942134481088,24.131161736325435,26.752348312051183,32.17549126264033,34.78036809958335,44.50016511578719,46.63451732758983,44.66607282201959,65.50623475535049,-3.7487521782528495,0
4.890647846662637,9.348577809569411,13.592827747399824,19.084020944571805,26.203332669404794,28.28690983119634,31.22518162098624,29.82920658586803,28.50015913692257,56.03710084869852,40.925553286333205,2.931258190719128,0
4.821853088475068,8.919439658673893,16.991475901099484,21.66115661828741,24.11123980560741,32.9609958689669,40.4906446653442,33.60686400974856,64.2572040375537,32.44451128036274,50.66518661479523,-10.114961688020845,1
2.7356397452072,11.064498163077165,13.111076625879305,21.175152580024587,25.952398187099377,35.43836463945392,22.80354344062692,42.01820468611778,28.408849658140284,70.91750374918466,60.97095911867427,9.019329911678208,0
3.870140441255888,7.826485963349524,12.082648655440169,18.176786734878736,22.26072474877146,29.9232970276817,34.90256311813674,25.837241251774245,61.72856839066452,48.6805624568763,34.71246266662257,-8.355116207791038,0
6.148235390798523,8.82675818727482,9.289446496932117,17.466329477712925,20.982643879435848,40.33009785555736,27.7098281502226,54.94107937818662,38.67634834371589,54.441297780140296,55.75048242765208,0.1491859801796082,0
5.785259258072292,8.392914657266894,15.915087799118377,19.91139415443222,15.292741591046756,30.15623024475674,34.210292564215294,33.64537433778826,40.15740650488669,28.50913124743603,58.20539963238412,-9.547092804237176,1
4.596531441553674,10.44999722642766,12.032046321006163,16.880839926803723,30.358122036922254,28.48703779219458,26.274786993934487,31.778130103040745,55.17442387884912,58.70459196605905,44.567489033601184,6.623975606067472,0
5.653692980680048,7.378276056119773,14.59270724932736,16.02833382622021,22.63672246731487,32.628240545753144,27.70179540506402,49.42655376161825,48.01903037733388,48.57619384899469,47.25355000683207,4.428468465908368,0
5.28129021221007,8.63841312266625,15.881475409705534,16.574376993952637,30.62219380752462,33.280110304581484,46.93069322627399,40.59030808971552,44.73869598647062,50.79803777311786,48.10272051912322,-6.848003243983568,0
4.441067496854068,10.06784718124065,14.991483314052909,21.46150366763996,28.517150980780137,20.488503310383365,33.379908418830055,47.1030553572298,46.79070134354623,64.2375251831684,60.18547772125793,5.561319615859995,0
6.115113119177758,14.9015976268355,13.288237103113625,21.28287495893466,35.49307940601831,31.0642829041702,35.03757312727884,52.37781546614105,49.52632570290505,45.701990416710885,61.1740530046044,18.796015502154567,1
4.215755364652637,8.590006764336659,17.636553869943707,22.296295436986675,28.583157066584693,30.778934197811665,32.151740316793,31.197285775053395,59.11365756629942,36.74968045127325,46.71879125163625,5.108123302221195,0
4.543249987812764,8.912860800406946,15.680676594750558,22.03751581700852,30.204230435807403,30.162773258739268,39.33497255395018,26.45520545072364,43.0790445411255,52.06499592230796,46.50153375911187,8.059666991595034,0
6.2775337961305215,11.558897880901426,9.715740605653972,26.305018161967222,22.598206670937486,26.78971634719067,29.94671381704545,31.122395337165443,44.26354355205718,46.27120879918886,43.12877919450761,2.8107224334579834,0
5.077517058212352,9.334064650503985,14.301598604327245,22.49835072419138,23.25642863425608,29.35004586272635,31.7933784548998,38.734902931835066,46.44957035595158,59.71204540560897,49.54511087351381,-0.0160325166886455,0
5.378567555126884,6.887924806042635,18.111224090679777,24.512684326733,30.971678333155143,23.42801446544388,34.54649004152011,34.61398581370722,41.850367945372255,47.5291963282295,47.02222679594938,4.59465942526922,0
4.275031187543021,9.061403147335051,22.81928283020564,16.4170630655722,19.25318694096488,24.329753939178183,41.307759588023295,45.45429257400352,34.98627290523608,58.76311448551284,53.72880750548119,-17.803627339750005,0
5.741908798364499,8.80248564934392,18.57009227680946,22.570863034702832,23.64193476762822,32.35172160352644,32.66274462815339,33.35955078298835,35.0814296968254,52.5309117257467,63.504697280365214,-6.313148048173653,0
4.462134163328727,10.411108818971597,14.017245515215652,16.13257293285492,29.717444405980807,40.67286222563588,34.102355540148444,44.33822976265325,35.072246606366434,58.29135611279375,76.24318680531782,11.954426502661686,0
3.858363745511516,7.555425048823308,10.317837909240907,16.227551026758693,19.83608748499272,20.99340167175733,30.840250584196028,38.19652655733785,52.420708534725215,49.376578332479625,51.81737427241784,-5.380565481472433,0
4.307727718163608,12.365928313559426,13.687190672146842,17.773630654128905,24.432742533372405,26.18464294968524,40.74276867057992,54.59939418454083,47.30959348348704,68.29023962563384,65.60805215288443,-11.708166965340782,0
5.7895731168996925,8.626892604828416,17.93877149758495,26.986875516392857,18.007195890554236,33.04609387073977,36.184400964335225,43.85789635149064,44.589347022182864,64.76550373372237,50.75310007952804,-3.884729472995537,0
5.89023101849675,9.52963569946968,15.495635567664744,21.02382476925742,23.609621979823267,26.378322496369886,30.40366115282014,41.23044397530809,43.28765837178411,51.99395182296432,64.3687902664081,-5.136533464731757,0
5.333434803711273,12.051651599355516,16.54301168947354,22.335904024872463,30.41017792577741,31.33222026006189,21.79785822184927,41.09309249187802,27.607965363553383,46.81214704841487,65.80841591100753,13.56682012864757,0
4.905936398168572,10.893177543275224,18.839399602825424,20.98261048974089,21.93394660883007,32.85823803547221,37.09278224579937,47.328353058884666,35.404490564733045,40.6537895790124,46.687172093071446,-8.451295986946704,1
5.399815307718416,7.142009250835914,13.232105712975397,16.223330439104263,24.816659074159126,25.66046571936834,21.75940467833844,46.12772502480115,62.527185090781,49.09405146804971,61.853466376993566,13.898684396897917,0
4.989053374446008,7.9949741314405,11.273470134797272,20.14610105390469,24.14041063976433,27.43375775026188,29.915529498128294,25.128271288323724,43.93749678636018,43.46087720176286,70.34714593652153,-0.7779626967068332,0
5.236907440158182,7.986087188646853,17.82615337530404,19.68733065947964,27.70652095540163,28.55556501509129,33.34946164980355,36.733267700106296,48.6532581070186,49.07040793870545,57.32392849403448,6.502601554733283,0
4.78448085537437,12.06670345273512,20.772439632957475,14.25695144744198,25.644006405228424,22.01631812090989,43.77522651123692,44.8457261535582,42.69785809196134,23.469583973018945,56.46456230497922,0.1077604201329123,1
5.3920336055120215,11.785625972687956,13.873803262913889,18.08637904336953,24.41640217927604,25.465462690481026,39.13903198817094,29.43789852994012,53.36802684239699,42.317881318941325,51.6405553797715,-0.9070120314168766,0
4.48981978730631,10.22958021746386,16.840509077733337,13.197058794053184,29.002481106913777,31.7100612061754,39.85897507430906,45.9285356180345,44.21519138521121,53.87400327107861,42.99920782936727,-2.897896841742263,0
4.87380030554443,8.4998827671261,17.69084048403296,18.21473223947616,29.433567190404226,29.43590985811162,37.34271419759871,52.28290311176952,42.05863943844896,45.77651579793042,42.67959325859935,0.8713648346185696,0
5.998893010430894,7.917568767312365,16.157373732920515,20.244490364984426,23.904404342998824,23.736264357283176,36.771360116381246,54.026960453183605,50.05205555402641,41.82077068972941,65.63009749990331,5.946868062251985,1
5.392142181111259,10.200636880200276,13.422732568422246,19.276867366424906,22.251003064761747,34.54115285802812,31.5495316263354,34.63425904639629,38.31717218531087,64.78865685154307,72.00701871968143,1.1729038439785016,0
5.0474727891827085,10.389499451879653,13.241089708009486,24.80904534744303,23.76597010501637,34.51315655933124,25.187052815668345,38.44020249714244,37.09761946871695,49.34698211300176,48.78189078434877,4.272124332426964,0
5.750898345779428,11.171472766091444,14.404292339144371,18.28776926390905,27.72918280977108,21.11715517072377,42.79926892035999,47.78044906506437,53.54357769960851,67.3653127607755,66.38912043681827,-3.0408977574095,0
3.8837519080323504,9.981493727317414,15.633786051847546,24.89614339657744,19.18329271345835,16.869216691501194,49.53905725220661,47.32949577885527,51.44186436257224,56.897838203752,58.472911204207605,-11.377903589852073,0
4.641550283048149,13.296078132389496,18.28069049057052,26.18458255714049,23.61509236248754,21.10378679197037,35.85474140907093,20.4983414610587,47.261777887846414,47.70477614889869,47.740751232611856,3.0200154613123003,0
3.487500331413947,11.36036784091164,18.26361835809584,18.08616001995066,21.86779683257088,24.670748207287154,40.458189001845646,38.3254647179936,45.92373442943221,63.40074612449272,55.89418735031047,-4.527773392738849,0
6.360304768298651,13.05122133920596,18.236747569305003,19.732866616695315,27.28680232365258,32.72011413865115,30.732885571812968,45.61439520333934,57.03853977411122,44.17590124262662,50.37992395192245,9.72909838224282,0
2.248238732442471,13.106831551604518,11.676583969925009,20.92336093522143,37.99430169211965,32.84307852297602,30.31610047415969,41.86786680913391,49.183404340674166,51.5653366482338,54.80493509145583,17.15823835249372,0
5.623918067699696,6.682809879967548,17.342823959241002,26.043848046288847,27.126033624305133,32.03997115130099,25.26730943510055,46.631934458456605,43.74424787851903,36.87805277479231,69.35979272444324,7.849614226223322,1
4.064016310267764,11.924395990422136,12.362031518025958,15.840442209014732,22.19292367989086,31.0227828296538,32.30401761043457,44.53693369745277,45.19691943798818,49.069644629653965,56.7707946269592,6.141307800196044,0
4.276835454804781,10.621209218206818,14.577384235579483,20.719836720651728,31.581334507698,31.954770992973792,27.797416625140123,32.60255991014122,49.50407074506886,34.89579069156843,44.924355420563565,16.440759449699172,0
3.253223899044967,7.127646483771137,12.396026696230845,21.328365960642515,27.04660723167628,31.756249871331207,28.375127650628173,35.95051310225389,48.44367267639778,65.6533199670436,56.38167417338007,8.253394713599128,0
5.14883063034778,7.425069887997449,16.26907146687516,22.01223394927304,35.177103809564514,39.97765966366117,29.9930421495052,42.171876386116494,38.19579289258911,44.85897893747261,48.97660568330922,22.51732348293888,0
5.587459188821125,12.328526753521295,16.529350695393134,27.631722310551723,26.166888234233568,38.11045274190508,37.29815745998565,40.78891495198803,37.97385478587164,49.181587030008586,82.7492853784324,0.5837956502540977,0
2.266052336416412,10.551866119229102,19.27507737084435,16.430781191028743,20.915265577564675,31.82824947420924,38.266273752887486,33.8010515772698,43.15727495963451,43.65616578131061,57.078464242001225,-11.17855499497018,0
4.372706908503905,11.750572500931533,13.01201659271181,19.60818620130346,27.501371274356902,29.24970473389369,25.77095816753445,44.410234818752926,46.93861561287221,37.78705072688291,52.95668422970317,19.5997448380296,1
7.064160692379912,10.524666093908808,16.117299925144458,27.43685487602339,8.836921193354335,30.89083119126586,31.0926311668027,21.9290090745098,51.33001363469431,52.01477589543249,47.78996078143294,-18.40403228646742,0
5.013400264907365,10.2414959256362,14.778791339824812,22.665655650429628,20.944008815214417,34.14880500933525,31.284914042271264,29.218300497198243,67.69200403170402,31.18133326240146,40.47782998382257,-11.38419490770832,0
5.130468671343912,8.549364542320209,17.663912007539807,15.707224425501376,26.784100932197383,32.484110776942735,34.310148544500606,43.693371240818266,45.55414282447418,44.23815263091544,54.2278759349388,2.874115236830895,0
3.628889108349244,7.211077707070013,14.186464650813154,20.71583808267549,21.600048933575824,31.99365689828065,47.58544597285756,45.69249231690265,43.15895360712767,57.72801567388545,38.2093437871669,-20.090836320771743,0
3.722298770727385,9.699716938730658,13.798415944946813,23.475065851868287,30.871714770451035,26.61758133788903,34.95059490171762,39.41660593406576,38.86985291863052,43.85429118166992,44.44735192949236,9.548642556530655,0
5.596834904943082,9.941658307131087,17.595498041337052,17.320236952781602,19.753573942743333,35.77800880554144,38.99613950020848,40.67586997446113,32.49547033697827,42.50082966500905,39.81375723042631,-7.21740530871004,0
3.902440051591032,8.777594229040156,11.69106961801249,17.36973013223814,22.73375238341079,19.64919267411237,38.59582685893187,51.77897230661273,52.05041035981399,57.65834737836304,63.16292536616007,-8.96099828172628,0
5.791391202102829,13.346494016793322,15.194624956276034,20.490439651088305,29.262125705793707,33.90358102420889,33.02120586575264,46.800725769617365,45.12693024827905,61.626001411113904,46.356558408405725,7.519118587337976,0
5.822669108177024,10.420401423263671,17.29520010402573,17.65542151286252,23.664817300375475,36.14497015942678,30.80436828384828,51.21669400752819,52.22280965722095,39.62377046542422,50.867404490558414,4.963115247256395,1
5.542715515980834,11.552754947235291,13.2737076244164,23.96913131331111,27.33354869181979,33.5882694169214,26.86498577530371,38.38921628073589,62.088783631528,48.81001625025843,55.62670615181955,7.610309787510744,0
6.101431656464904,8.818878880880494,16.746880674751164,19.14846425438654,20.288675399184307,31.09636697399327,35.78899150645305,32.90394020983762,43.36310010126885,58.3586944689761,53.87938736914472,-8.935215102693075,0
4.118930245662182,8.885821701697186,17.806846688260958,23.24509817891941,27.633683474428423,31.599314839201973,31.18523267371088,41.63270488194816,50.2250327789547,61.226379945469176,53.05061321738203,-1.4587707346486498,0
5.865010869471227,7.598005824465214,17.941548215253484,21.50781286670968,31.06788244928702,24.578088025548148,38.86017119886947,36.740025152964975,48.28493702027455,53.604890690896205,53.48877117517665,6.776867319829103,0
5.466221914887603,11.75242625166652,15.17009453763163,27.30889082765318,27.68854715705059,37.98413500181129,27.694998742889585,34.73268461104618,56.200869987317766,52.87951736581485,52.01205325061891,6.823612786633454,0
4.26752102029646,10.101810824945836,12.41343457848499,21.494230660228705,22.86982992347822,32.52706256166396,39.03330684449536,51.06651395353671,56.61808226136727,41.17189469979999,58.14284649552473,-7.856036052467634,1
4.429145968965937,12.330693734203823,12.552619437904008,18.520105740669763,26.627057429374908,28.46539064860087,34.58031780929954,33.93946626236473,61.42131408083938,32.620314784893765,52.35539860635963,1.3222860589300294,0
4.435415835386112,6.962673602489739,9.124531275843546,21.72277265281604,31.14957820686044,20.28141032513033,29.42831261843195,49.93215570020746,54.7700979448751,44.808034507903,66.9246247155612,19.046566048759875,0
4.591068667838592,12.03110139186822,13.704900769347054,12.80266215807265,26.64047766575773,39.30525768642515,41.97072348677448,29.330477441113224,50.55686090185277,38.74016823508294,52.06001472098691,-16.481659737898468,0
4.259174540012829,7.491328707381847,13.195769029655306,23.612570630508937,17.656270746042075,40.9439086596622,29.217037961380708,39.3755017405383,39.132240437081066,38.946151248097,39.84751620161691,-11.576430238574876,0
6.515953494985454,9.112708928483633,13.092514641835503,14.27301427105044,36.04361023890361,30.247598240050333,45.79034349779526,44.371958884570205,60.27127203366444,46.45342642304258,85.09878266808833,10.212193995741464,0
4.887081584528532,11.66746213666788,9.805467119621582,21.91652399967566,17.891451357895672,20.981282433199908,31.5550770362551,41.52371708068357,48.31417000557967,56.11972541399969,61.78739317557688,-1.9792399695945424,0
5.246115967628482,9.777727639593287,19.562115212966013,17.22998549894542,23.622580182885265,23.48266932899034,38.97889569362805,32.287578513504094,19.442353850168008,65.5366854377508,51.957118420806665,-2.586074761093632,0
4.759616115116923,7.123337639482079,12.813210865651058,17.845188152259492,19.76829011431903,41.6363037163253,46.84769138950669,44.01026815832987,44.62295163539907,62.32513532285384,38.64208647012643,-11.501120089736007,0
4.7257580953902,7.37030538917284,9.675960920661002,22.139050921872823,24.211560492793907,34.7796239483222,40.59026296646869,38.62690490919714,51.00701194320408,53.99189798360174,47.659314891309215,-1.507732229277888,0
4.747373519766425,10.730323655800577,17.301998752800916,24.07876776171372,25.259188868201832,23.22081161064652,39.060656479001246,39.02786780236676,60.85571011323943,34.7900798120628,69.29102321161825,5.439686514325627,0
6.113679677655974,8.487006027530505,12.420438324120791,16.45912522190404,27.864431073340253,28.34356650007511,34.81035142584357,42.76825484169077,40.80370161141413,43.5750764811709,44.85476932567307,5.478191340868349,0
6.290670923568033,9.203963467103756,12.24641944018578,17.904515176127035,16.159280000358137,37.32552432235595,42.53450409844024,36.77415754175413,49.61610399413574,60.08004214748833,53.34005939369466,-5.486264330424206,0
3.116602398738632,10.267009157577036,12.228841341566053,22.78084699082165,14.75872632341568,25.37792689212842,39.7301701432651,52.62435364245933,29.965913765641503,47.44848123533748,52.42875391375648,-19.436435676266733,0
5.759136226313442,11.751279120933152,17.32819342271831,19.01524253025602,24.30838840725288,31.445814352985742,35.092919259830616,34.590846767570284,50.58844064048464,53.451203980588055,55.58369827768514,-7.368121376858204,0
5.953117771482166,11.847215939091438,15.664807939048478,16.034236502527573,25.471513886838224,28.512053591428668,33.991110594583645,41.65012559167636,25.13611709847126,45.70322110703916,73.52286711975083,1.677799671418821,0
6.228593292691684,11.127333984162895,17.61312190920025,19.22403312375779,20.75611281869045,32.89655952231748,38.623750883960845,42.69063057900997,38.17432786207913,21.47416536373205,16.382778274763332,-6.926634617101481,1
4.967427027321645,11.158183538867393,14.206130282137169,18.2849162655,30.78061491214978,33.48379764690983,35.822685626010674,33.57349421382929,38.663327393812985,45.34681812989116,34.848423172385424,6.458728494131627,0
4.921332282888216,9.640081322521048,12.265078782243576,23.45274976403155,30.09053048775177,37.87772179431197,37.18116819247324,45.67813240140751,46.41239854034788,37.51497318800804,43.64761619550237,-2.026646380319857,1
5.56352784267076,8.871639847325923,13.403866258117576,22.710933113038195,27.56180821307392,26.674475801078565,33.12896671098425,35.42396694686816,48.22099766924178,51.86337051520493,50.47554016920243,9.034610427009,0
2.6375711927091543,11.618099668829087,12.99820775244882,17.339186933375945,24.437214786586143,32.77963492393278,15.822973075612708,32.78158801904814,38.548132715890446,52.54840821986056,63.96689790281388,9.86853829863076,0
5.107433110653314,8.023889058406443,20.16768810144976,20.636138270609347,17.825904724154285,25.777719257885188,40.49561636785969,25.75572261549096,40.29466020983209,52.16219253015492,42.38686474746915,-10.569264693214802,0
5.543329956868012,12.131018968781484,14.200374607875984,24.3892995429933,25.85498622806627,23.78924317456633,43.29390615450475,36.568590096802616,48.66942886091884,47.27278299741355,51.36615672989575,-0.6570060637757553,0
4.665196965943624,13.218298090384671,20.237873728629296,15.982412731576236,29.895610630396945,30.16309668366953,19.94143646515761,38.88036110113193,44.33147698713719,43.54772878342524,71.98146577762452,18.14906592418454,0
5.816958547579121,6.891749363784948,9.415597452811983,24.73441257628819,29.55289307435291,31.162334346704487,18.190511148050085,49.87482675585185,41.191598662963145,45.28955564635957,58.72699049826975,19.274554523013247,0
3.3977727905020814,7.102160010897298,19.842638711267355,23.30520646005888,29.397337505818875,22.474157200147108,28.72005008113392,35.18725437827156,50.044214482912686,47.50521640133911,57.21468887587784,-0.7982007993665832,0
6.052969445848769,7.891996798335245,11.945634890160946,13.478680898585104,23.490227289629104,31.50865278785056,28.97907855745165,47.61616244377272,55.423376248444434,42.01412540801577,65.58118354893804,0.6558497043593925,1
4.6164174683557295,11.040708885661148,14.398738382647846,23.589035167975545,27.96064565018516,34.70936601846011,36.254054483018976,48.39907245854408,36.16587862220294,40.1517408050228,58.490498873417536,9.525309721136765,1
5.828033288582983,8.429200676607108,10.124355709472724,25.18410116408756,21.045331075217,21.73634530470637,36.48517426443071,34.95714345058279,51.5449275674294,43.256009944669934,61.47893301667816,-8.59463867627249,0
3.082343898760242,11.01399834898213,14.733064220845144,21.088004601003952,21.67128628017376,33.704126328421744,44.311110030009246,44.0399211561089,31.89088205526646,48.968955408633256,46.63228472593475,-17.074483042907175,0
6.039279534206269,16.012967248070467,18.302603996470488,15.692699770609355,25.85254205894914,21.67465846814213,40.21566877226335,9.655953977519946,40.70664076316134,37.03118214204239,65.55765856263726,-1.2159729300631157,0
4.938809219527639,8.374536684844017,9.985967584127485,23.76803049031092,24.315446148854104,27.112110864255577,42.26559167480112,35.83037580124087,45.0183903885344,34.699074242164755,63.57329454140056,-12.246833934807032,0
4.186613826584686,9.40438880506886,10.289122482440082,18.007319644243637,24.819861239413,29.4410692234803,24.83826010745528,46.54890746687293,54.59077343781469,61.61071617320127,54.05512804298471,11.347729678584564,0
5.681249860187814,10.342743151926005,18.43412051857868,21.41176060373953,22.04803499026104,26.655777649770343,25.77924225197141,65.01048067249397,49.54117172276933,51.922553242977045,60.78454014082181,2.9851185011520087,1
6.513672256906783,10.69164726529936,17.093967033950918,20.24694003253229,20.07158709627785,35.57339683992065,37.45233615586894,39.58729469010442,57.23745197069512,56.02694362370427,57.24476619821516,4.081018935689979,0
4.599017842575014,13.48765138553824,14.717269409110866,22.841083264921213,20.03887506871085,26.4086269307235,47.71161453220553,30.69531544626017,49.573159775032686,61.2882555218569,77.52665313423226,-14.396356093403538,0
5.4065504297694265,10.027655045381143,13.986598471421631,17.77048750601401,22.45554533972733,24.118401876679,37.38149455109707,32.04638985957254,44.58371011475945,35.636722922339644,40.58911156259821,-10.529325384111996,0
5.156431220239475,8.602220882797209,12.625689349774651,18.25241277094252,26.516041460805823,24.758094227814745,35.289414253011465,25.143159289158124,50.62696532423897,59.01760479509113,37.68650855247637,2.929985235033398,0
4.760579357950424,11.783212133940456,15.174904590334885,25.11933026473055,24.65154757489349,30.372057696879057,39.03302760088376,56.56986342839353,46.4044410093696,42.37080104273483,42.142973913745664,-8.800342642608623,1
3.384437096305196,10.61106571816634,10.753730460527231,16.877270109085647,36.58634075961899,27.760101429238887,40.42084739556668,42.86828077864266,38.204423293817925,44.78342549764722,66.81706348848174,10.10941862107148,0
5.527856452641418,9.467604544022446,10.061025477485469,20.61178074391701,25.408860432226646,27.02818366968857,29.039256186574704,47.133721608766464,32.22763370046322,53.29407718212946,42.618417233287474,-1.0809354340067223,0
6.071773158489753,8.105145753151364,18.575403125345165,26.05583507920494,30.423390443699923,32.44390619106012,46.19033143241823,44.04286120438583,38.3710889807877,28.15545664167916,42.323507901528615,-4.571171508911132,1
3.929856182075933,9.685639276561629,16.30303846089214,21.196327104174483,26.150610654806705,37.67370188738367,26.409764935616256,46.09172723520049,50.153817447566965,53.98223471487772,65.71900845732272,11.552057990892171,0
5.966010493936922,10.840653432348104,14.844786250105688,27.54130373059004,24.080505032135115,27.25626856085744,24.6059937856928,42.72062694166214,51.94246125554052,47.924532281709375,58.60898030415397,5.211426925410641,0
2.768975939039589,10.313354266817116,16.861259104947855,21.69483642924056,31.78421444069905,33.17223619637772,37.29421925299865,38.30852049444234,57.6364581655056,45.79665492863251,60.211899118375214,7.427104592333904,0
4.052379613858534,9.619824337264278,12.377581122332153,19.42432675125693,33.032694891094536,33.33434048529094,40.641299876708864,40.92609146074687,39.44908326409952,45.2195204829079,44.011324966976304,-0.8478534244932021,0
4.92659742686403,5.191862939006182,13.11472393185961,24.619588936340367,20.512118679257647,29.43212828091229,46.94839210243521,43.56042009724865,50.33926490883183,51.19893024231722,70.17302072517353,-6.189047513124155,0
5.4951537904213925,6.898695506593754,14.636593164023443,17.42583339763384,23.24006159822985,30.01501005274193,29.48050899755016,50.951016125012494,37.34002189181114,66.40558006327046,77.5574819386781,1.0591383184971068,0
7.398657714841955,11.189672296921746,19.51118240301438,25.46711892292777,26.071227486348626,31.49189219842736,43.80387910194689,38.43360808680556,42.72590652302672,52.60631386327223,20.860393363977543,4.777243751128653,0
6.206329097527425,10.69804589836023,13.76416976089784,20.080115972307404,21.649729083640413,21.15194245316908,22.974885369824143,36.58050796603542,37.06943190502263,36.02913218828783,41.98866743703392,5.26332631980447,0
5.466630646293422,7.965583415987282,13.955278657129746,14.902301510260806,25.36114505301501,29.37160959079312,33.18240641721692,34.96715828349965,36.77001572205506,62.859899045038965,67.64541019760631,-1.0718380142305977,0
7.9760114013433885,8.616889287209979,18.6824303935752,12.01520867395331,31.584777833682818,28.50083322637154,49.56406587679823,44.25984395326527,42.31224631084664,52.73115413220128,57.13451511465926,-5.896495116242205,0
4.234119198383456,7.717103749067073,6.937666054304378,16.903912427004745,27.469114723788305,23.262787574163514,40.780045831732174,33.25992844077208,58.75568604587178,48.95865433316915,72.5838003410143,7.666673238263672,0
5.850967602517629,8.15790295689119,11.45781065979591,15.38477707004074,30.68497580043272,42.84382133349833,23.80374162985503,34.6774835651434,48.78450319164761,54.549164434555976,34.05737898925159,20.2472793667272,0
6.0154816530360815,8.952953061770913,18.02369844160228,16.73989398430973,26.446314858906447,22.912644825678417,36.04150360256013,47.46017796245737,37.315661178251965,48.17216094756637,56.098879531264544,-1.441832246879878,0
5.675842945071067,13.417665262839392,18.813403176851,22.72223877493348,28.47568760915789,42.22654099926932,46.38730661176432,41.68810353295412,54.576413060817806,64.4938075926931,37.94991383346373,-6.249504718981188,0
3.526088928297514,10.995353278606457,6.178606569231123,22.18325869001221,35.63557852297308,31.832687496435536,37.9756153231199,32.60976410920509,40.4121264104824,36.87119228124013,61.35843131850641,13.464943394522892,0
2.6374296924735887,8.793457951385568,7.490444300532657,18.1882726748679,30.43114390361896,36.64755702422183,29.238360266229435,44.77684131560604,36.655498135846585,60.05033368960802,63.86304325297751,9.600883752200206,0
5.4926667190801455,10.165556413163465,14.961322675689832,26.186579547030163,28.53160393646396,28.062472539663183,43.44015242974643,23.649176144574973,41.10471541096025,62.9823561550256,44.60748882451506,0.8765456002859078,0
5.825785689424905,5.849109607397835,14.126618908631858,18.77860727049588,27.433562260804987,24.5175627817748,31.410688321704296,57.310098021519934,64.05940171104231,49.31180542469197,61.68694301007867,10.996600443584644,0
6.181523912452196,9.730454815705691,23.10716698929397,18.99253109165217,17.606340215773116,26.547464815476783,38.49569452658618,30.04759820198621,50.629378561738136,68.47433105259356,68.56213204524424,-8.822358496430244,0
5.533528629612452,10.632235154931074,22.75692208012489,14.74738128405805,28.183103990191576,32.7235030230792,45.12204628000399,47.090479288056,48.23293024312782,36.29703555776974,62.89353716038786,-12.693532418373623,1
5.0896672663830085,9.43134806621042,13.389576551775097,20.93252018290656,29.30781422386257,38.63231930626343,25.667480078212908,54.28933119675787,40.51552656545929,41.41512747527637,83.71027375507941,16.44238474762546,1
4.551459361168479,10.686923393794482,16.782344966207592,20.870063819904093,26.17980444192361,24.93867470228645,31.06522645221745,37.98899438824699,54.89724342112418,45.74430092966128,50.542548833708,11.448320263440651,0
5.567132505425102,12.657116847857148,17.010060510837288,10.95466212443167,27.83166116399839,36.245557645146114,33.20528381982956,43.872694014795584,50.53134760177631,49.10237638428233,65.38461175341347,8.850671896948747,0
6.105907450742939,13.154737657899206,15.368805266617182,26.5285775879761,29.789045253790285,37.29837900853887,37.703487028324126,40.03351389577717,49.90243074045636,72.20482144552622,53.238530709452846,8.174279003839253,0
4.343960719469573,9.589130224176111,19.30606102251408,20.341396797450592,27.95826086386437,23.161263926545764,35.32401178755112,31.34173606526768,48.06219088868037,45.67044541973132,64.19507106774819,1.542511664429256,0
6.209440761389353,9.950499575897949,24.512849747009305,12.65374428285104,34.18093038257997,23.98183868580566,46.52518332053564,25.99882670357212,52.80740020918088,49.57842711050694,42.19515483830456,-1.5746444396636003,0
5.02762123857188,9.041571578715295,14.931237482092747,21.317525493266988,28.321282404441188,27.14579716762728,41.35837679045236,38.79917601595867,52.827744638724255,39.87936701342111,57.729287657766086,-2.9164990033949514,0
5.7033703248355225,14.1574577534189,17.45825307590796,19.5647260272946,28.97475425888436,16.631395675706337,40.41713090759331,46.95338956021477,58.34813029178876,46.37827120744678,73.07906886283145,-6.161881228682645,0
5.6178650860014425,10.565628638402762,20.001434380690863,26.598691549249512,22.476000676060192,33.72411631531008,36.327935419088,48.96227364598914,60.081053190512655,58.13679652787622,38.187956602499725,2.135623561652107,0
4.604805307321583,12.91806739532052,18.34615767929831,14.496690342072966,18.88920461970196,32.24723052491675,38.42498184516155,35.57478427179759,39.558287280268736,41.73048524612624,43.84171793451048,-9.33168772247901,0
4.981798613639329,10.928666496109766,16.772252600492404,15.840276475741526,17.014939249484677,34.12499687557979,35.037781188172886,47.987728260237766,50.94474406649265,63.83100463281728,82.40879635310384,-4.853306589411599,0
5.095123724950788,7.513953410889925,12.627578434771351,16.386789154105973,29.789383057878148,30.66414195747879,19.186052508520056,30.57051654211442,40.21319283345352,48.37426309767899,45.45252336949719,11.757864633853496,0
4.155622068407553,10.14672061265835,18.29076694554039,14.220516354189344,25.27801230062393,24.3489167688705,39.60659906213708,48.93735232534887,34.27847550596044,50.25290352288453,51.881341162909926,-6.266218438207268,0
3.099921671400009,8.64259196416229,11.703814012419247,15.68386190164592,22.08747118521326,37.7430616826843,46.26931447992254,42.83902229894642,37.546586703383454,49.73793907679144,47.49963857589391,-8.133882272293489,0
3.238109755689085,10.142194038638513,15.94511923430538,14.625673964145388,24.22577590232926,32.908692192625864,35.32795704227342,46.77842424963889,43.03443309887807,58.05177562888912,64.57935977078807,0.2664700173544716,0
3.784247681843702,10.50767920125929,19.63663993868904,15.311882555869357,21.20992766935045,28.560993390706187,32.781165904887274,48.76154437566193,55.828727165221686,42.92642368221641,57.608526006185386,-2.178843688625504,1
4.453031029472973,12.533493829707387,20.15241886833988,19.59995650108453,21.38510600171732,23.63885887085107,39.44175344307227,42.683827658095126,29.61791012084331,30.28933487590352,55.09716764991647,1.3343963671500916,1
4.73134611963753,11.30256889602723,16.2726545727075,18.002419169812857,24.78826558865119,28.181227574310128,29.47480509899364,42.87148168047228,44.41737315600615,56.461004248691566,44.0128535216291,6.549966641646355,0
5.827867994819119,10.442055956354578,15.89820056727034,17.226653519907753,14.842518996390716,29.042250356141736,28.813870017636543,37.7609383414112,45.157821291112505,47.046622554534125,72.86619580561984,-5.888320658801767,0
3.126859458881376,12.311794244945482,16.671601801266124,23.421724620817443,24.75311709177841,38.6302650631103,36.64960915982731,27.69373621770197,44.56175101343071,54.63083172488328,49.97836136256325,1.530823970471528,0
5.269659879962869,7.947111386526306,19.554807577521533,22.14062642366136,18.03345216362368,30.170490593900382,23.96183272315949,39.46839845663204,52.00436131835883,41.23281375631037,49.5551957833072,4.433890435777198,0
4.561343920652908,10.51118203341309,16.29348316337972,21.87859219273433,32.28324981841196,32.57201083576962,25.87847083335813,32.62109117623985,18.58362582568042,57.96007507334534,46.16463617873739,14.829800162849567,0
6.03750067364911,9.916403766695176,17.40653384062489,20.359009268876854,33.34501310993892,31.30093282783668,25.11962049609602,45.45433088291663,49.65560606838192,60.98444290647935,50.34387317572404,24.550217239067827,0
5.375980655388721,12.582006345332932,11.752606060865457,23.204979988604947,25.2157970743491,35.30860346840341,29.07093015228731,45.84087061422513,52.60399024267248,56.0794006098204,59.17444172563221,6.894065909547589,0
3.684538006442729,13.6321024984594,14.471595497328732,14.01724269608935,25.61494343321085,25.446292096048456,43.15714532085431,48.73350891312387,53.72474394518833,46.23347094226875,59.78949815846709,-9.989147842175845,0
4.949099651067133,11.850612494021096,4.650313785119312,19.47381694522676,18.77283742619543,28.207126869411944,37.62437160295281,45.65696910438006,42.07192601301755,60.004999932538965,61.6280998096671,3.5268835255437203,0
5.221337124955149,8.445204497833277,17.936918393256505,10.724223311782811,24.143470599746465,34.51644997356339,37.46258699533104,27.023745658253123,51.62829547464605,56.66276369252102,62.55378494206785,1.0385696464622791,0
5.931145995510046,6.788995568539354,14.310893935134668,13.713168574627112,24.404458434127186,24.38553010451202,38.754531048378944,42.44978773865735,38.23844953099367,45.60477270040216,58.602633004420014,-6.850952510938586,0
4.363199540518675,8.920587481815266,11.922931730368033,18.90967672199109,16.80838971695099,29.67140455521121,31.39327683400653,34.29237254080499,57.69551909496748,47.2920276103044,46.09884160547972,-4.742368115561449,0
5.426690253997875,9.704301743535524,16.532454964088725,21.730837102860416,23.977652156912573,24.06769081101733,42.30417719249887,30.34165005506103,50.5322173919798,62.92518762788496,62.35414867102483,-10.592117656971782,0
6.444785342629335,10.56190453939395,13.907488339569325,26.41625389579708,26.67785461735633,28.92580098127768,36.7198272973102,32.59024059923515,54.374440759878624,56.84131926280275,56.44144331892952,1.2593340238931894,0
4.404805830892534,11.24265978930204,18.869607122058767,23.93426451090843,24.470841311622348,30.897309424501955,34.268524087201776,33.00387706234303,41.75428319153013,53.62602667454293,70.69314204782438,2.987121780395139,0
5.2168815625115785,8.361091613889373,23.36708383376104,23.443619339680296,27.39818913856306,22.4588032053773,21.971231490974247,32.33712708515153,39.84932336128728,62.89802377868206,48.52896852265245,9.80100564078392,0
6.308671151846284,10.986552100021674,16.555926095549005,17.856191700548976,16.093737582536175,26.47877291085429,23.659265045008823,37.67707399519182,36.50496203756703,53.27358036568158,75.77817138312535,0.8048935705713891,0
5.134499154654064,10.081335048333267,12.2610274403571,19.953446311866355,30.6648221129836,22.94211407938596,35.53240437519657,41.16563562704971,31.94434548184199,52.03623148063136,48.496699936163466,11.660502404430472,0
3.6572980413132807,10.1622378779376,18.82996259055047,15.478366996568695,26.26057723122136,40.00792296112287,27.79891497774406,48.315204453393946,46.010237000524185,65.01552891261113,64.57026976106435,-5.6567997211781424,0
4.366140922703775,9.122977924794274,17.207912109854206,23.22888317090936,28.53558752449868,37.1626939547985,44.26105346316794,39.213771741174405,39.89607721523638,48.61499554256207,58.5434344010316,0.1270749555303707,0
3.931303044267446,10.477087712162568,17.465397628625475,23.79950433544404,29.696543948271746,24.312424838201142,27.914474573018072,32.83849726476055,53.58790645155207,55.68941855584255,65.22317276615352,15.185879012883756,0
6.322628924975865,8.814943355467628,16.34193230418817,15.461036453919906,24.81322157193895,29.13126828731809,34.2329454464238,30.20813310599311,53.0024115990766,49.59475972698787,53.86237047100667,6.052367907705957,0
5.898834205534733,6.928366977331979,13.873856213067937,21.8274003033425,26.90545123858574,29.82929109972408,39.504675761861485,46.34931607210167,42.539279055215616,65.1827664946705,60.38623048295496,-2.428128811771155,0
5.457198279370451,7.888949587445706,15.0742848574932,16.296252088287172,29.121201139278423,41.798977501182414,27.359288332451083,40.876171471552695,44.67065587946401,55.23705558891118,51.53356976668169,6.066328319224062,0
5.263483757664531,10.8486829471216,8.955472175858182,20.506569202673266,15.968220346219535,37.34865571335522,23.120966572947,36.07895920940776,39.01813466226129,68.6605429927571,65.38853453621343,-4.972582060738596,0
4.765216445827302,10.790744000119629,17.759845513027088,16.841478609301994,23.3897419361668,45.12880685342762,42.46358176839249,47.35771167296927,43.75366596249538,45.9768560419636,46.32956320026095,-6.29357873250809,1
4.038937740390341,9.903258353577648,15.645368705589174,13.690254831869003,21.50201462710449,36.60852562428144,36.17572721413035,55.381981381304016,52.84815616259771,58.31496860768728,62.30944797278408,-18.17591704453881,0
6.417037439065941,11.38908117807734,13.605865970431552,24.53103731302369,20.55538674805427,31.757749299242143,48.039256888396935,46.40222855862245,60.58616530494371,53.41188062873953,57.039049957523375,-10.440652580174834,0
4.317991707960159,12.050303559358156,16.03098728457522,13.353527575738124,15.71628926481867,19.075788598399413,33.16194275385188,38.78030920126006,42.63681567345931,35.61201836283062,48.00698006725368,-15.528735798480623,0
5.446427943031916,9.770692307008622,13.473881001576384,30.15657178883444,18.52086529311084,20.255061858815,22.98463837244117,29.49225969220157,43.28142472432815,31.37210887396937,47.02627331307456,-1.3171916511030366,0
3.182064017844911,11.072196969256987,17.158241188554978,26.343721085584463,26.33625258668845,28.16716251674413,35.06203417734525,33.29987681958952,51.19897945312805,41.31783202954078,62.53968887724111,0.1663332659306819,0
4.895040209426472,13.101760584025586,10.031295665375804,14.430675212766232,23.59428684935752,33.29494863040739,30.157385470733686,36.21860886107888,39.66270170733094,55.92126992133642,47.4949791949675,-4.314099216959088,0
5.633401941729935,6.275975896105591,17.593009077659776,23.177562574886736,30.007920522988417,24.230711190356764,27.066629799615644,35.78441554668474,48.61614944607622,44.12173154955731,66.68736550720148,5.17364212011204,0
4.11745842737557,8.545420871025781,12.61114007610338,21.15036669892477,24.96096368263912,30.74987580108964,33.35845686426139,44.00524445827824,50.54488937290952,44.03619744627776,73.53665768114453,-4.524753464073824,0
4.61041817410996,10.614882473031084,14.52192911841705,20.46750585986743,29.14767207731398,25.14599252856462,30.63367695291711,39.96744915766314,46.77664307192453,56.70573995202217,49.95724437799125,12.040261818695727,0
5.431964877621675,9.209286113290476,12.868379093811043,25.815500273847046,29.245831153968744,26.30034292731141,37.652894437187285,47.95557381612831,39.46393226389228,33.06066295513391,63.23496370625645,8.228504235585302,1
5.895510367088364,6.49691165239946,12.055862955634252,17.91946506579952,19.548607912406936,28.825297418469702,40.73050095038188,41.47630529815181,62.309395720785176,52.58211864122869,49.99452332145322,-15.200776979560455,0
4.479334239091145,10.505094232364335,10.664676974640043,17.69614573919031,18.930330749389423,27.7283958104856,35.37394413657316,44.216394462502606,46.10833687289779,37.53615649874206,56.518844045811775,-6.704599285511686,1
5.258101740196493,9.82406446729068,19.77497648486672,18.348700760625302,19.80496922397562,35.754565836396765,22.36393336208084,58.98781858528102,46.041914173883534,45.49987450057287,51.47470506011448,4.277361015790982,1
3.944813308960586,9.778528139160846,22.004308185716702,18.972520061310743,20.853148316718595,41.56426614893123,33.748391312393245,39.500897214634094,35.761306097207374,56.8545083204052,51.08243280736794,-2.153101257237904,0
4.10036880587198,12.859585535163884,16.359490677063125,18.162662739505727,19.156685472118863,27.66495240477228,43.633529193637344,32.59897316476995,37.4402694859436,42.07113211084009,41.00679388397412,-29.27592034260685,0
3.607264390949708,12.156420861173167,16.08789976240813,19.29848977588237,20.401669900263173,33.112857089859574,26.96211821108576,40.29557878856933,34.14559614565491,50.89283885161397,37.444346136867935,3.591190109743877,0
3.517788435806813,10.113856005710891,11.000411635535237,23.742363622398926,26.76180145997472,22.001461872347413,41.64085888867862,36.31580525268716,54.80779502993021,40.0673544326039,69.98399157772891,-5.539016595424116,0
4.375362846700078,13.401804977084115,14.701732549962214,23.51036206157029,20.240477487624016,29.564743281709813,34.372695053829005,53.960295576329415,37.68027007397735,50.81648550736519,40.27743920863286,-2.235072455989428,0
4.4202356901660576,7.157802879175105,17.57788757119192,18.17305255443061,15.78714773262518,22.31804467226393,26.902537478560447,35.05099343231365,43.15873627068082,59.22332194318169,47.1385665783332,-0.8601419126731029,0
6.401578174847151,10.353852140553611,20.638184712855377,14.130446307426697,19.720298681005968,29.671961531028007,41.28490546205901,37.41828435405724,51.506717879352585,68.41197418773693,40.83749169697745,-15.72714864107544,0
7.757905878585941,6.661922765401762,11.97507961626212,26.51051573332397,28.66546441318192,28.753016145579224,25.14892634417558,41.36463830503593,26.881278174345635,38.40487263977698,55.989615487229095,11.808748595588746,0
3.720980846913765,7.519955532888233,14.020165826006323,21.137927863550534,20.82425816201957,24.925190962889843,28.718195903708764,34.65487949316592,47.02773133685432,47.48807073189081,61.312368778111306,-0.4622177919686914,0
4.254879601785819,10.145094963606658,14.155930603008873,15.092928521330812,21.470396174447544,28.320611099413604,42.62264620485142,31.290762273021315,34.394387868981845,54.60894891694766,60.93736108924928,-11.158076854646044,0
5.550097966778641,11.28984414286156,12.810567869487382,15.814705787852184,30.976477283974745,26.429929478519306,38.78137163939259,47.29609678031874,36.92980095752298,32.33278136895201,65.25408720487103,3.448405149856754,1
3.555995994748869,9.94558021175927,18.99139835272128,17.26570221340709,18.033110403159384,21.22001797588991,35.86442438546559,44.26385131192151,45.04655366894509,49.07168448606112,43.33975618506962,-14.637582539337377,0
4.74019603607066,11.158886530290564,14.058582890713286,16.940511386622866,24.06780161261705,31.58427411218672,31.17558978700933,44.75809959223346,47.77093446126739,60.44337546413251,53.464479032483645,3.847698256564649,0
5.194739126023123,12.727143280826184,21.813698413364424,16.745916742641175,22.365368195812348,30.84189923732685,29.60614346987901,32.80639975802028,43.64613602258963,40.371851438486175,48.82409280859447,0.5577027115034807,0
4.972298850220333,11.655692077218577,17.18429658810965,11.076866820044511,19.24250303023139,25.769153415242783,40.78837940546639,37.64959178313728,36.26631637464941,41.95900199138376,46.80880880813861,-25.07023238601408,0
4.875443906747213,12.360470268340787,15.214232114481993,20.460715095126297,21.44262430560908,23.04270121275553,39.0145963243487,29.780114011434648,37.62165712592844,44.94905742109084,35.615246195569235,-7.215474388000648,0
5.263944822130665,11.862708253276852,14.090275888301342,15.888174541288304,30.18878783618002,23.621401472818327,42.616657847734295,34.218367523755184,43.10628020526303,60.31223236910947,60.76379418446231,-3.801906685556008,0
3.7199046836656766,13.00857262649916,14.988364415573882,20.665399411151064,28.237650088726504,21.65801041530412,20.90548946838428,33.7109679753207,31.9801156796943,58.65854402762408,68.8012599318617,20.45794056923002,0
5.156503106554246,9.250622011296326,18.473641443026708,20.549893823547976,33.94580700240221,36.995039872255866,43.90920622183232,45.08743459237982,37.72214737168623,74.60612921888095,58.20031645723749,10.709208274828883,0
5.9382748606408775,8.530401677215918,10.613452131203656,20.80547158447605,30.5543138968833,33.34494863591791,30.47785513507432,46.327939746284606,21.71865205199162,47.51975186012984,66.71275185220495,17.895761118497887,0
4.761198669823595,9.777687276032024,15.760336596813358,22.90474680045611,27.39439343394745,35.56233446144131,41.76255680172162,43.460495302172085,45.097699944287086,53.10316224455563,53.9559883711218,-3.6951866125674497,0
5.325260802583405,13.619201524769071,18.69997075133832,26.739517072579304,29.047101161050364,32.38478266578755,27.063618383325583,41.30441331790715,40.824211543271424,47.19508255913495,60.398887617632,12.322905716535956,0
5.235699504388625,8.067064116613814,15.79287506124789,26.826637704915395,18.614678080372848,36.18024070937551,33.85782098119886,33.747405563942905,53.21126138339784,50.60658003535408,62.94034600558471,-4.691879331799248,0
3.597793459854677,10.347476990826632,14.987869929951463,16.781981857589294,22.88699488844861,31.013776170206217,35.8990859732451,33.10518362634775,45.77938653983123,51.18953351485082,64.06200861912642,1.9569690964562143,0
6.5902854976160015,9.3409722862172,12.885690398304456,17.980783076908185,26.300098236348628,26.06024209918331,42.86328737641547,40.32321962553289,41.70253654364761,39.42323251358758,60.04148390507595,8.623585390936146,0
5.510628620028457,10.134109122107892,14.274791597767136,23.30083006541613,21.133391749447146,17.16665909725719,36.84319890825173,50.881701869937466,43.44007438800138,48.58496200848219,55.586491740409386,-2.187017756080233,0
8.157910718643112,10.934284378157406,10.936402185618553,19.235457794678663,31.49045327610837,22.215748569827085,41.979369357181625,39.30377545475313,35.581943120620615,53.53119022855996,69.72432349827996,2.839304424163071,0
2.932909216032979,8.9123452091059,11.636409717734216,16.82984947205241,28.953264006034264,20.25750170426278,29.73666877619365,48.61980730789224,44.26560057806951,58.4185465490511,61.18755058864414,8.06279206659712,0
5.690877100783497,9.071801896848047,14.506099951063046,23.23841999750505,23.99343187199822,31.32055611215897,26.810169787597,42.9077997193105,54.96312002789677,53.77059567698367,57.05884202093314,7.013827023008043,0
7.028133724987975,8.814571003359452,16.668476846804072,23.446012520588752,23.8803535050017,35.816162003406816,38.74246239950357,39.79558342507552,43.38407256400205,65.3689160436016,58.83820152636021,-5.395139866373588,0
4.347158048685084,6.486317492230798,17.857833073214035,25.957201145110496,26.06769163760532,27.24461875861149,35.19723832189503,44.22916601279909,40.86775025156637,42.42032027287593,52.23788093814596,2.6630582652568693,0
5.2692217761837865,7.523187845734988,16.12483111399068,18.81759480164046,26.31542181361665,35.743835809495714,33.913721403067576,28.202560673746685,54.256347653308936,62.78031433391338,49.52131658202067,7.591071068454436,0
4.938199766326023,11.060318052535846,13.655403450525665,15.971254308860706,25.8169612232371,29.867240053666897,36.52630655920175,35.287341100654444,40.74956560334591,47.81032718637163,61.04389096669176,-5.91474915199559,0
4.458743775195379,10.434575478700138,19.641274434944417,19.589495304220048,20.63880786289324,28.71419844062357,44.47312486118524,43.2555177928148,43.15839970807336,52.80185969945899,53.00325343930727,-15.77204825186251,0
4.086164072071126,10.005243331698752,15.199196712420871,26.33032586996785,26.532836643656665,28.4479010988537,31.202811125928,35.487457194366456,34.31213827311011,61.66806568931717,43.66675490865081,14.23841441853543,0
4.356428899527568,12.063607252430014,16.50755452223347,22.72503661763831,29.03526759816152,39.297281067407255,27.70880756455852,44.935019634900094,36.74209998642589,36.11886539203414,56.94962779270905,9.138208365776448,1
3.705151496494298,11.139534038264228,18.721251059312763,21.084249633244166,23.702045774869337,33.90301597709483,33.75783174840517,48.63125166831291,35.445135120361385,45.178264546708064,47.490602878108135,0.2830303191102277,1
3.443481428766961,11.6301691472884,19.09143345516798,25.70782751155577,28.764489068195843,21.78174379373997,45.270494039436414,35.03290610740338,34.229656098545675,42.16587455855692,61.88100310069658,-6.831384115106493,0
5.473256309245722,10.863020545676168,15.69445826837986,19.32478362018805,23.4153988966427,35.07285499815475,32.893924561406635,28.652232197048463,43.08589932183605,66.91307561494187,50.17980047816829,0.1220758381243321,0
4.044935944758783,9.496589838338505,15.424986802281625,15.106564143979297,26.574520186122868,34.51449024036178,37.94678734126692,46.14705486150878,55.98206857877443,55.89425020961912,47.38089090470214,10.261560456832338,0
5.680460029645936,12.639236533808244,17.63769007711267,13.571343536171918,32.390041748426555,40.56253515775658,40.55927639158538,39.10976040305128,39.088248453148125,61.51481344072879,61.17164468328066,3.718151705002852,0
4.170873617244199,8.788092820271105,20.41234871061589,23.06389901186574,22.288855103879943,19.01570265448506,35.67861669222794,51.58217650502338,32.6748116052363,57.63473585644484,59.74012280472017,-1.9303442914370992,0
5.334784549877477,8.911454602415986,14.686968435323204,24.02236535804319,27.95891229727858,25.879591360590936,35.72032589381463,46.27674670281367,49.67453450966722,47.16375186410348,61.57826357615266,-3.134451883140085,0
5.733610554677479,13.329817064432676,10.651219253933911,20.638648732381625,33.1978824904522,26.310302866646968,31.74685390672873,30.95848583310943,47.50269371171189,49.046765829360666,57.59163227461685,25.2691163554294,0
4.686056914058749,7.775061194879125,13.397753736812495,20.61474970048573,23.52571376923581,39.45928651562647,20.432727855595463,37.09677304642681,48.84103451704656,48.90664107652122,48.49263872210034,6.070172121681081,0
4.106451479162759,13.342555534915292,10.350861353190298,23.63680867385767,29.98821071292052,22.474076961233067,34.82646568596604,25.28083345533372,37.0181865871475,40.25344706319805,58.185096593449366,11.582786914777262,0
5.6414260612757285,10.177048688616209,11.393893275966636,21.707534885562435,25.843417856355785,17.102487817980503,25.67148526028917,26.72872148262551,50.07707366530524,43.444373757932446,46.63473548474305,13.450040425651997,0
3.87428438677293,13.241805238262415,15.241649637032085,22.464533344828403,29.29123395699685,34.43642364462099,44.86225624905163,26.783113799143376,57.534506317289285,50.488551977480746,60.456890886011976,-0.6155570795791712,0
5.765642839865807,9.663620645857977,14.46319733939375,25.02659254415953,23.03798652871817,26.63622825552594,39.09444324921584,32.82838666116231,55.61832258271507,50.36522862638348,58.97593166567332,0.3190971718263862,0
6.531355722300483,7.295330380678401,13.028432599738345,16.14403274101446,18.176926312439697,19.332911152365323,35.23549259881407,52.76002454005887,32.981697072132526,56.81650186474589,46.1874825383738,-10.715830175508678,0
5.550485443603648,8.259126831707063,12.60748873057007,17.81514195683444,19.76376187207932,32.01166459068902,29.09777661362861,38.59517703174391,36.68196667777625,44.21867970706383,49.95231643798691,-0.4476059900937255,0
5.170763169519996,12.823296383675428,15.350984373821438,12.382126731398074,32.08308050322742,29.235789634143817,33.95808659281978,29.34339346214928,41.66904114363796,57.96943454334988,71.5146094137668,6.2409370373349615,0
6.3369267751784815,12.824303470234003,22.01117662339909,22.18673160573022,22.7720729660388,37.60801966631996,34.04986727750913,44.57836280350542,48.014370262461895,20.47155691170441,49.05510004402971,-8.461960749249148,1
3.990247453265576,10.844842144095844,16.06655821848426,20.48397315639652,30.285756585367658,34.90461982962736,46.94292089711945,47.39120419872235,44.11059959928805,55.897312747324335,36.68308919427163,-2.5039181578070053,0
6.704123015497567,9.56985509302202,12.597730997014928,21.83831202735237,22.90172124493245,42.20238932588193,35.96837393524802,46.42122440184178,40.49913840834654,48.84928398010967,60.029393091059,2.356828146624432,0
6.28975459993284,9.67703568692151,13.486997349371116,24.29075548788315,22.23260283310894,27.2575294788185,38.03720425138729,44.1501461023619,57.71337668281417,45.68784253368149,60.94375588457623,6.182378004967349,0
4.988081083846423,11.49306780942865,17.6286269100856,21.61983073646437,23.12767802736083,23.967646624663857,33.32633404217673,43.82287443431424,47.10961043750974,55.298342669700375,56.69133078067835,-3.68129940585511,0
5.143078296971073,12.66276108386749,17.353650347636176,23.498148789331925,16.90674853823493,27.41396252325068,27.3986388476856,44.6929080027001,47.003714213124006,58.17780194598242,66.2670007326795,-5.667708405132717,0
5.850582471861658,12.195343758504286,15.373472406156049,16.661534349104656,26.930905067862785,23.500207284509948,35.57823071207153,47.12789721458696,55.878644384166805,34.45092149382232,47.47526400960877,5.318329712103282,1
5.717121841499302,8.52155667803108,9.784760276917204,15.190008544029345,23.813247078524057,32.35027461726292,30.86794827740987,49.94113904708649,44.1844763207653,44.19205262890591,30.29199810137526,-2.958649749353828,1
4.7878883861175,11.109223187473344,16.95993378193474,23.34126130730573,32.13310147584208,34.996994774775736,36.899867559744834,45.70030108169694,44.961153883899776,49.07130351781127,45.12429847471411,-0.9340369294543978,0
3.916095847705072,10.573913758063078,14.520381348945422,17.268849807627202,19.664471619781487,24.716983267405062,40.054583487978064,35.130956966338566,40.39526806949629,60.01862115140817,61.98920158725312,-7.223159802976932,0
6.3341811393895,10.941105967580423,16.471185732548683,20.87215333851978,24.391829643631805,33.13238040848165,41.82549722450797,27.21728311031301,35.15331296275747,50.26691196958408,43.341712776874814,2.9822807930233584,0
4.886440699465485,11.393179911388378,16.695649070286713,9.466855764655223,29.421405301642583,30.580944979860487,29.88953282730288,45.653028560584445,55.16963266264267,47.2458671023137,51.870012607083616,-0.1811656059606772,0
4.09657246120261,13.15697980959006,14.1061750965578,12.963965574925323,26.39250877655534,29.80112838685986,39.66661463263302,34.63657516692259,47.834299184142765,58.90493406724285,67.41800857878614,4.735493082659928,0
2.9354736251515883,6.656051314304288,11.562837422913748,20.61813682921741,26.53716898836785,29.44637948109545,36.58888575863213,42.73123714130397,40.434208788157946,38.75337321691619,52.72411276644934,0.5624536211046693,0
6.672285970024374,9.06167352732573,12.752746790978104,18.304366533603567,16.16428565925395,33.28590852841619,39.276751727147214,38.227839314327845,49.37227197881325,60.27402578311902,59.2664169416873,-1.0185455386980156,0
6.983754913129482,12.313495540191656,14.42959504403357,21.95722083124283,19.379737395017223,35.19643846664283,42.08416301699381,33.396798635455724,50.37985344594389,47.242417751581904,59.40112900053791,-20.07786586182477,0
2.6750395456723868,12.700335182956945,15.997635951796806,15.129485485892532,21.619840974508904,32.06974412528938,25.47941045089465,54.34806096876962,42.36541559250647,51.873547579042885,60.30600055552934,8.152763683026802,1
5.908168003072775,9.887954488630616,13.328330803782146,19.159174919989542,18.888205233977843,30.684992505563,28.12578719334516,48.60421577014708,48.96467850567758,53.89053121256346,52.3803745253076,-2.6106198487094883,0
6.364699081112854,12.743694016433066,12.011195390128323,15.901492400267587,21.568466957972,26.225656964354464,28.104007504092507,57.30867690944231,39.42188937872464,46.03536067946608,54.821145615382704,1.4109915663872337,1
5.906926436497633,9.174529095241905,13.886379311989783,13.547132705179848,19.27150759275154,33.49123165181209,28.296347621442955,45.38828798659824,47.55801002479004,51.76536622610504,59.9105570305106,-14.328992688118916,0
6.204759591825102,7.163126468653177,17.10635666211964,18.633895805713586,18.920243437257856,27.24086513880556,21.197052897845825,44.60227371670042,38.890264825729645,42.45583556181101,68.56270711060677,13.839803627289657,0
5.795607986491109,13.037800643724484,12.447287247110609,20.14633828237612,30.59728215792251,30.218351128663105,37.41700416710664,27.34325665309553,50.082571230591526,34.86903243755376,73.28465238358463,13.87047652269413,0
4.771390933943405,9.924696580414738,15.66305668894638,27.582638019297463,19.83886528478109,27.884144810287133,48.8155239409581,41.63068240686916,60.83319265675533,64.57430049428251,52.735006929538265,-12.958124766902149,0
3.9377447004306063,9.485231807471218,15.355168290333763,21.47203098165004,25.737320060172102,36.68592560159197,28.202100642714765,40.872376122204464,48.541635670140415,50.75306129312092,61.466834102501785,7.49850294191507,0
6.386101605545478,9.057423453093769,10.879708821487569,19.12386044133047,25.5111440251486,18.088628382053663,33.90677894106931,39.67248827812028,51.42714282151163,44.83613622346771,52.80142987165255,4.692635372395399,0
4.809480329969197,6.7104080181378825,17.99972017524078,20.433992477246,27.328346253313377,34.46664791506334,33.006362279547304,21.446580782130425,47.53729072559868,32.81774552811552,54.81188856414816,7.4166656315346176,0
3.18836915667813,8.353907596634638,18.011982177580485,26.437959822087755,32.755707058687264,32.57400515236269,42.73686222712007,35.50875167617342,54.35132341063087,37.93757140983408,47.58486985601138,0.0713300612230243,0
5.810052353873999,10.389754412732405,19.872634717188426,16.694212755313504,26.62502127213677,22.50483201363004,29.112505122048645,32.08230663050186,44.48052369536016,57.40077358658375,61.86443195287584,-4.468960116162593,0
5.132071059930025,9.891019020785963,19.49438927716448,21.657457161477424,28.276955988448968,24.26586631892106,35.25602340050586,46.50897245831647,54.98320598171487,52.46041877050238,41.19075205684163,10.88155162636296,0
3.84884625980338,13.774413300566502,17.382791849786834,27.085335162372065,29.27452281688695,27.44597037553408,31.802533616160822,25.85866959825105,31.11109989235332,41.11132330919256,43.66650458487106,13.464470541316002,0
6.525984072091671,7.163069761144056,15.356904349098292,29.59898231536193,23.900839620867444,40.70807734027205,47.175190294807685,49.64226160070975,44.20506769574751,56.609106936783455,56.31063435589439,-7.506148472397799,0
6.030005135168064,12.487977767121675,17.395947528522335,13.296520090319015,25.427248453235485,34.56921118329906,46.24792363985336,36.05961491254833,44.24050375246559,44.538231320308746,53.70456146620288,-3.006685502684074,0
5.400537294304679,9.903567355808116,12.672017057666046,15.312752371027369,26.77748955217106,39.9067114730839,49.963134525890645,51.80713074195231,42.39570970204964,43.04883790848859,62.8372123639423,-4.399919511792364,1
5.100607820526589,9.784280480486158,22.29209693123904,19.21866754026796,36.508984742169936,28.63602029200813,41.14241932704137,46.38609248145418,39.4355616016914,53.87581198923933,54.22258953060362,4.701124405405468,0
5.345792997690968,10.666402404347656,15.164936073013513,18.44463929224369,31.82766417017012,33.28651935987282,45.08285289606512,38.73655778683241,51.016473872160205,70.08737866471401,70.83589157427427,-9.190858989761905,0
2.8255894752074653,8.566540494817595,13.240328279409209,16.360853730229024,26.957859325220795,27.089402453108903,47.945019621151886,44.841347517997605,41.40995313992824,51.51484966611324,55.061330570663024,-4.839531567472033,0
5.904632750464268,13.262367712447736,17.29530504760857,18.25052625628493,24.57862778037685,26.46857065794844,38.32275023094279,25.795209203880177,45.01097262335524,50.9145825267567,41.65019969018762,-8.666960461297673,0
4.322765241450994,13.257464808831273,15.636745929035134,23.852345073569744,22.335557369125738,36.28904777747595,42.51151598668592,21.950160457214068,47.86810391714491,43.99297076463856,69.35284530197457,-13.30745468818326,0
3.1131197969616253,9.144358452781562,13.11535358295794,20.55994661729665,31.2772192460274,34.194155088975286,35.95453523096362,44.12382298961813,46.4103447353292,53.40952830783432,46.3013996785916,0.792442854779809,0
3.882867649823787,11.151030468500243,14.869430835382428,19.621703315655097,28.361394505954223,43.30908994231328,24.843383732808483,38.55775808614906,45.03152990878503,58.39223753454387,60.602315563609366,16.551874885045663,0
5.005471698273978,10.489202938229251,15.088817111825398,23.08247651414776,23.11649601850945,34.03997169570555,33.25359417633133,42.058092239476096,41.975748890660284,42.30138971398146,65.47069489183944,3.876766019319549,0
4.818099493478494,11.452008612968,16.401603941961586,20.696674195480085,24.53559477543056,25.229653123795,17.549301780346028,49.62991684039679,43.61258366338488,68.9412245011379,62.17353187998517,7.595900672573253,0
4.066521868786445,11.102851965572103,11.018559769327616,22.762392914879623,19.882016258728463,34.14050296007247,26.38399743202411,40.74475933121246,44.82631832320731,60.71833969897554,50.71666228682047,-7.374386715850084,0
4.439091994847804,6.998162471890703,11.028607337925443,19.778602897733226,37.32582280082384,21.67793609539333,49.331278787650525,34.054354029611225,48.98147321926093,45.64318853500835,68.2770549049342,5.498426655260924,0
5.706857655733249,8.223323789968841,12.138142064206596,12.438126797131936,17.35486663782641,28.417182533170955,39.44891997976346,41.70218984368121,51.60715508063968,47.39065334348437,61.589642753316994,-11.809494394439929,0
5.319280588412712,8.740920457321955,13.543641558615851,22.25431384964777,27.663943613230813,24.78418115123389,36.998548555232304,40.45892783936817,34.12121940959717,56.00302125167317,52.44870313490701,-5.248919119597183,0
4.4750869633253165,9.634476177685311,19.246565767495845,19.76242547652355,25.45585602256555,25.014749753463803,40.00631177314284,33.87106714963717,48.63937085141755,53.160636799411726,52.363347650700206,-2.7000021082394547,0
5.476086531087618,9.648216216770532,14.072484720359045,21.35257890592646,26.369169592079142,36.10213706764604,35.066393803117386,34.449395754775864,43.75844904528183,60.594444851182125,70.83078765707185,2.5065468346201163,0
5.845043336887191,11.357874159949128,17.38517671858918,17.32348941360143,34.366954224969234,19.445208813241223,34.467951466947724,45.30087367579935,39.03526234459534,68.24651901783102,70.02362791448023,7.844441341354487,0
4.791945339871706,10.547817636278644,15.600326505991523,16.541877872638054,15.85283702494414,28.38929402782616,22.36416108281083,44.86029531641969,40.08953888382922,37.98707691873054,69.5088958670157,-7.928479568378938,1
6.299343211551812,8.242614719843765,16.80645489666033,17.4062609034006,29.59254353530698,27.634555567663327,33.71037971170588,47.84106249161022,47.28420913151204,69.83943709513129,58.73883121014367,7.790812586740005,0
4.291455698959832,10.17747689249234,15.282055225160324,12.869969019862612,25.077682428334587,39.03119917345365,36.97733338478931,35.47732359058631,49.73949509172206,44.910675659432016,49.30808953156936,-2.623793119171875,0
5.531003012660223,10.328744166519932,17.526016252217676,22.66594075036328,32.70567746335722,24.21016254229169,33.095415865429295,33.28738858244364,37.41236147713019,56.302051385328525,53.40740572060192,9.416702211444417,0
7.385861709307047,13.879662859544156,14.412501767212966,16.048721251067377,25.710509892987897,37.66177936281673,39.18349998646609,34.186996537048714,42.76750216638403,35.148491212327784,68.92251405940169,-0.7422857053012486,1
6.116864455002387,10.442159413323091,14.018864605834514,22.96294149414867,35.94656206264783,35.27080112131665,41.04605338734697,44.68394210448868,69.58538644170596,45.95935860706616,52.12527085261089,11.383503153110752,0
5.3334316792563214,8.992938772886891,13.255278820288888,24.588355914604072,26.74652415630503,35.64344550448544,29.978828804052487,51.53213071707367,53.8106857799921,37.79811453891261,44.33042140793454,6.796191992625356,1
5.186284346718623,7.92394994427457,12.237429848113552,20.888245140334217,31.276764802176423,25.461064419441183,30.0787497483786,45.07875103341274,39.104425443249575,66.07147431302363,52.28846613135019,15.8729045199979,0
5.105794600008953,10.57585520403762,15.451454801290865,16.291505816391172,24.68807825737774,33.683932426979595,29.188159675305165,43.07071188954773,45.649096466748745,56.068741493693445,74.77248853464954,6.16199222863993,0
4.466448063572579,8.752246968772916,13.12921794807573,17.17113375438024,25.36667196842481,34.77293667732113,30.21708646333954,30.256446824790217,34.33361546896317,50.27036615041001,49.94115442990012,7.570476960159532,0
4.797781222838944,10.191124683226786,11.370550902104515,20.98026338046619,27.019551473646167,28.03401039768651,36.382513189254055,47.93523989020302,37.17584281875322,42.20834304279157,51.76710348575836,0.2674433539095777,1
4.435124340346482,13.74837597322095,18.77419530573688,24.892160398715014,27.6614641004009,23.10809121232109,28.47456320798176,41.557866323214,45.4421539526296,48.0868216148624,34.34153597470089,6.811851182937209,0
4.727199860907547,9.842930838862042,9.305529511933363,23.39974566494633,32.277281211641146,41.41262981614747,26.6669064994869,37.58153263982398,51.34330687458151,52.85538754981173,64.31528505914928,31.23453192284257,0
4.112839183823654,6.510512100086107,13.976747752231317,17.037712088125517,29.40870081593652,33.2280075872901,35.03782382600983,40.26229683303292,39.48379014844288,44.35836397736404,70.93339885713033,7.37140051660874,0
3.547609091455,9.671124256131908,16.13865723502384,21.946422938208404,31.181002922759763,30.02922790668276,26.88598823907355,40.58370352243884,54.8375654422327,38.17904380786275,50.6797742663957,6.250927946231538,0
5.247925470627517,9.363220270740271,17.416256695944202,18.3309690351934,24.284862204329624,16.774628279621368,36.06287606277676,35.850548263426255,44.05654575483206,42.6509637077917,53.53261922961104,-3.293061508970072,0
3.528373270341288,10.395813705177613,13.530758710010904,18.808305213226223,27.884264835972388,30.714611979102862,21.561084844496463,35.67098083650641,50.1434771666606,46.1781989060697,61.97725803283452,12.983807691295349,0
3.921655122301037,7.807552833007,15.479220644400344,19.43885888243668,24.59017872193846,17.835351086968288,46.30638498149068,35.313986765591395,55.50979878620608,48.96525909679119,46.63412151223446,-9.365286989399351,0
7.145794731222301,9.329565874292856,17.853264689053262,17.174296831454775,27.81454001491802,39.778544136424046,31.482597083961068,40.31851586055276,45.93840197021844,48.42291566660067,40.08255723008467,8.86777874440983,0
6.385806315169706,11.202564647163197,17.175688441625677,21.141553195284,16.737606684205705,36.81473759744409,34.642337454847734,19.48713074309313,49.89556854695164,49.15764140369343,36.11509984245866,-10.204967503163578,0
4.323992682738778,8.57424224091074,14.591894086986462,14.402903601236655,26.3998122632704,22.925575682849978,32.61470491477283,41.38241464464031,44.32643677743618,36.768302096568405,55.297302197913005,-1.3440459363571051,0
4.527084696092787,11.305177268443334,14.055182471930216,27.943552596490893,31.693162115103902,26.032597096208697,32.94416653952928,42.15685686437179,56.34467314377029,48.92567428305352,62.08732780944921,12.393909389343689,0
5.469493385327215,14.906022545259152,18.32090804480375,24.5357144841334,27.2729813151379,27.34254616584189,31.02494185499102,36.68699507099798,30.11820217523659,40.75248002430512,44.87855640966578,2.385142112845595,0
3.779873334654204,10.449916405750448,15.53386060561783,21.701391841740783,28.244003821099728,37.95204766415471,48.93346360874667,43.56983189810495,55.80604887941926,64.65385139525098,45.50124470108515,-10.382477273097162,0
4.648134870524636,10.595612474195258,15.610579779802128,18.40032521908925,26.18261394708773,24.0929280071761,25.63633881542692,34.15991682797249,53.35096251166644,54.04907955918021,65.94926493669828,15.073692217882323,0
5.19974105307707,11.08160456153107,11.596163454496086,16.21121869833648,25.90410978783329,30.46827613945965,48.48877834670972,46.670886582287125,56.92288914078613,52.50866975457045,57.77458180253021,-7.1810810726433765,0
2.911660723421664,11.765218005488965,19.07842358928573,24.340771347609948,32.75747856621876,33.74112014868169,44.626176737946494,42.3312380177864,33.61484447707906,28.08333348149337,48.80943553261341,-3.881648742613131,1
3.793693338993335,13.372479664542968,15.906672896047372,25.22957719541181,21.51539191925584,30.034616580496976,35.90809030470912,34.92065588502016,53.400163324666046,54.93046405420899,53.807163556629874,-3.9121635134308574,0
4.307903157291076,14.645823648304043,15.033104885170037,22.29758238091205,24.846849829460265,34.35231212311536,40.59569537694992,33.71328238149343,40.58469076190123,41.25494970527556,71.80854187602932,7.452913137555813,0
6.021479195844041,10.765823476742618,13.454585417391089,18.7808314658425,26.148921297718907,23.976769830962542,31.57313184602762,41.729181931803005,53.63738939667412,44.71070109542052,57.61290986681427,7.978237035829052,0
4.7581404869473705,7.81579355617453,14.343742285212883,19.072774556133908,27.04937851764009,22.83019173221717,31.814059211144595,41.48036670075262,47.99303243823588,37.09098598505986,52.42999951261345,12.549779398632548,0
4.22146133076559,9.357827463149691,17.58681489153672,26.077029760987305,24.02524780278448,32.612172693289565,46.86162926219891,29.201091778300466,37.34603311355054,61.49315886789724,60.14329228753672,-3.425769883994157,0
5.395589934548677,13.1987158530032,16.09289503042768,18.400564344683488,24.55630699010064,28.99877796944085,40.59256176560393,36.13935717279586,46.93253265707421,36.30176350021237,49.058621751685216,0.5126716780979272,1
7.881250336192962,11.086644938666623,12.831913312947195,19.969975864266125,34.127319804485005,27.86624430995721,47.942707546989766,28.730859460227435,49.69825645171007,49.7704515043699,35.1523914886489,6.081651058565851,0
7.025681317504098,7.80612873423704,12.794687067557003,23.397676989196466,22.07436338320965,33.52923445888645,33.511059315551,44.472159131435305,43.53487275507985,43.9396659209211,56.20746758500995,-2.565839640525918,0
5.155906305419504,10.124528935487907,14.853726513640089,24.989245027379887,25.82962478055396,30.763043540343777,37.0733102174338,30.912055297356865,42.46495308763846,43.68154018371141,54.04727572799696,-7.127650268466498,0
6.116294371481767,9.33865758741313,19.19228974110412,29.619033579475825,33.14823965133992,24.11674990257709,27.24819282899069,34.78582097203475,39.06446904211928,49.12256937503525,51.00734591047737,22.41352245268236,0
6.121422808810643,8.598018599419026,12.547481982332604,23.84257766515498,25.782082201020685,27.450254969981653,31.309289795361,23.0707472491016,31.225139884500138,56.41716776608549,46.76474230961946,7.533356798490553,0
5.877342649899544,10.866668524918277,16.324378371361966,26.08791849400804,33.063265761915105,26.89537205361489,35.20010660267515,32.97045667261056,33.08410744975797,48.864441679716805,59.02185074423884,9.627067785464488,0
4.604752390568621,7.878092401446269,13.48710996640745,27.450028991702087,31.69238199514529,31.843109579837616,34.92735439595621,41.50056950579951,27.94513949021944,39.73979375546101,68.06016742570684,5.079229426424408,0
3.317571415370067,8.955430351334236,18.879890220039595,14.116207683944214,26.50764743848932,34.4241369658253,27.76373381830226,40.023807419637976,30.82273320877969,51.866390825394014,58.87785196620128,4.36928213421898,0
7.059413106813434,10.266653930477927,16.1022345340767,28.8153605031916,22.860188114666943,22.758342936750505,30.568674877053496,30.35892518622127,37.43314088509886,55.30118026982319,62.66549124798281,4.075281009254249,0
4.844152126768459,11.471908684964784,13.142771794946734,19.675105205992377,25.420824121639843,34.17728094308229,29.418605755818835,26.424794813607623,31.91326439862896,44.05027525228231,61.30964337958566,-7.79886167660349,0
3.678486314612567,11.402064422290923,21.041308698014667,24.92866506536896,25.8458118791531,39.4378199120814,50.513994284445765,29.11419061295132,40.922936519207,51.592841261522096,36.83824485228929,-14.110404681141484,0
4.3883205652448165,7.634106014015519,12.200088748931336,22.11326127059272,31.681986415977224,20.27293047583232,41.97787483682672,40.89130754549601,43.935262603937765,51.24952781273989,49.576422856485,3.996891440898112,0
3.3763868667502046,10.171109708313656,22.69824382179016,24.693941520001424,22.05837280705094,38.63811976273466,31.798054984911392,32.64775967148829,51.2029328928295,46.7008107619427,53.069650030777005,-6.874777478637815,0
5.98115599624664,9.497467122748498,25.907054432304108,13.923337464013663,31.5328240115034,19.868319554082458,30.64942441894042,30.111386209876905,46.82272433506533,44.392798122947084,41.57532258709767,10.542424900193009,0
3.1070128790315463,11.77581519415785,17.478294078955457,17.356710690438433,24.73809480647978,34.894136328517746,38.00379578166972,41.66084684500516,46.92974708401703,47.584809979993295,50.60692287187381,-3.72656938681651,0
5.448711018125279,8.040072025434695,10.923197351492542,14.620173957417965,27.727117095755546,40.06525448439688,30.016768803687903,35.14005424911444,32.843281038406246,27.55638106887188,64.39664367906232,7.367443203377983,1
4.98068499458437,9.369561618946916,15.560930394135283,14.035677731686777,21.65919466787893,37.56560925298991,45.75754630367415,24.14850624191648,42.09687013794751,37.3882369268622,45.62371526649019,-15.992566731804764,0
6.1054648063646,10.439013654336044,14.079765425825212,12.718033888101676,20.23667645468916,27.80202292956908,30.498666341682323,32.576765318987896,37.892898453803376,41.42564185242168,62.246283728371886,3.5409246598520223,0
3.724258960568872,8.275836087933147,19.5061332819844,22.96628885469382,30.272665493453715,25.26073493087715,34.965112188007815,48.709826346549946,46.42053147218756,45.58977047430768,65.85639200657077,-2.577925401963902,0
6.857598112129809,9.411601915755725,17.63867269067923,23.44913772039852,28.94065049075198,31.400584339528823,39.73766465534334,39.88046391621312,50.218001094828665,41.37729937065201,64.45087893254454,-0.7219952053225909,0
3.271448749432042,9.73798121116248,20.24606664703734,21.361140909572832,20.87256987729213,43.32082526891799,35.60692970283155,34.77778086289219,41.448503596484514,59.93682484700819,52.09295381278811,-7.496042040697233,0
6.1432119526828055,9.654532334249534,11.564941374515584,19.94142896699209,32.260206648657245,31.916809343482985,44.11162621544002,55.87902283049152,37.28261203907613,50.65536068022328,71.34531995429339,5.05750232296359,0
4.7968181645161945,9.171475269394046,13.456153098398833,12.749204689419226,18.894198146684097,26.52153089902022,49.695358623400594,33.62778939894481,42.07220352637417,55.66961437379016,56.1947215381309,-7.244112218047849,0
4.57646471465332,7.805659752681665,16.017110719976856,17.747813009940575,31.732384399440093,33.94445898043726,34.77549114274058,35.40297156431982,44.54937777091854,35.166486978288205,40.806955078658056,0.6759535939056782,0
5.545777959730423,7.476849830121956,19.329928111192096,17.985635226743725,34.32365086400147,29.837052422431253,31.98700968550377,46.4450369060545,38.58226515907077,53.822849224817176,59.24230385104265,9.50769158673645,0
3.989520250283025,14.306685491620415,14.990571335772769,21.69826490316348,16.631283646962846,34.39903743017726,40.880979453190136,45.74073742331066,38.64439042826638,40.86139137455278,58.84524755170864,-11.103439812051208,1
3.684855000323791,13.343568302444051,14.612602059291495,18.022896426853592,24.655286236245,28.21455735863701,33.477421233638665,22.95792415326481,54.15192670678847,52.231842203069874,42.70178415536752,-0.474978905361952,0
5.4499041551363785,13.309072077663114,14.111249597985706,30.63435350456375,24.53639928161248,33.61930133450675,31.837727085332507,37.68839219092478,36.68934095263001,52.35913736374319,58.21704209711904,6.120246493457153,0
5.233362475768606,10.567462788553362,14.65051055949134,13.083336220212075,20.188416995845014,29.42744577666007,24.930444995208763,30.676746033598853,24.82775466956626,56.86095053606934,52.54456726626162,-1.751789048129134,0
4.917782980769648,10.14721170822997,17.05269474055593,22.254154026631745,31.19986697524522,29.55311893211562,33.07735378475112,51.56505551565754,48.747892412290064,53.74024166735732,56.168450726854985,3.1686870954455912,0
3.1171282182005813,8.877903281398094,16.011159660734776,19.898087907428383,37.94737060636871,36.85211321511866,26.738766388399256,52.95305127824756,40.26957803855746,45.52331795422655,57.36540245921256,19.70553775482356,1
7.078099558416422,9.194163036152611,19.53290486117108,19.999937865324533,13.78846981565258,20.693140735601062,43.07679966590528,59.82209793205216,49.78806245948287,49.123693928029496,64.27240591193026,-16.007279136853505,1
4.422878096798589,11.644014983733078,17.253454547209053,16.99102562867938,28.420912884247112,28.08227944946233,39.87823382218339,40.14863277699022,50.04818834775804,65.26627612664976,56.01909992305262,-3.5953475247617472,0
4.07400759413984,12.152236924319151,15.8965587579441,20.72554320236544,29.96084716565188,36.57380200466018,33.75682755320297,34.08664219080319,40.90965941930309,46.548260102253465,61.29222369242424,10.952344054099754,0
4.5390222198133765,12.762313865197566,16.312731187346593,19.48928551479035,30.15989117510792,32.05212016757402,25.599641289727728,32.18281972668052,26.081172305566337,58.26982617083444,60.96394451982432,11.80532910666284,0
4.580184175722117,13.646246606407775,10.510027819310547,20.676249456784948,29.37833896410984,38.71906919981353,34.72798849519427,33.88000139448293,52.58320488425646,55.24544948499027,61.79500132372207,5.333550602570595,0
5.710689332193519,8.826839132347581,13.59331255091556,18.220743023082555,22.03961847924552,36.6536554669,41.68649082754898,38.44789243873085,30.791944804260027,56.14009414312491,49.48976438186504,-6.904580831725488,0
4.609885664063908,5.054659380075334,14.132769281948102,20.27413177067116,23.19909962298213,32.16729432291223,31.519656310738235,46.79971078270062,27.92304610068037,42.97906645084024,61.85395256664171,5.94961946624869,0
5.537269857996031,7.036696657279613,16.976172467761955,19.802078472983684,29.53999571339776,25.50463903402627,39.059525898776,38.12063181354368,51.61437282410227,41.33892178635661,68.1094244420099,-1.6806507526214864,0
4.486349167421052,9.660959091025363,18.536747278642864,19.78349359508705,23.65378599872756,42.97125567396249,33.791218524476015,40.60505925258804,43.2327679291797,32.88234473502714,43.63142189602296,-7.096663685059312,1
4.023357149575461,10.532033713955933,17.75386672359219,20.050625386674447,25.55524550628916,25.49812769628972,24.59722587254,46.226135954508486,42.9481139682155,55.563957254931246,56.859240875768926,10.182115792768682,0
4.142029507245716,11.020428169772227,17.51416668794275,19.160397236316683,29.43405818727487,32.70933788292815,34.719220214881624,26.26700124755265,31.982496239346304,44.68961237910078,65.80002794826744,6.994137988235325,0
3.537557536709635,6.281300772273946,13.329690697707491,22.070092844482968,26.46479418994409,28.46771743714321,32.38628486148509,47.13248707627924,46.51918672745874,69.36085290665505,52.31457983630884,0.5946730458641625,0
5.982004438625858,10.36196721534922,15.080618217813294,15.967369995766234,26.70028189955424,30.21033743244938,37.13482472314752,41.590994997931496,40.31167582663603,24.97850613525108,51.06603632986796,-5.0523185642262245,1
5.683103846754547,10.575228556821438,15.758831220027602,19.428864685959752,29.007587836154222,24.5821204249774,40.95090136071456,48.43379361655433,38.31291737289243,55.23824360764251,39.196548506340974,-3.423941069617578,0
4.081995695248464,13.269662866526318,14.611523257295158,25.98668244035834,21.17333698242496,32.820800637564766,40.59267329796564,59.4914625843868,56.52613954688276,43.87782158744284,68.22754144598076,-18.81811813792146,1
5.159448476535428,8.00319798839887,17.272953586064553,19.505094163476176,27.96108557171593,35.91349587098196,28.85803976798499,50.77246959849954,47.371872382694015,25.614015292338262,33.881884929366734,6.380630351789796,1
3.82486083382224,12.610800358317922,14.759915777640035,18.859194726791102,27.82889852500695,35.385671484721875,29.86608188539861,31.858626870163143,41.63924914882886,59.93966511919759,58.49067110203436,-1.4192773379599275,0
3.515715524009789,10.571355717621408,19.374059442847656,20.50441404452977,29.331278024726743,27.36380395991385,37.0317925013335,31.64063882105946,58.85550561416272,35.98663981842871,68.97411535702037,-3.8585551917021386,0
5.593560451636657,12.528478636418782,16.861586723490614,25.03476304492976,34.35174688094442,17.06094792490108,41.23350859682176,36.05681635696994,46.96416250448769,35.38501734381492,67.17252797233536,15.413144309106643,0
5.613513930296532,8.490024894817001,14.13199541032806,17.569654457680617,28.76688667746887,34.67604733302743,39.81808417098726,30.21032750495061,48.524802336928,57.51425362064446,64.19367437975265,0.1317256368326933,0
6.082339623825526,8.946197949902505,16.354990578642848,23.88449961601109,21.74486447754815,37.157593601521896,35.556059562480364,49.2770730258973,33.42378168791335,51.688014122293474,64.80492981363827,1.7085435810053866,0
6.224086043020893,6.699105052811414,16.68587089314659,24.79190286455107,24.70709885712892,30.67374589360808,35.05558203364253,40.73091437778953,32.76860702909092,35.273891616259995,59.397181891933066,-1.1204747548057783,0
4.641792135017521,12.280580156122618,18.601620799713167,18.89383596134556,32.19979679606551,35.420422459521944,32.651739319471105,46.96426838357061,38.67879796138368,45.99519441688554,57.34887540922039,7.712870370398805,1
7.058532160807175,7.999854136982813,11.334662160677434,22.27785691825056,23.597152059321274,37.64151883574663,45.38417528128407,50.69112003687528,50.22901345126343,44.75002164137746,65.24868077602929,-8.264179863197759,0
5.595194965869741,12.419229627644224,20.02268328321109,19.6314427321448,22.65911590873227,20.99217054566117,28.27663830391993,25.528521932682423,40.22400249203118,72.4763551736857,46.10550355494225,3.142087076795348,0
2.61188642661812,10.106214575823955,13.240436410675466,20.248622158519083,31.323808992676664,35.0000439214571,32.737749978105704,39.38663276163407,48.71007701559916,38.98484446228306,58.13439886973646,0.8489859945987837,0
6.70320980539824,14.344639985306191,14.496434737438442,17.283971599128442,29.53612480210564,28.04744728636637,35.00944809378231,25.59280580426281,61.06782075797391,49.60688720709624,35.448363625747504,14.67863759561475,0
6.053075559337443,11.704563739117074,13.252993662512337,20.4836912000634,20.41793765406444,30.08373565248344,41.97187312182814,34.467208254701845,45.17390139283405,50.91267740241773,61.49642774557847,-12.362899481370174,0
5.229321565430301,8.79689797463988,15.301859404968535,25.050009660956448,21.09660259048393,27.772053588394307,29.42670538906515,32.83638900942595,41.68625143133925,60.91810731865149,63.683810512406026,-1.5116958212681608,0
5.859900687483942,6.938832501560967,10.00820010095246,19.384603929937715,15.770685053267176,19.71964005567171,40.837905104712846,37.222108522817805,39.86103574149229,60.30719875960231,65.27666620536027,-19.84611127927184,0
7.015987471913714,9.640145253170614,15.53858516775849,19.368805453529788,27.77814572190088,21.68427548685586,36.4160305304224,44.61441850029759,31.378422245249325,53.80469715465343,38.970470300221294,3.935222916464952,0
5.871452899902935,10.050162482781593,19.02790895401353,20.02709667715198,25.27591517578329,25.817388056038936,39.41104954039362,27.70059060685924,44.71601840234528,43.56786761525888,41.40061411912869,-4.467394346164304,0
4.393153158391537,12.879768944944804,17.25689009645105,20.440507100565043,32.02741738107463,36.06374708705397,38.73486085432642,29.46112508074887,45.0127295521022,57.5682567626578,60.956124468683065,3.1073882755493454,0
4.530437601600503,13.897865569349626,7.991302194064402,25.690786028180195,30.701449343059608,12.180717918500315,44.61838821780715,38.28068227319154,37.25490205663359,51.312246298850624,66.02191440180457,-3.582385832822429,0
4.313082898694267,8.242473048839415,10.641346678867126,21.53317142182693,25.34836296786514,37.61242883878974,36.44084299780072,48.71468058128384,42.729459315709285,58.42875767688422,48.82135390023929,12.134021185488148,0
5.030211952877477,9.418822555638272,13.096449377341475,19.941825697830712,21.881264627640256,24.18032325796331,38.0343349695834,37.54185279047911,60.32326091083195,47.932835742024025,66.5185448586052,-7.333774911768816,0
6.610861368218638,11.031907727907717,13.559176079762524,22.142288604889085,28.6566406197066,37.49513842131212,20.784177126177184,26.000086110176937,52.30101836694937,35.14888540511703,62.15226541911389,12.561279457633232,0
3.107305724611214,12.086566432607832,14.371144647352756,18.929090692104364,27.03636462921529,26.80784285990655,28.67327057039552,33.597942289185426,54.45281484744494,39.63593350447202,53.24096956101767,4.846641784434189,0
6.313020315000712,7.33609380717164,24.833730776428084,22.581716672848145,24.87088529236585,27.86525433568331,32.76566824702593,41.844880039977774,43.89874186771229,57.53633266907271,47.54207262442196,-4.369850288449795,0
2.796466909999718,10.630589809783716,14.56980428770994,17.832751450034504,22.314641630827893,27.088698542796227,33.44640999952946,30.62771968675014,45.92362980441688,69.5368188604644,55.81135423584791,6.197754802782734,0
4.106343236418848,12.001611716427387,11.754909070354758,15.322740441816412,21.652905411043683,21.648812352831243,43.66146477276541,44.77651537229762,47.421035468293205,42.93427081146452,53.57204656090408,-12.91948110691885,0
4.407160544297627,11.344869083071504,18.58398991049866,21.20221112729656,19.67444159488469,46.65517530681972,22.313104181216268,37.03957103462199,33.33355503345223,29.23143954980278,37.89477998213066,3.201720314907256,1
5.260472917639925,14.54993887629497,14.335388481256976,20.84492620294338,18.702203831429458,34.07364220816483,47.02830890203883,47.17377814097374,38.46817328951317,40.3015971328826,44.62156248008706,-14.403044240764023,1
5.544866427248071,11.514403511397475,15.760145120876794,22.07367597977166,14.418526544800264,31.4030949586848,35.73397030883682,41.95933252419661,52.72228978589746,55.5231200780026,41.641151588202185,-8.418398075079969,0
5.052480986906647,11.958201651089528,11.99562453222245,18.728286965980185,22.401363723397715,31.53061621177304,30.16773323739828,48.02873354342005,54.42295809238263,46.61803754367075,80.92136452141092,7.247025097925058,0
5.596579666620277,10.455760966030336,12.971600500777694,21.884509701286984,19.614083643261644,29.20885118579352,36.06144306448266,41.9360064380445,45.67611043193814,55.19992620979792,72.26518321776659,3.475390728852201,0
5.050264810690467,11.33263260405222,15.013149062234518,17.87133044377339,23.293534359400905,24.51525570424389,35.66555723307383,42.92249906125436,51.92859358009213,25.32425530863953,39.77899214052606,-1.551044972088954,1
7.375973408806562,6.876213359388391,19.44879491017568,15.876170988368022,26.73360980042952,38.21521838053579,31.29829837790065,37.44848707301539,34.33523079421998,39.71914894167526,57.30194505591736,9.417860788802194,0
5.025400200348938,12.75560943614838,16.478425423749577,21.11611278029451,28.03813097374693,17.155946964628956,37.74337165750142,43.09662145440301,57.167094807274296,38.98930947619379,66.93204417674275,4.868975280681718,0
5.307958517888773,11.569317634339331,16.919821688735674,16.27011709551705,26.671507119754764,22.59491296139668,34.299936404290854,33.85863844272244,56.87883066657995,39.601121808394296,34.71415609956077,-3.3898077593627605,0
3.669012117053272,10.3699169057705,16.38826629528096,19.02822973923072,28.324544450787663,30.196367788371937,25.25379561822944,48.99750413481473,54.0112911413317,44.18515358523625,54.48455277837236,16.25816022984293,1
5.254388217754261,10.805784102382002,12.334058014283318,17.76692374801582,26.734629095793327,30.73967345870979,38.796769424191865,48.8094708942113,21.070311848256026,49.69910065205822,60.861009999889504,-5.736349791161943,0
5.3233962962828745,13.875344364379398,14.918024046274075,21.16117354564194,29.8551049849213,27.08840499385699,33.568494956039466,36.95015522339487,31.36472080704532,52.36270448809991,55.24692677665363,16.34112527441728,0
4.979373679180803,7.108921648073014,14.080157324559416,18.865599386977173,35.36081572170613,30.58760037291725,37.95964410331744,44.41105934044869,48.99728423819015,44.71392592748737,66.88384167984407,11.586888532894625,0
5.639100561129501,9.542240727646435,13.36587909928422,24.71616239720841,31.29881704838285,30.05668044849356,34.08675551489856,52.26592801063454,39.43102025932334,60.89696642987232,61.36858934592286,7.712729984729407,0
4.253826468464045,11.033270302713234,15.318362243193915,21.000705673117608,32.023474367855464,21.378069188991034,38.23038657171301,33.935258452033565,45.48332586758535,34.158211917239925,61.382583432618674,-2.378950173256155,0
5.460850484520649,10.184452664366964,14.412168518771038,19.72525956553401,25.59034655219804,32.5699865426,37.00466887321005,62.06737680954653,42.2808113421854,35.249685706152846,40.70664332326756,-12.54757778680033,1
5.707106646558512,9.336588613545842,14.74322721820254,15.269492347448304,24.379785019714284,30.318529235768544,31.131011117381004,40.71126755780391,56.961908168519535,42.77034377381463,55.697358149903394,3.9284691700896968,0
4.562366073668299,11.120646162509276,15.75054075632783,17.34869877910361,29.23772592343476,34.50095350407963,41.36278431720483,27.804537857964647,25.92385722613503,51.72721898429266,57.57899036584573,-7.917159525294936,0
4.25753341220379,11.929699421002615,16.96997066525618,31.13752129775422,14.153207834449429,25.76216597458513,46.30361005915246,41.6094098712946,36.978443077570056,61.09260430152965,58.81017105536099,-25.109821266194785,0
5.6796727297043175,13.199835987766509,14.280377405482083,21.647585651101384,20.72499971540208,30.824197718690844,34.52411683344506,44.36518076107304,50.77815381086244,63.49778153802194,47.87356354378556,4.346003135875431,0
5.334068415708909,11.274215994141011,11.713963563548052,16.883428826242515,27.947056733633264,25.753809704801853,34.21331620320248,39.31135314024933,38.87004686384381,34.39687739478876,65.91002101333123,4.306581400347484,1
5.297790613455693,7.988219242169576,18.838304757439584,15.174821646578735,26.39889050753601,35.663246716750834,45.84577434049978,38.88320989374844,43.36185876617844,49.207310498923206,51.6978032270813,-7.083872149512897,0
3.8390859016951646,9.914031911110584,11.20094921471707,17.556532204402636,31.773549784796195,41.31512745001333,35.767823887309355,39.884787713644485,51.39421160617996,50.14560066796775,25.097228483588,1.6141449766132414,0
4.331240427042664,9.240912050204402,11.123114402157467,13.56138955462151,29.23011092945471,27.8601635261372,32.97756423354575,25.9618444910917,50.61022289783922,40.27498127801693,33.44336240672803,15.584147035648163,0
5.790591626124958,8.437451619129071,11.004956119151714,18.46670670094131,25.546872423386283,29.3420033784784,31.28756946638084,41.92488421759853,51.21021847918539,34.79860840665889,65.57798837795559,0.7356550308162753,1
4.410984739231679,9.880195276628502,14.766146689256184,26.2422474041853,22.881128476380653,27.89717254880232,25.871797697630463,43.527941891898834,36.97947047588365,36.79219286230058,42.54632982619356,1.0518523276191232,1
5.881230330851153,7.951209810183514,14.69081422953911,20.455533358139903,27.691724826024608,32.11506138902416,40.71596143554079,58.05410617279189,61.40856633831353,55.66312218904317,48.81214485354977,0.5351088083780309,0
6.135783518333828,7.711520296228549,18.98427544691173,18.44857949673084,21.913919701557937,32.66045965281527,34.09111198233635,27.778934727844764,46.14952742297936,71.32558079208906,54.52570270313484,-10.182772086152363,0
5.680809548916553,9.241224684935936,10.94796767892534,16.265090060310477,28.30952311258848,32.58625501798751,30.7510700384791,39.93002925659586,42.84402996050441,56.23702967296508,30.86692319638579,11.466576093744408,0
4.484196654663781,7.41923970817324,13.219236618625372,15.076460255070428,29.894853369063423,38.83262652306955,26.65954290764972,39.1832517696565,37.44360550008916,31.84665484581884,57.53290144400852,2.4154731299158456,1
5.148057498540371,9.948453897343049,18.197649186638508,25.113697295355188,21.839273242833137,32.98088133686443,41.67434945698266,50.547775080524254,44.907216307042496,51.01165149438882,45.33739876867979,-8.244463867140908,0
5.293528204205957,12.252975577956494,20.37413547336673,15.708833258168976,19.480078766128937,27.55261522848,40.591302310253866,35.06245565190659,40.53111387495485,53.91450803583379,38.666293457204176,-16.753883647542313,0
6.104095768364973,7.938676197650539,15.648693706900236,15.513274147801488,15.102881387481071,42.326790943498864,30.309953199520752,25.215693059482824,50.4128278281539,39.282343703437846,59.91454415510463,0.6377398106036729,0
5.032720144731272,8.855641851501492,17.805083824231826,20.2586677854255,32.58226101291743,36.03606866129368,18.85576150642548,35.257463211905126,55.416647966018026,74.78309964003131,69.82015016429861,17.361644692274588,0
5.891024146374346,10.319538241391044,13.92630198187484,16.583169419654233,18.549310322153865,19.02227315451988,35.90694172453686,41.86203211288036,53.69058384616967,34.91508754402228,56.99205406692703,-15.743760967090669,0
4.195021325625626,10.054339825868588,16.586702544496667,18.57028808492079,29.60729006384945,22.066607826476105,33.08734089546867,41.26024760692661,47.44177021680041,59.18058432186515,51.28542852868723,10.720406850648033,0
4.424220418610032,8.802786213302602,19.08563105656703,13.214100658872296,26.70822335872949,26.23364999813387,32.93929732955069,55.83624154532732,36.25999409033064,38.78507828791778,41.22585004227836,-4.182885416963401,1
5.373213899340657,10.833375666005953,9.060893294981806,19.883382655972166,30.33166425488045,35.20883747368333,32.72990604484807,31.91476141561608,59.58127596933359,71.9111530492259,62.49833591901544,3.712745562559789,0
4.005535926753717,10.408396244939055,11.137105524250158,19.31925243247526,30.014714177360712,46.837010758993856,36.902309554038105,40.23164679168939,59.3151365062775,54.78071501144677,70.99069171242643,1.3825789763384009,0
6.167969656669489,8.496376197162157,16.1667477813154,22.27384696554265,24.96395514885513,24.87619571208385,28.962085238486907,39.42845085437151,37.53110278263995,44.9397360384787,41.160428322616994,4.900418382399234,0
4.447090514725688,11.520746851381007,11.112829793673368,20.48678079447918,15.812403105517951,31.661507080458456,36.92533462227169,37.48620414524871,63.11276237791513,48.89381274109165,52.4964876724461,-6.798637039918013,0
4.141870799911605,8.786120160701419,18.60829054262428,20.464924015773605,32.9319178294407,33.4818598418555,28.06475523248277,43.31018259086443,46.13280947712413,33.04848234111831,47.95672480766813,6.813426512140306,1
5.540057352201687,9.901228689566612,16.831810582971436,24.133628208864785,19.81593105314761,29.44619043474514,43.171828568819365,38.17924541776803,36.19473040092733,37.50990017597206,48.460033463510754,-11.602719406181198,0
4.723217242801592,12.790724321926628,14.72226083202569,18.769628578406103,31.62471107206944,36.733154629542085,23.35637054357389,44.67738549294782,37.046376662642565,44.71073599112105,38.49972474176254,18.060682039928228,0
5.589326283564627,8.099862070629746,16.856880618593454,20.74840019498445,27.25069215466401,30.641093610309,23.499634553910667,30.16274337773696,44.1229077470126,44.54512792439278,54.49089782210746,1.254288361829456,0
6.6898105513453165,12.494602292804398,18.030708539408884,18.685384543125828,18.273855756022066,34.210151971504715,30.897042014730083,39.87004205342274,36.20962885473477,39.42861034398365,46.820239788576615,-3.24122134134282,0
5.501359104551841,11.085060223829617,16.265796139132934,15.136880922548176,24.844868813889825,26.79069659173576,34.30827511104816,51.75066405231139,41.03013025705367,30.912111700831858,52.235356230194526,10.22309037258527,1
5.302398504337786,9.728291887656097,10.693718614386562,18.74883554871396,15.260972091944032,41.39292586392955,42.54953847968741,29.57961385598797,51.49434004697292,32.80185919944101,63.28104996806657,-20.563819945611648,1
3.150145576266804,9.15927355292622,13.030455077382362,26.660938976656663,24.73052423626856,24.042181812271647,48.96566113916215,29.523891381883864,50.61446271083798,61.4119269706479,48.73356126788755,-11.873629251767184,0
4.578678778850596,10.839605561402726,12.396096298349242,21.6669375741019,17.117885078544337,29.319382542849443,34.251619997044244,40.41099866906821,53.87288486591604,54.851089458885056,58.78657039060138,-15.410993418011774,0
4.69952735123453,14.929790383537686,18.288967509393057,24.697941572285533,27.09245737070601,28.704226970840875,36.979939144484405,50.239045346235386,61.65861664089893,32.31800233410058,66.65257583599636,1.0815208620444552,1
5.711289519194378,12.23172691388154,8.852211686382624,20.74174395414538,15.989457915138075,33.88597503997941,26.828334175560475,37.04456369686145,43.40493853748652,49.53369751131447,61.99224424062528,-11.077941484206477,0
4.320710854834767,9.66409350856648,19.644226682143,16.023758674381774,22.88378423921675,37.29128698589744,35.59558503872764,30.96155764255778,52.97572424923749,67.55203140243378,53.779845338750114,-8.938272382799125,0
4.307506260299542,7.317693982156262,5.636629361027246,10.751243453271009,21.92890245303111,19.97396090209584,32.00119645413345,49.2583557146246,49.035434943678375,42.401163578537705,26.836587573103778,-4.602578648321055,1
4.682748308504802,13.10868038456741,15.584635669042877,24.502855925167893,25.70562926297287,37.638958566030674,29.19905189867923,43.35666190880089,46.92348730518601,38.46978891043159,49.36039478742542,6.084524697914564,1
4.310744987447348,8.145154053519352,17.960497640241975,24.60251120148962,27.9099092067074,22.37731615162579,25.134290976983024,52.76004035950066,41.39149586765969,44.07045779600698,47.05568245959482,7.080308922687437,0
5.295459019693126,9.264744390490977,13.945623381276269,23.58059127345108,24.224155384777543,40.44448012799244,41.037642438266005,38.44703188445232,41.85641743937392,49.28756651439005,50.9589087551047,-12.239284566826914,0
4.725732877244639,9.481587482569848,13.637197419517452,17.8351907521634,25.109911581284884,26.26175503063301,32.2374484320785,34.74244096520178,52.16522410876879,51.04132617023279,52.80868620033402,7.540813459808309,0
5.0370769292891096,9.410744478300654,12.584709124852168,18.14200870630277,24.288191891773483,29.922722563938976,37.34065381646506,56.76526918316932,48.16868409808426,36.34127134214346,70.04613179986212,-4.507768961484171,1
4.654348662824798,9.88348555947027,17.66497875354842,18.29769320654413,21.82749226638084,27.99267737684662,28.12635254782323,36.74111019478168,42.33109216689954,68.37314765564741,58.57867963707147,-0.6587167129004672,0
4.069037129129578,12.523658897888836,10.684760809963564,19.26972859772081,25.37990735631413,48.73265156962461,44.29779062169429,35.668863663191466,51.223567579370965,41.5425605619687,45.90680856062777,-7.868841878294263,0
5.319526202798491,9.967471032093586,11.02450016949145,20.77703865206037,31.45425641982007,20.75286273902524,32.12638862927671,45.81014641043113,49.540976485421744,50.87009884101883,60.78482500691168,11.9778299353435,0
4.075266342034549,11.374076396900762,11.70731252002818,15.504506323247774,22.00487651074493,38.46792744875609,31.272020698591223,40.811905723874894,36.81106668685232,39.28283611553516,47.72922623122295,-4.037615695065028,1
6.357199271675579,7.3462967020253584,15.18249026042299,16.15282361497274,22.78537927429281,26.48564553680865,37.50897987176272,41.45813140646823,44.89291836445344,47.87776347271839,62.28034085972207,-7.583975978144689,0
4.90297438479169,9.310318173592174,17.332292107719585,14.778689554788103,19.236811071287228,21.505111205960304,28.69933946225425,52.62092699115507,58.179817923696696,44.1524363408733,26.65015827194745,4.143806579087007,1
4.793409255321485,10.501475046386297,15.334208660973616,23.87890209902633,26.606452550848434,25.92434255142472,35.90579496854891,63.74025770231074,50.10739351360634,52.55749230480063,47.80474241740875,-1.4418304015300645,1
3.5569158489744623,14.56634949270338,12.578153903958532,15.498615463145155,22.087049622972785,12.92622982402512,39.57950617663423,46.295554646947,37.86213498547678,66.24271779100711,61.64607933745044,0.6386516811711314,0
4.628418283958854,12.63581153631483,15.867570111056477,19.048521492159832,24.4341155965523,28.83172370945616,32.59463450068902,41.18113887775068,41.50859148866615,30.3213927146506,65.48045155687969,-5.327084853585784,1
4.55492987326393,11.519692193004428,16.238276677471326,17.440467949937034,29.18149825322225,34.19648448989141,32.70372986635451,42.28552031759332,52.37238567899098,46.58740362059493,58.52559806239594,-2.541640473812725,0
4.479690069620596,7.660377535270156,15.91075959696765,17.92088053936613,32.87907578865911,32.77741425884591,33.23491159139029,43.61458679413167,59.03316481744999,33.54846845420128,49.172178417687945,7.316606130944841,1
4.653900692692149,10.29394537107892,13.997541450206237,23.030255968480297,18.90476358496756,24.24640047348345,35.75721463869036,40.509484662561945,34.73930259140357,60.748241199470215,66.30709758961198,-10.389317487586707,0
6.224579668088361,6.609483601521513,14.029077974726505,20.390116235460297,25.07106603655093,38.82323603091043,25.865002288801875,41.89278174729959,46.63761143205869,54.120939494794754,58.498651260965694,7.11547160169772,0
6.201619246243843,11.850034217038012,15.092477391096208,22.291218511768257,23.611899164581388,32.10215958031354,39.65336052699959,33.87427156605546,44.912275160367074,37.79719888992607,66.20185753803199,-0.1374241320260365,0
4.952340406875109,12.6615296912314,19.544933752317736,13.929185434596151,27.25626993889808,27.79326319795824,31.861856422130742,40.28213832062195,43.8677108386847,52.556440432312,44.51465501066565,-1.698492225633653,0
5.389925423701565,12.884229533453384,12.057822477322825,16.85591761508918,24.40463646991844,40.10268057967414,22.97871127766973,40.8467840945214,50.092910165046256,65.15472423993917,54.57839315474307,14.519998802225306,0
4.624601980147219,9.620289451414411,17.226972307537906,19.447641075500787,32.76584591861919,20.11960645111308,31.53338856075708,40.56778503382486,35.23917918783915,53.82190274548279,33.71518220795157,7.810820561126981,0
4.740152357786641,8.025063945646634,14.24914350793983,21.10316700716083,23.60979015598435,28.12805966539264,29.951022159859424,49.31230627286697,25.933041364109656,62.30712606241349,55.710039036119966,3.3871146354172685,0
5.263981258914057,7.017770099312655,19.064154198075173,17.581546544159124,25.623340971716583,32.222289507072624,38.60410255558244,44.73250545074555,54.95101487489888,46.838560663317104,71.04945358728381,-4.409456987584566,0
6.1139386603077845,8.457698929778237,18.17884539476345,17.85701084894967,33.11680747335192,21.98170282303819,32.612102884401764,53.79556694539149,46.41703194939618,52.80809057457254,33.87540412344313,22.18102236245829,0
6.499435054628149,11.372438905857074,11.75646622484445,12.139514761021587,22.375031052988533,33.214523772499675,36.04617062698534,26.0645362047839,40.45460973490879,44.69416470088855,72.8197955543662,5.800201058190542,0
3.5650235544451268,10.623173823623596,21.318155355798787,17.929716120888706,26.588261193793244,32.639042237255126,44.47739468440537,35.316273570508095,30.61108231100044,62.14144651024819,39.554134596922985,-4.965003972689496,0
4.1977837699646185,10.652249182561212,10.489723728306023,26.763248649597287,24.06419492953432,24.820481142357018,17.651465491077705,40.01615299191841,23.254228904927626,57.656678245321565,63.70006157486368,17.177083757335826,0
4.115880003116928,6.9954679300518015,20.498587813769067,12.500088725321492,22.427786290045,19.73437380212618,34.29390492424505,46.1139057322302,59.19046777917848,44.33564479500472,41.49328313615239,-3.2267568846743764,0
3.9854449659484814,11.89176556156425,11.149980535181465,18.679074381705306,20.284944927682936,26.24162441669701,32.02258292196272,36.705099047537246,28.790534161736765,32.12856373782336,58.30475286230551,-2.4714850145419787,0
7.678182673332818,8.671452517233229,15.98697555187048,17.54645036953044,31.59995727515071,34.026496007261265,26.512982051182924,32.45024997526668,58.08756125842424,45.64358227534153,58.84454265055661,14.893401247746704,0
4.695881404701866,9.22701001982915,15.78151617727802,24.044994336945543,24.871384460815083,35.171311460603576,31.76674440047213,42.16797165420927,61.6899293837449,36.13325760585534,69.9836448825506,0.6881576046605573,1
4.134568812269322,9.314885485863403,15.072484351561936,21.99242244193185,26.22835395560633,44.46488462544302,40.87371298282321,47.1742036021845,55.26948205191706,47.90590087554674,44.33325971066934,5.608439346427586,0
4.985144602212673,8.683736536519959,6.432405969411924,16.363653765572643,36.19057711091449,27.70561486067901,39.06331485765903,52.33495425839142,52.26481125688717,40.25589586731979,56.785276283272985,9.762004750059669,1
4.813797299938691,11.730888766445144,17.767866924727574,18.69395916403931,17.726738406930988,25.551432377483746,44.21858768476741,28.8522840415142,43.96210315239637,49.594530250283306,63.55588404643915,-16.441559993030424,0
4.1812320865523365,10.069004047543524,16.201139634223853,16.6457735154533,32.399127701375726,28.196988113715616,31.450751091510423,34.99439900388111,38.87422295831939,40.33608446360683,47.4040943065766,-0.7868927739128608,0
2.8726160099765363,11.68958712054966,15.290028046918724,21.816125720861034,29.21748358009686,22.435921434447867,27.61490571735984,37.59892157857367,29.749248763134005,64.30231136578686,43.49053877009423,15.244644736389676,0
5.80248204951407,12.091368628048905,21.09268308641593,15.833858376891442,22.85787038176124,28.42491533621812,34.757778356039886,30.96752083423172,60.93238223528161,56.06072352328769,78.05859457019719,-3.7917811897376894,0
5.034709262676755,6.994230192847374,17.85200258369001,22.58245115202248,25.996969272240744,30.99813180147976,22.15433173629149,29.11876471906584,55.42822323288835,61.70534460474382,59.3390759383566,8.292444165490117,0
5.027433808786136,9.669411021882318,12.840567276835904,21.382476432347964,30.488171134811743,17.03508035106939,39.06358311602767,36.77669040007192,52.62139617048283,53.361809096407285,42.00402394643256,1.5434382078961495,0
5.308542195806485,10.57408065185519,17.14814095884908,19.18206612583656,24.123470328909544,27.90290806069747,42.74447988634752,29.422382276431986,43.14474398876022,38.10097067567815,50.08344589163914,-4.327693355895686,0
6.174874451652025,7.269195839961864,16.573597974405075,27.99547645413788,25.55470040925048,40.29353310667836,35.49695953601316,36.70821402299256,57.28912383685616,60.02179836580473,57.75731623682665,-5.191238087468612,0
4.517263703198093,11.094646338705,16.26323491966532,20.512071984430243,20.53791635425072,28.24450575194667,19.477673153356648,43.40830072134681,55.1577270343757,51.08704124451495,45.92711153127732,-0.3017420912758108,0
4.249616364981906,7.588447562218029,18.781986941605883,16.191169670983438,21.32216455176385,30.729800078547225,29.842351012467105,33.62004782703753,28.87775433729391,47.52574721452119,58.69605559830006,1.2946207988599865,0
5.206925895980437,9.12865454000323,13.09347663392232,19.39595145713833,28.23779279576655,25.69051461826036,28.76673568781688,46.37495176553756,52.09014255369641,49.30487184846255,44.63353799543702,8.276136423649039,0
4.803563602461599,8.269438564098369,12.398146402137222,25.45196603995389,24.98289851945864,32.890028556209984,27.34212919831375,24.86923071152188,39.69623458188569,41.7255705509006,52.90228535666012,-7.133484763834431,0
5.15255962183525,9.21369683094365,18.94385829270174,22.74385681349376,24.53798638219504,32.1528768239852,37.720780811115525,45.56236925624561,32.059169600772,47.94564918518066,46.1347002262082,-0.1458816238947262,0
5.849569466548026,12.168608950240866,10.841109347585268,26.96202496343079,27.67206111971997,27.57349516519701,25.063951654831968,42.682599303141885,45.0565821029624,47.04381340096475,52.20340691888099,12.165741560783784,0
4.534611844545352,7.713312710246983,15.293841016730754,22.091519318027395,28.05183817134097,30.35513327664316,28.572236369751536,50.8950567003183,32.44926619154363,22.01435783391509,40.97590481365436,18.07439598526446,1
6.789047933173797,9.5655650009899,13.68796583597985,17.626079796317377,16.96684105426485,27.20732795631513,42.727357840582776,45.44927846002013,30.81460557113203,80.68734798221593,45.98388412715567,-19.819796699306103,0
4.071611991535495,11.491244901034293,15.62175530970841,17.161148174553038,25.67784903673008,32.5766126820474,52.57045233114651,24.51245228229119,32.971098485755675,33.56760679257467,76.83240198640195,-8.174253086062276,0
4.14885961714414,11.83119862851166,16.80992278683411,22.846556751988047,22.58219166441394,34.42303024019052,50.94826637116145,44.95281196596826,49.72943593680462,39.80843664387709,46.90396311556447,-8.978082794545173,1
5.573370960176988,12.150955408622051,9.076423353875516,19.62999366828295,26.952855326551607,23.90888240592969,27.45789261285768,52.34717635652184,54.88089773277424,41.28565442738616,61.73474124048759,12.41304022871696,1
4.409652356092737,7.694040023002401,15.555081855961486,20.470861122055933,30.42821475768925,30.71410711012649,31.10191465644156,46.5758853968947,42.62112028970933,76.58020977586898,47.81933646275128,17.437304514913773,0
5.96785906311079,8.130248845349827,18.66258721338504,25.294191086449395,21.79581959177444,26.472600568610027,29.08647961965671,39.08525745478295,62.1689979903293,58.14629157632515,59.87366919340461,-8.345902325957034,0
4.855478176003337,10.947289435754984,20.04949264211821,17.26088408781805,21.50662177096814,26.12838865135248,44.1361945727258,32.598372325601424,48.16521499784207,52.17710876307984,45.441172301028445,-10.655002643401891,0
4.593343392136707,10.92524264511528,15.21964343436603,23.70217844436284,35.437120328921054,37.683113167179584,40.36671780564596,39.57092290484472,57.04111962521698,59.05049856758139,48.34796172636293,11.781889484740448,0
5.229871790670065,9.805683476632902,11.695098423890208,25.784216750085328,21.59930073364132,28.417821994351925,23.33388701708556,44.47000991713022,47.30517749628592,50.66346760630866,55.29797759871848,6.422441469145959,0
4.045536156828906,7.942375862735929,12.843213230288924,17.67274282071056,17.391227981849575,37.64909113572615,20.133775911505364,42.52871392172118,49.7324257979508,38.94683186793963,65.92796467232674,4.598492871738945,1
6.829994001062755,9.913875749144504,15.919804911197753,19.294177616847048,28.29914099101541,32.803232455897394,42.363558445124326,31.97870182826295,46.07676750764118,69.1937749688835,51.7189755988527,-5.527418183467831,0
4.596185586051556,12.95146997888245,18.147712392306232,22.02108002054358,28.09551718511033,32.877797102632776,51.40923671556851,39.53300194986319,43.598482167854144,62.16004318638669,54.87988757066289,-9.396665689408032,0
4.3789619788981655,8.397765640573818,19.36212544538485,22.768488224171005,31.81422193097233,13.230560281871156,26.17387008292627,42.34909936150909,46.6345331224381,41.89699299996869,38.05060365311044,17.996995078525643,0
5.133938300754844,11.746920716029829,17.967948595811734,4.616183415975199,23.959076249299205,31.826067761416446,25.93537495238635,27.641714728490665,49.628573975802674,70.20147909652106,63.83904527550624,7.01081710773874,0
5.1440912071957365,13.919175929068553,15.915382987380497,19.66743143495104,27.956322563469648,31.69479228339469,25.15384287835417,42.0243223440487,40.534570243975786,43.6844077995689,46.09342083014111,3.750029329825596,0
5.053183075108926,7.938754067257001,12.656335622035115,17.97769137162384,15.655002390816747,28.69168075989189,47.69992652812053,31.21384206185129,41.28946125567591,49.04929921230516,46.10554230568076,-24.354019284107103,0
3.670054047276797,9.561745480869046,19.523614617601663,21.78677549614384,29.94974047028459,34.01633261901368,25.336380675449444,49.93644219525728,43.60355799554569,26.944737508496047,48.92730241210796,14.514135412472836,1
5.826697888828496,10.14476032254918,20.50402814467699,17.755077539503084,22.56250854290048,23.439032658166177,39.793578848294025,36.861193331461855,26.98573898333451,43.267311363858354,46.99442694112206,0.9899615323796542,0
5.281446426936965,7.335668878669191,13.283715347918456,19.47798783872217,20.55378647391057,26.56028490859118,22.97618237538258,42.387690698990376,47.40043233685272,39.24753167904537,44.01149421377686,17.110927611574773,0
4.360398533289614,9.018257718169544,15.437815034724558,20.544592220325367,26.995990619806832,37.04834877301651,57.0300217966183,49.42334920573101,55.93553465675078,47.30634784183603,42.05109664485419,-6.688412255126032,0
3.930117469529933,8.933845947147686,17.316748494469156,16.494355799480473,25.19459231336606,38.48288762170247,43.31560571971554,37.10716778656358,57.52891136445112,37.13264427640619,58.46904883343332,-14.85756922063992,0
5.360609209154691,8.924770202916623,13.60116361520954,9.473152959007887,28.98998537866818,19.49711236250146,38.62924145199585,48.47931005740422,28.57112835460008,62.99768878262663,43.74622359213614,2.1361351226003955,0
5.304433670084221,8.637240262608541,13.049691323347826,21.55472251515856,28.685785547899272,23.76702338570589,52.88352017458208,30.86881864463169,33.135346029680434,67.7280057384666,44.96687629663657,-14.51428394422974,0
5.736179734727841,10.73888986660588,11.28311773912526,19.964221156355773,27.08939252514441,25.068934606875008,42.07013423450532,34.78517241325442,17.944224119039436,56.76766714695064,54.31109410303901,1.2007651682778886,0
6.075344791464943,9.533766168230796,14.345917295676005,18.7526950546951,30.377790124973668,30.58160093149516,27.056940508572808,32.381916334352184,51.23534010082656,52.40523167292356,43.60494695488912,13.58663579040684,0
4.801637951312541,6.099258317775382,16.995679893264796,23.95515131176986,22.8293643417524,23.553805841096747,24.4051548993475,41.88989023097961,51.38430783909229,38.0925235180686,38.008316556782205,-11.999851882850509,0
5.015545549272445,10.771373658879778,16.582696828516465,13.657570690079254,28.970478864759727,20.97876572477149,39.548933980678726,44.68928042554552,35.104173662277006,45.1984601417636,73.68892245007169,-1.103894073224096,0
6.397650519893877,8.980846937868536,16.224584202695905,19.651831000695527,21.58972937976374,25.980229492361417,40.81509106816644,40.68181900014547,40.76423423475147,47.344462799139976,46.295955043321314,-16.47595576778136,0
6.428529040930982,7.748050781489473,12.806183052537044,18.787379939313468,30.218522926407346,29.6906675697642,31.814994600150616,31.5854261131642,49.64859824799677,46.7086140010108,50.783165917218966,9.218503991979418,0
3.6333117168428095,7.150697739731026,10.86582521150941,23.19303638880133,21.81675893158944,37.50733667231157,41.38261732991807,30.67524146732857,33.03027851231576,38.017435078808006,63.66098599818254,-9.064395490938034,0
7.07347974661182,9.49137853400346,13.779559713562977,27.19246575522597,22.19191946183535,27.393667993968464,32.017330260690834,45.90249202482612,47.49149815549809,54.70331992903371,57.62793779706025,-2.964039577082933,0
5.152407630557286,10.203186824343431,16.046139238006816,10.60269364871188,26.78353429317601,32.420967034488044,26.91242231655684,39.77938120909669,44.34188927997589,58.39965520355881,48.81521536524768,14.806600878542785,0
4.069160761424408,13.700465341024914,14.051664728141407,17.898336493356908,21.117078451486428,36.83643181527574,36.621383919452605,56.914273557056944,38.48835538391964,42.3734295588076,60.32562953018387,-15.817542760883816,1
5.575589786408343,11.663912594719196,13.049503917973004,9.067904111369176,21.585889845165525,21.182296608680463,34.041881377230496,45.15023156021937,56.47908481259544,52.732383152403706,47.0690408051732,-12.42862167407404,0
6.144517154862931,10.650882713795646,10.678439201288882,14.921998852176015,27.885467918942368,30.123272531559948,36.07881881389469,35.073912815112976,43.32886249189138,43.89980356666774,63.32899326160167,2.640671991308082,0
1.5425724790401327,9.33501292984618,14.762927034882628,23.89605145309901,27.701654469774617,34.249602857596344,29.94154130132356,43.71665292885576,40.538355264057,48.24715448036317,74.92471768520166,3.4567094123233533,0
3.569224555804647,8.93391104541304,20.660019137200603,27.453960707539,23.370240399493376,27.96463332216621,35.41660902614306,35.19684449792964,36.26500757049977,48.42252140702023,41.84013037280612,-8.020830038209454,0
5.985919426146621,7.252388154623204,12.209015203684013,20.493007523770363,22.757095347648303,49.51036185507186,45.16035330434834,54.21565176647557,55.36445581705727,55.39598612692643,65.27207834423193,-15.640531783785397,0
5.179263607053598,12.353772298095858,14.77134411035756,24.205631781660063,23.89243384424658,20.527634844159927,38.778781788933976,60.33302824614396,41.87930790598924,57.69349590313211,40.331539544834186,-2.685292448176705,0
4.335277060920618,11.346809846504229,18.662777670637684,21.14320912007814,24.74242517183508,30.2766885342671,26.81452845641568,26.272119933847872,61.44406031784475,34.67929226249339,57.133996796114026,4.202135452597588,0
4.54890251144146,12.50285189028703,16.645122180866753,16.834217884974876,32.16262174886508,30.49321598742021,31.61371656234875,41.94129610576394,41.38509438157431,57.26924317394556,42.19333479842447,13.419352895340548,0
6.638170505715919,12.254194347236083,15.304316450075502,16.688715751363855,27.50222693348473,22.152380328693283,39.56276762623192,37.22274589139804,37.53113451223035,40.13657302982169,61.43097799309277,1.9957337557140693,0
5.453305973925096,11.037809632027532,17.19752393402925,21.428489466683104,28.13116994235787,28.41657448931045,34.53127240617782,39.877721801688885,30.32258937279577,53.9228412397309,46.55366452210063,9.3006427359238,0
5.397252030051544,7.229892488907375,17.458551325902388,22.185237924553075,24.8820046325134,23.89346905719976,44.06409240818354,54.39031871783554,45.3396295005331,53.54650863347845,60.88098905240895,-1.4820999755535462,0
5.785804132639149,10.338181900793684,13.367010783087496,26.83614960103759,24.88882298966075,28.099179368708093,44.12757746116691,33.95984550658071,51.22125991721751,54.79011481055132,56.36154044237114,-7.85137333181771,0
5.947419795081212,8.32079309543929,16.367191345648827,19.230947805794056,17.794218561738823,28.97030103529942,34.80168699049422,54.05593267462203,46.25304693869218,40.15420543507162,63.54683737364835,-7.933513763569664,1
6.364300208382671,11.457288036942389,15.22717949737579,17.573412625771937,20.43636750233528,31.68998632597059,28.443978196978208,37.93383881999974,33.11154863253589,48.80679543226698,62.10651709725855,2.7565716140667047,0
5.908646635495384,10.585519958607026,17.388246846709844,14.247341675083383,24.88688283259221,28.16467080607288,40.1723768692132,43.73426417229433,50.07004412697943,37.68993309211635,69.99162053366285,-1.3880342091661522,1
4.883079821430775,12.416922332772778,14.207107143444745,10.366724217932749,21.05165336542065,30.898255505461645,41.57003790826014,30.89954254243158,49.07067717584352,63.32628221734524,64.32183117646204,-6.781615187426366,0
6.135198403302367,8.50128699677926,16.172344545977626,20.63418913772634,28.06836819347145,33.17582751523137,28.439671847968427,31.08321583600218,42.258680827288245,40.669202505637465,53.00363214548676,12.07664261008002,0
3.8072878546184894,13.668125699182344,21.72489552397512,22.008986775067,23.60975579749334,36.57434022592758,43.26623391551338,46.32424033338482,38.287120356593874,61.24705296957528,54.23954194723535,-9.995604441668595,0
6.767570721396465,11.27118927786567,12.748781309672552,21.96061931039436,19.3934692394321,29.07557990605993,35.76850676105154,45.27029168436764,52.93637627783249,49.5094939311342,56.40037687361618,-3.36261443311474,0
5.435486089056525,7.838993770463757,18.34853537212355,24.902915422804853,16.184794567942177,34.2634754456234,40.182226004478665,28.67270086954501,48.276510960878014,70.8601677007184,43.23502152121439,-20.349994146149506,0
5.3942700604668055,11.131955648968486,16.164901815412048,17.29641499027665,31.36554076185894,22.637235774733043,27.83699913588709,38.926628953389184,37.28354724129575,44.35520432960175,48.24385540368966,12.73360894406197,0
4.814644988695034,11.013323000544352,10.055281220868904,22.34133663227109,23.54582913403286,34.08479822987896,35.17628643238002,33.178740643644815,37.98373750321056,41.05574728692972,70.41040500195487,7.450015051091354,0
5.363473372895679,8.495859968426593,16.973321728784402,18.830275340115644,19.53314705917625,34.57134015318911,29.487971730739066,40.26816306687742,35.14713189561391,51.901276395023245,49.98025417254307,-1.8102298064893816,0
4.788723582282907,13.086817484768464,13.555610365964874,16.787428100903306,34.882736737767154,30.48779818109917,35.277971590877875,33.93866101518784,44.98926931321318,52.07638405113478,64.68714778873851,15.348987429268847,0
6.503289685496065,6.714278707399616,11.444586519180932,13.828019831771986,33.42947713063719,27.404679777351124,36.73287574954521,29.07253298728861,54.36607337613732,51.37585173033344,55.70611363278989,25.873027398741783,0
4.234419368062483,10.794495228332082,13.52722542408324,21.759599457578275,22.00498209163641,21.05386209853181,45.76373842182584,48.351364495390605,50.25325439268291,64.37610370612667,50.66378916131503,-13.892583677285492,0
5.766517956859374,13.16756878649568,12.043663473223768,22.25652858755077,23.77857052992801,34.630893705788466,39.75881070728032,67.07265103286761,60.53356992841925,33.83451531071765,72.74521205045714,-2.718178800736899,1
4.669906278024336,10.132857352011744,10.210627335327692,15.745246808452402,22.213909108255034,33.28303673096232,37.18095049458928,34.43890440559905,30.632938519615905,36.41746510720442,36.198712766777646,-1.3711351619104877,0
4.895239598013265,9.49438621149629,19.556968979725468,25.208347709057502,28.1101057585618,28.154924490477573,41.95823931070062,45.17093951359031,44.66975347784757,50.0144513910203,58.788054309526274,-7.353675762070403,0
7.683464263803152,11.10397998060453,19.270735787509143,19.87723062063097,22.455064954958363,31.869283845241977,36.48604828887463,40.36370281306549,29.86401761950181,59.47028223611865,38.46238902194655,-3.251193080237249,0
6.363612112159065,9.885126015696498,17.867686934128116,15.545498169938508,24.07068717655942,29.37002026267871,49.88503896919943,55.30684609576035,56.51457893957792,49.43073357778581,36.9723192368548,-11.922405302297776,1
4.347840549650425,11.295678480200134,17.639677347544527,21.84116586157129,28.884756907316216,27.31010638555445,38.57715277575228,34.88924392835526,40.95179969477932,60.96171193218022,58.08239621051914,4.980405160586493,0
5.508154351325154,10.769867479892412,13.471170039841429,26.8055626532748,31.99797408271796,36.18691660155653,42.08612502838887,49.54507342153896,43.71112321884927,55.26240711160294,46.258774743422094,-1.735014753550483,0
4.551171866465386,8.94217905749328,12.57933821694005,22.69138655821445,24.98905942558805,32.84266161739545,35.66809542842844,28.74989819425131,31.26073005296876,44.336865801701286,32.595337390428924,1.5367890750516735,0
3.9250616858798897,6.7116880191045,12.553400775198249,17.948317193758445,31.824930607901265,21.40597978856788,22.92530112768454,42.32475745595912,34.93661994528582,53.06063066888776,46.67418120962307,31.030069843973745,0
2.623503903664149,10.114892000806597,16.993655228960314,16.648607659205037,24.36303874778117,34.06955772514611,48.42349329945475,39.2696923965387,49.38600571101089,54.82637714262881,52.68639237723239,-20.947465826352435,0
3.796049400347496,10.107385720253548,17.46557351374359,16.619196691440997,24.2812919122749,18.85025266455252,29.37181132077551,41.321349317696914,35.98513796818351,32.69070447506209,59.07213353977626,1.5690346578243402,1
4.735377131991819,11.754376690947854,17.240271202934338,21.148388326730142,19.88567429616865,35.47899554930094,36.00421141583527,37.34074698287258,56.64734932888042,53.69535235103738,44.71758639356179,-7.521139288820125,0
4.065165221899943,11.970300479436895,16.25976006193203,18.043998952594755,18.21067781745277,37.14401044111709,50.811109354274194,47.10845069476776,43.52870881735252,43.31708458743985,55.54218220424973,-17.927445966439457,1
5.941553281398617,6.722931429742995,15.786308564051328,19.97897206466829,27.1390929901036,27.44178119926793,31.333759248405297,38.50850998665795,49.98270224354231,47.15660760612023,44.3867771246249,-0.7463684597866616,0
5.295539066030869,11.889729543310168,16.9929478522659,23.12682742477379,29.351564956696343,38.36576406942833,41.4947575760461,36.86756610246047,53.83146307854318,44.106549331053714,65.06650113997887,3.348049264996556,0
3.865512845835616,13.972041752856043,17.169433632507186,14.936209856942178,27.463569361823424,24.964855571879728,37.01729227175026,32.57538103920587,63.68202072552437,49.94965195811707,59.84190947323073,7.934519583673692,0
3.338614990874766,10.897180050740133,17.627727920303386,21.28456840235087,20.0290559029023,23.44848649043609,42.49985624412364,40.32009671720274,48.66022610649664,35.642453441171504,64.5452932814816,-8.816640172408881,1
5.121290724791076,11.522146799444473,12.926075095957462,18.82684510382546,38.44902464742485,36.17497903475886,33.25630959122098,36.28844822193832,34.35598661778829,44.832848325846506,45.55132740633584,20.48554746937868,0
4.588218407036647,14.336522907465683,15.176403930259069,20.41785224099754,20.45537242238881,34.228825612840176,35.36217407432812,34.27309429579416,28.20486729422265,44.480556233351074,55.390301674410935,0.3324025185832102,0
4.322941196808581,11.036172112914237,16.426467254677267,11.695883589790874,28.788618747161674,29.9245670929698,25.852116018735387,35.577145184720884,51.58697011799944,32.78014808373335,30.37755465387669,11.806340820311052,1
4.374166926537555,10.211983347154188,9.450487964729334,25.45600567270342,17.095015702274026,35.39284602769271,35.697148373594786,33.806031169174645,45.55453216477604,46.6135068438388,63.58456250816828,-10.582170685444265,0
6.616674398826963,12.649547677919102,10.148965793716776,20.32430071467046,24.244675937200206,35.344570641424106,34.12019927798651,42.076210622116456,36.54567220144301,49.64805170872193,50.1596828713429,5.464347258015154,0
5.013130199530538,12.56580067043111,17.02567316983342,17.765593544677444,29.517649758782543,31.444971927917955,30.3879494284936,27.445806041026387,55.76150234750378,55.78647456022562,68.25377613768674,9.851207464818348,0
4.389890413186112,7.34258152320069,16.591514938477925,18.57010333687992,35.39089024028025,36.757719834176,35.01095282022592,35.166760609801955,48.11057438891604,59.89255531058238,57.57255883046648,12.063599786660456,0
5.284820891814221,15.77851984706986,17.96768244276357,15.531690074168411,33.46439573040055,26.77480816659748,33.8763545028829,33.104874320821594,41.57256514819662,45.851612245711344,47.20945077364974,2.143461174566742,0
6.9937749551584885,7.331886130347684,17.493032926227198,15.780999932627156,17.61666244497081,20.858659377310644,29.976487631219943,37.98049324642636,45.64857877310636,44.731830345878464,51.21550989229144,1.7454699361865993,0
5.149690076095918,8.302848744658,11.602398295209742,17.748667113205745,23.403900562797723,37.71839922060046,39.83247594891952,30.9845910722215,47.30024848281435,57.345032010714704,47.32337276189682,-5.2319429232559385,0
3.9815586002289134,5.370995977145339,13.464859523616354,19.493937504465684,26.905049937130563,27.66435837287088,32.92127449016565,37.3739572289596,47.03712859943518,56.91507249003864,53.50557796803157,-0.4331794695986097,0
4.552503247815062,6.605302199141899,15.2388341774403,23.117993538948333,25.951236705876763,37.22703766333476,27.355185679018128,26.804993174194983,36.9386773951758,65.61119317917836,42.89291363715458,8.58160938022866,0
5.145238828771697,11.250406369115783,16.251622951347738,18.013252016963033,23.864660198977223,33.06683400470781,29.43362927033933,39.56137962544096,68.71199843696076,36.10801239207959,45.18212624594522,4.928317405547313,1
4.8974246080094215,8.484489109755051,12.994702824224143,15.79436164252918,19.75879026075478,32.942010117722624,35.7245262569444,40.12154154684148,23.619087867968407,49.33845109893179,48.261105669483285,-8.229711172067722,0
5.366348172092754,10.401137026285085,15.01983016768174,15.336038164796449,30.93500343094885,37.77830481503643,23.25825631851267,66.15195766201674,45.180507755816144,45.33227170365488,22.78154223086444,16.64276682213174,1
4.381761415302085,11.155276236786642,13.015924062261591,19.522219068501208,33.36236493112803,28.085263848100293,31.374505501789145,40.36922084453363,27.87617134946854,47.57370694625428,66.92601184049728,14.89795424995291,0
6.804120824022583,7.706213423403263,15.445183803797812,22.71616471742464,19.42033497779463,19.15491756597397,35.95870620926968,43.25817204463655,31.50050191943394,44.1890068561789,54.841351732837225,-2.909915188691683,0
5.123680917092333,6.822368840907382,16.77039860860876,14.715562894741382,26.64945515185554,37.86426763962264,24.297858962273963,42.69535564257856,36.01763822594408,62.18356930606125,51.04996836232442,8.666580593260905,0
5.537680345817227,11.202556615964795,14.760827066922351,16.90091341072803,34.82694716124969,29.73114406648041,46.59167268135171,45.51673065274862,41.80129119158174,37.44969594798627,61.52004961734264,2.271467107061959,1
4.914674112784044,10.676016041409715,13.646338710654192,22.1833215024982,23.63054828159062,32.058153022111945,23.84405351135724,38.6664489786809,38.58027364201069,42.78996999645851,64.21022473149041,-8.099163886421545,0
6.3967075222110825,7.69209014210324,18.918902103324896,16.642688874714114,29.62938097359183,34.451719853660386,34.46439271375218,35.98397475717959,54.060012815285184,64.35101676611613,69.87252783607569,3.55396672609896,0
5.121654637378148,10.802936018643818,15.13086332784257,23.01895166691956,18.21399857289063,29.656868283179413,31.4667237280285,39.27267111142103,39.38404460341709,47.12809974209311,45.969678502031606,-1.0075814918597867,0
4.1713533727389125,11.696545838471303,11.85895494934222,24.08466987197172,29.41889714448021,42.41070825661683,33.90296224551395,52.153324512730975,60.38838147676623,50.69166178231117,61.38268448479675,4.079237180250255,0
4.318058453055063,10.030444138524397,17.300929328614114,18.773730464707967,23.47428929311388,28.00816556630505,37.93175155921416,33.26384431038522,50.44418279902081,29.0147675813084,44.62635232399921,-13.634173157560877,1
7.029981037762805,9.982989547770382,16.338839496906864,22.598996746644293,25.37093433810944,24.621778451268465,37.48724307269425,42.45513222461592,42.04041669369109,44.28124223954224,55.74980629574783,-3.931295227446909,0
5.512299172890018,8.358289168451973,19.55467433219492,25.49149308436269,19.970545709945704,14.990888366362093,51.26836267008342,46.363259050438,45.511930879588654,46.105823332738815,58.11343565907529,-31.460147046096434,0
5.540096653306406,10.215242768133232,7.595970242762704,28.1922953872656,25.90711488846889,28.97713168090166,40.06342088637236,45.30070328277399,47.817621408865165,42.48949863296251,33.08173469794271,2.077489344639486,0
6.37930482128318,13.884205705664575,13.108676426435611,20.14423946843465,21.529563852599004,37.23942698549834,23.618591411885923,44.453345558100175,46.56043446235429,40.36685923369073,46.329682088430246,6.52970058519962,1
4.383648411776116,9.190720772389453,18.44630682436184,25.38928954805036,23.01287576085896,30.917434241138142,31.655831418572323,35.59623876278177,47.26170297871106,43.849391114452494,58.530386267496674,7.045901542919291,0
6.391224533359388,8.63061590372751,15.126616745546372,21.89134039861475,23.4600754374545,33.73003201768589,39.53068217462946,43.21935040789424,34.29659241172557,37.41718715471767,54.01226138692468,-5.129504080886233,1
4.814000856251887,11.477820159849031,10.120414846532912,20.466861797489724,23.79569342155126,24.82096824878353,29.81544879050328,52.63028736815072,51.745425329152525,45.17308139470448,38.60361561336301,0.8683881196578991,1
4.649829599845921,8.38054876870872,16.590601714879984,19.173952750865496,21.70148334014069,27.36432861530056,34.35129601351973,40.81495439182709,27.38891196587086,40.50566034417743,51.30677414419584,-5.288318699278414,0
6.2081240290787,8.037529802894538,15.41926086540254,21.575842727567185,25.26325980511949,31.032709615152584,27.433085092997604,42.6828764048225,41.06185361328807,54.49239732972615,51.97851310869503,10.896340126053213,0
5.585806072740617,8.788219326313062,20.651104393211323,23.56073952877433,23.56345451756828,26.6372029004297,34.537966602409966,41.99331149153495,47.53440384439435,38.25952212151108,55.67574551199882,-13.201006439967088,0
5.740757712684171,10.069545583772296,12.808330073313092,21.802548317889627,24.69228354778125,40.63726676581307,26.564153010963416,31.933408682371795,48.35296853825031,67.21263416225264,64.64601020202905,9.611715963860156,0
4.523291108776726,8.484331435554143,15.325073579074594,22.14269865334053,23.0205513232592,35.43428048936106,26.21854571967853,48.45998610991313,39.84933043129165,41.665021751168986,48.43306002477459,1.7739342656226222,1
4.822617355926171,12.497470567743736,18.921851300198828,19.981938469878084,18.962485705751742,26.1877886220143,39.94226309354751,43.15052442386781,52.39851752482118,42.69020649631409,55.21057502545122,-13.194086518864893,0
5.541119622590983,10.55697051605148,14.453822720498328,18.66508037763306,27.82006761710185,32.69838269212037,38.17044469977891,47.43616665188181,43.74930120052723,46.06066726176019,60.74042487519599,-0.7207208418667865,0
6.247608695751909,9.01446373609899,10.27319882970001,21.67125041139901,13.78133672975596,27.994794323512547,28.970619973779165,51.2468937750622,38.937494726566605,48.41182744538681,51.615348914625805,8.659883287125231,0
5.696760493882364,6.370094816883676,14.314522849567762,17.300890636502007,17.097866876697474,31.461281288302104,34.84111556186691,36.604145813265625,35.481812559842574,40.17032653794879,41.95975417444443,-20.83615693964855,0
5.279113812102621,5.811808803398959,6.374177748057482,21.213485902344267,19.44258811782908,30.47312830357583,45.48302461742841,39.87136263505835,33.56441710809797,53.84334151300096,48.106047408377975,-15.878298854021294,0
4.117994714478371,9.35033360949186,13.990972439512396,18.787076689871288,22.35509018532072,31.223502256620232,34.82875053115358,45.87287581962819,33.237128815853424,44.43995590498184,75.8958444857706,-5.29642049563023,0
8.145900340131197,8.34628484807254,19.26131199156092,12.879846754410488,26.509930631889493,36.627052770503454,24.44710751834524,51.15889232173121,42.876216949502286,45.29706981979428,39.43647850982487,9.756849799026556,1
5.1322623420588815,12.371663542785331,14.80891042456014,22.86632473138194,12.815619606599167,31.617753196422537,31.898144227093464,30.74531996743196,43.30131095602038,47.47799005868589,70.55061026301412,-10.763100667365268,0
5.570326551080536,10.503065398387582,16.993733418258458,21.890352022112847,22.58103252854217,29.36573726258036,30.56779059819928,41.24055920120212,43.060336803198965,47.77974919854561,57.67904759545179,1.2291050296746164,0
4.116178359416139,11.224569803865,17.489639786716523,16.604699056033603,20.29712155431221,22.895691776272912,38.63841226380499,34.20431149880948,55.05036884882158,60.65397778918404,44.098739139844525,-13.98035331432476,0
4.136684669379283,10.601841764666878,12.773045315351055,23.42372927169781,30.380254922847108,29.551243760258146,39.56790232771262,21.54989998448212,41.60839219002022,50.37071239601067,50.65512760516043,0.3530532502630183,0
6.126847761421678,8.67311392566285,15.147271478625386,18.397108142857384,24.066307090808785,28.581560790637315,21.74960706655868,42.490747301870805,55.01760904250922,46.776778259558405,70.82158085540513,7.572800366097157,0
4.462528385382864,11.832396262946308,15.786510851250553,28.368180527629303,17.794975748682607,35.64766695796303,34.932042586471816,34.111653719080614,56.71928417556941,59.76054292283145,53.932992135926526,-6.543622070927129,0
4.368322332311602,9.632166031251682,17.501795957939635,28.02066635596843,20.24650324970577,27.52294478852393,24.612930956225867,34.15464521891728,38.00138005581771,62.78563327841252,77.45764812333313,2.918835377033969,0
5.985530346532953,8.540287416777902,12.218940822117878,26.8965909983781,34.420507191885214,26.327249909407907,29.50853503575604,34.26176196939183,66.011948919938,48.67614191397308,48.91963489610821,19.805935124855274,0
3.89268131512624,7.505941910523759,15.39475461832708,22.5380699095792,35.70354674991676,24.036911852530245,42.0770451348872,42.27307003140187,51.387525245297205,33.267025370258274,49.76594561230867,5.86230649415238,1
6.4345608643629095,7.570063997401462,15.608206736988162,18.748743069659483,18.779760557094946,24.461872851809787,37.33143948675982,46.01924575242168,60.25742608924365,52.03188201406955,65.75714784177177,-8.955368834481828,0
4.390240432702798,12.20899888691564,13.05091510880407,20.650596859645084,25.129033801521896,37.48190847170708,28.31780743863655,39.9842439594001,41.221632349751935,50.145958761732174,59.96908729286337,10.062182598960929,0
6.365556504408466,10.16735470682123,14.490072025345963,22.64082365392559,27.013820112990107,43.26523211201602,35.13698354695806,33.08454108157085,58.51164735672453,55.01300801505864,53.91202486875585,10.6162604878626,0
3.3619822852903445,10.913302348572955,14.314524754707568,21.54417901732163,23.401766474992726,29.48136641717385,28.023683353588908,24.54838193061933,48.26129504523959,61.57875376560813,54.36403741766517,8.599428685318685,0
5.092880928975941,10.156465160150413,16.686503540860528,15.167635230812614,26.26487836779441,29.0254293918435,27.213219494358743,39.97393930849504,43.93743056520004,68.86377705967709,50.59350106649627,7.539970443460517,0
3.924534194624336,5.760208477110452,15.977281031671357,15.341794518230287,37.90855864751011,42.19307055990268,27.860550443518008,41.05888819395946,42.29744306583598,60.17302863657836,53.34303972357031,21.09341075211032,0
5.262574126995715,7.592192868810772,19.511621904914527,18.289669151589703,18.620345457531883,34.32526535153208,24.69047565684393,35.91785386813741,61.08692903878512,62.573474059334615,59.948122759660535,-2.0157090121324552,0
4.960401126031829,13.533284916653098,13.647213735436452,16.246986928105613,29.49031250853146,37.30576189898371,35.03355522428297,40.98747275138809,37.02988142816314,44.6647062468855,56.82518140977,14.06987765289082,1
4.385467072816179,9.348565348863984,14.649228254027737,16.294306811483267,24.69589994859541,24.72028563682409,31.048078443124144,40.3733997840831,44.88862683317864,45.21120144562005,63.142579800865725,-2.793454965867133,0
5.782145852847149,5.770039201034996,17.492773155168294,24.26260054567169,25.91603783007478,36.95216017633872,44.04702876097937,34.29857294042272,43.988303664478295,45.62594022803707,46.726489962020224,-12.945956510225836,0
5.311658887366487,11.197036618201052,15.108468369571126,22.37178020391279,22.832366829289267,35.019126789597564,29.66168991461248,39.65619165194806,56.09449641950226,39.430217490241446,48.71234017428238,11.687865752785973,0
6.20012232714544,9.874067541159157,8.908570060961587,24.39365155210634,28.792647829833783,29.253441931157653,30.790652524460445,37.56828249233716,45.10983598578758,45.19075127443968,52.27947103958458,5.507630952210936,0
4.529977565412126,7.120186430654329,17.95790156771439,25.927646159763405,21.092950450105228,40.5372409565596,53.39218157536206,29.08377448567326,44.11955133153979,34.647750363436074,78.0521355142254,-30.09961108016177,0
4.803105132095203,12.753005525458898,13.9256232082262,21.61139695074232,32.27392417696577,29.807938098272672,46.59777434142226,43.61007554418377,40.0570359311511,64.19300527548525,42.10914245576063,-8.439000844637977,0
3.102460704146142,11.523492962713336,10.40089539492123,22.53636129486626,18.52632408641346,23.75238409392994,51.1166279121831,37.021298284079805,51.6042463682054,45.61018734978579,47.897753088949095,-22.16911695622717,0
5.718646025478643,10.097975540913533,13.003912751305467,15.178079047403797,30.22065421327468,31.44279765335326,49.24915320666112,35.70856504594904,50.95417539241466,65.3530558393374,66.70820533076645,-4.035291269041455,0
5.517609652781383,8.905664251818575,11.979549517468058,22.594013597363023,23.90593167356282,31.60421414856306,31.720594788788965,42.13066916361209,36.64552854377382,56.18944251885081,60.354693329396646,3.5174924478092846,0
4.526304372834604,8.688947223348283,18.04296341757704,24.96871708975108,28.59655106956693,23.146899755999875,27.24835502796621,44.37076629453679,50.84781958601691,44.62680012936984,64.90013858371324,19.488075149400057,0
4.83668494457062,8.910353776602955,17.5252405445407,18.82860199203913,22.60978691416726,25.218938444992773,38.520136765555534,42.43896452166969,43.17223191681205,46.19005742970983,55.54543168275278,-2.163280327204127,0
6.480870354118765,8.680231158724752,11.555550106243995,26.01809334606766,22.24638875444068,27.829728553639224,32.37865036917882,41.008899854103255,36.45487971179239,14.32026239944117,38.78494383945817,-4.911105280477861,1
4.302117564420054,8.42773604708599,13.160364164545582,17.37135982988932,32.114407368559704,37.85726903257695,46.45449652209194,34.7543108119141,51.35073476778077,64.52634937427221,53.908557072158246,6.919311311692413,0
5.570706905700879,9.103241258491812,22.948239320133805,18.210287900374727,25.870619781710445,33.70016049944862,32.597148720167176,40.24492188059491,49.831052756888056,33.39851073054503,65.43068897523041,1.8769933007772448,1
4.316045045106059,13.104896870673024,11.349833928659567,21.12383083129792,21.911513195285146,38.80570451828804,36.74226086447937,51.26384459612811,51.94375384047674,68.65494927859768,53.22266879182731,0.4129982845055986,0
4.900625387247375,7.806830006962413,15.631295722685689,23.614786204317166,26.104383886069005,32.50574636186217,35.57848799767579,52.19151932076997,35.323951085439056,48.2912928249793,40.74585710620896,-6.395462261930398,0
5.4104409375354345,10.965602931152512,13.203173962242092,15.2165286655911,26.70833461695645,32.24630415102199,45.325294359917706,29.53262753041549,47.67047292387503,45.72768012302824,56.77179289083292,-10.926152231252145,0
3.7708189355236654,7.371271503305977,14.688674451041122,18.725561746676284,27.19702527075529,39.47703258937052,36.75193005807901,45.1884538001928,42.28560697174515,45.16009410446438,64.52745807634867,-5.25768409238926,0
5.214290137077776,9.8973347300489,11.448067640104316,18.368315919992657,29.386239441384795,39.092651580853286,29.30144160521159,47.19841944471846,42.14185662828836,46.54460943816952,29.423364345621,3.1864563607551206,1
3.038915506026436,8.644583826161334,9.212253674961962,19.414884915363626,30.57589425578404,23.702682924536514,39.76498147515508,35.570232015182484,55.834007651440345,49.37359334936853,72.68459433484519,5.40756150980076,0
6.079718738373891,10.116842059918907,15.127960272551965,27.51035170744937,28.41356182068124,37.45750495659736,47.31949578172038,39.985284289976406,35.81699648927622,56.90341388692698,66.2823258427128,-5.76553222299138,0
6.40665218721457,7.178409250668588,16.612471656316725,28.053038458761744,34.904979309375406,22.427549643237946,47.02015360807593,37.65752199632839,61.3156837459666,59.46999829256759,71.97490473738483,3.427508794704229,0
7.625145945318547,12.34264947070104,16.724786383630903,23.197057168694013,19.897287113755645,35.5412423311542,23.88686554210536,47.07905330235665,53.11351138055903,61.31050353875678,53.66748449994462,-3.8709805991932384,0
4.877819539150182,8.823559415626452,19.26525195254538,22.293560499273426,26.23224023245433,32.93455252933676,31.158204773348885,52.95594987720547,49.50609547278172,37.68440079916634,53.076417094773255,9.901075915451043,1
6.01702913930331,10.667150974147876,13.951376096905085,19.27336895472498,17.542848078036684,30.84410404230612,35.39958523140266,41.598454341928445,50.60913028710915,57.91484278881096,67.28170638295101,-11.680813730361947,0
4.473697602271422,5.782514463375559,15.839954251599693,15.310754407488002,27.9308127656066,26.840373867414463,24.72649257621198,32.485539033278855,63.08201518941883,56.93941635634701,60.1696161930765,3.775746680070512,0
5.353491213491055,10.231077691131476,15.30367211617016,21.658995121587267,24.510265399888,28.88814878268271,36.59045636458352,43.60684045687716,38.74813472087009,42.25106374381869,66.15955774881868,-3.95052676151513,0
5.435797260780088,13.66181748537076,19.00719005722348,20.766341960473653,23.33109134732128,29.00136736647648,46.296758934902144,63.06618989098428,45.03535028565057,62.41055637923522,72.80750961975374,-9.34492707240307,0
5.317535732368282,7.428025408754159,9.793486626092744,12.939283942141376,24.044504496175943,34.90742328473647,34.97817234520533,53.02966814209801,58.57777308282458,65.13558918767366,45.60176213099899,9.74444143323507,0
4.94347270044075,11.618863400240995,12.507038893353448,24.456195804945526,18.65370763604569,28.37654694497226,41.58560461847755,35.584033447311654,49.3051112376275,36.64599180499776,67.17240851095305,-16.306490692756874,0
5.554018905862924,6.453867554891415,13.311452434379524,18.50816093018456,22.24215587328046,20.133972851424065,42.29118902286304,31.085846398369178,43.03763785176666,55.74624018838166,61.72583583970093,-5.15095886858887,0
5.829252473792344,12.054187880979637,16.17274807858138,19.88140398078643,28.381709978619813,35.0654057716464,28.447864422668683,42.80850749443699,46.11780713033498,47.56376928010837,51.12462197958205,20.383444055149223,0
5.058883554194093,10.451142040875716,19.71171125565452,16.04678051459895,30.41314757350808,15.311913756390233,50.21725256698575,49.57797109479185,49.21958596086079,62.86381978876512,65.75959627677287,-3.7868742759347658,0
7.395076479642713,7.601325800828042,16.6382610952486,22.011942935962686,28.488516146852792,39.689617706163325,27.124449031510835,32.223536328946665,43.66127229938136,44.44957726836169,59.59719819799981,3.060021844218763,0
4.483981685295236,9.007312531605107,15.957429053553875,17.914029273664326,19.42216346270692,26.717562557336866,30.83491220218536,43.91150173954764,16.636773807126,49.18555130882779,34.383571818379664,-1.182747766104526,0
5.355957580402307,10.425328934735932,16.735107543228235,27.790208093752497,24.78671624948032,32.2569773118539,31.977031605707296,44.03675979772272,39.95766726755249,31.88400274472581,56.35172504923695,9.274762828152609,1
5.036124763885487,8.050305732247292,11.32529811766653,20.916150698216043,26.140648864751256,20.87498790068487,41.94864214566381,36.188059381676446,51.42540165243872,60.73646390617773,54.71112177828125,-5.068639048050464,0
4.545166336796201,10.275009734544136,14.277143258032154,20.55215825243324,23.83868220311754,23.54982720217529,30.41393927329809,37.26579982279395,58.99817236608533,52.36729500648632,52.93526885237669,-3.088344164446358,0
4.803871115475852,7.999600249938005,14.499941873835546,21.61638174295889,23.675893619342784,29.94105118285717,39.58208226337575,43.40923336199987,55.44267679056779,51.83392482850338,63.29025251895737,-8.242406300821136,0
3.3894749971716225,10.152400139588456,19.225215472955654,23.884841617866734,27.29380366227986,14.564436975895456,24.47043050582579,40.63676228042199,40.40062968564416,62.13107834283908,54.32773519667945,11.724657135200516,0
3.767328658652078,10.218911745826349,16.076367454398046,12.065290232289808,19.10076033052373,29.8717726597763,32.120233984232705,40.71919862000546,48.88097364541634,37.33606877492652,60.38929338834513,-5.171774718650722,1
4.8869666228240005,11.183833942430711,16.09741449738495,21.755167533546704,28.838628582075287,31.201804631481647,30.70768747917912,32.31580089670455,40.6426791840996,39.50846185804024,40.24792855104778,6.377658345312219,0
4.080671177595187,11.943859649713628,18.29189536627232,16.752816107591578,29.88025745232551,35.64620079168359,21.43117635979233,32.65348063908634,51.78447028794877,56.53825499614573,51.33190983214041,24.05802607948104,0
6.203037061958323,9.435203343548276,17.424886912499236,20.273708926793542,24.606139847563217,28.120055125698222,28.940650787154304,27.74588189615468,49.61486866459382,41.6663480074655,59.30031366251293,8.15942267860476,0
8.039793617091808,11.518681820226742,18.03314492328065,17.758562666337372,25.850465607334893,37.11839517194193,40.12603686625719,48.27409310825448,55.9980889435156,47.41962835818186,55.55704426354195,4.726232501648706,1
4.93610150709297,7.555487559456703,12.200611541402989,19.67906860997187,31.22948925072937,33.14585515408298,33.65028818322921,36.10499747770769,44.57430244518766,58.99636393576661,66.39340335887455,4.325094126357694,0
4.100196703303718,14.024879255890514,13.454265115562343,19.51247675286916,23.30643124927853,29.47235524575569,32.21329450370677,28.94609850687277,36.701002433125794,51.56398396108572,63.86762036742613,-2.2791968586656,0
3.2781924369350226,11.852942621628513,12.382715231842733,25.5342191374263,29.11549307316809,35.136228586757646,32.72741629153211,45.79602530714405,40.42399984627096,51.89814533739669,43.77389712268216,12.66093638930496,0
5.105732861164955,10.905709243872934,13.9364282349078,16.005891723750587,20.504196007789066,33.0733431090989,33.16126586210427,35.23113585198085,55.711512948173855,43.02092030393439,49.78715667708448,-9.563934604450672,0
6.498004877685923,9.439024238818888,9.283867013278346,20.71716984194873,26.846394750776085,29.997511934830687,28.41119053517,37.72563833186024,38.93996176695945,55.691005323436016,43.27846593032493,5.361066939968647,0
4.051669288006553,8.218933706411686,10.17945007992924,23.321795433760148,20.39556247209856,34.00720582172522,23.83627119692264,37.93215871579699,49.68755417384789,51.65759292432242,63.86066018093411,13.567336567483643,0
4.091219434423265,9.08615552931058,11.286432017265463,23.859483098287548,22.241905378094284,33.13595225713697,38.23698547010618,48.97841396459837,35.55663165504667,41.656722301618736,50.926706655986166,-4.9809023448831615,1
4.544377180880753,9.79075093274864,16.833989015798142,18.719298465000005,30.584704638451463,12.617246815040929,35.64394142228673,39.25396429538405,43.21322610394939,35.72944880704802,71.7965427612069,6.105068594853551,0
5.783887068081567,12.09851430669892,11.282215921243615,15.5684848879868,24.99956726817097,23.562322918010544,34.4512183145129,39.42787063457091,44.759779979172784,50.30302077872629,52.1239269324581,3.5276684524038533,0
4.004117190105228,11.283692212270976,10.755198385772296,23.79899518979828,24.632810502160268,23.42222066321372,29.18058319555114,44.59337945012987,39.38786619713183,57.31260819438599,55.46556372332151,6.7638209351683205,0
5.2435904586497255,11.57748243482912,12.343341996754452,20.4589865629407,19.648497089965943,27.72135078393401,27.288165512669604,43.16258309983153,47.12912720334243,40.50267744843235,70.03676593146378,1.4221409241886334,0
5.825952424843233,10.913258345797376,16.30572271979012,21.18035433870304,26.198613096594325,40.25131909607497,24.985921469574784,38.0108108727839,38.53202117797601,47.57870157680129,69.37027008008876,2.6769202922589024,0
5.167803433107949,8.075340545070059,15.197259743919368,17.708510045790124,23.83404897139148,30.769662395891,37.04636197796969,39.49336448572376,32.77494335246708,76.33145250836087,73.58102993774665,4.205214474703048,0
5.391064369833348,10.081273574187083,10.876292753798474,19.326600143472177,25.64576275296158,29.63647679791936,38.44517677583634,35.672574362700765,45.5483148189316,58.67109821349866,88.24865599984736,4.529890308459699,0
4.6747720014824905,7.485832419475611,19.083835236690167,19.35300821532793,23.578847350033485,38.533725605309655,31.098248062834863,32.1056579393683,39.6518257684738,43.82905165541199,61.66746182755074,-2.291318433651298,0
6.294746286920328,11.4058711291378,16.60455909394256,16.23358147923067,27.647792510472705,41.27681589324315,33.99410899367453,35.44200423323038,40.7588402175425,75.37689271531525,63.04334115519862,1.5424123708542423,0
5.025719634351265,11.740153413716666,12.66176854321306,28.38978436935368,31.51041326517972,35.522725650008255,43.5505611337797,40.80581046867061,38.245628979736445,53.22304877481516,43.24792207116781,2.456018021880352,0
5.532091327610834,9.258716188714043,14.467077250790934,19.97425252341255,27.99821659214085,29.711914175567617,29.722425309593334,38.90311789173102,42.016468887879526,52.96035058977071,58.4277977282668,9.60987078873972,0
5.91925109415871,10.866409380171048,16.28399631633274,25.1726508018614,26.902878439891435,26.03497498270448,42.82436702006592,44.143237836095565,38.231830137591565,39.54605546394319,51.52862311469129,-0.3000604550667884,0
5.757496202596322,10.138419927218122,15.265600408897605,19.503878890340744,24.403602776615195,31.34384152871137,39.40907751300607,43.41944923214756,39.949563886054506,46.03001249413092,45.36381373214871,-1.1855900852513472,0
4.627079909674194,11.50507849435392,14.804781468211376,22.597678902552264,31.95856744129117,27.518809937396163,35.30560171936829,58.86715017120342,45.85360663765355,57.24136634711196,60.054299120596085,2.15200475589006,0
5.121345150815408,8.35643421214319,14.8176521387131,18.9448122139018,29.65119309614643,30.34537466763042,33.28507372896276,44.11219170617144,24.961598273501696,62.495051555976765,48.23783915883383,11.71381659853902,0
3.5086675764803656,10.978277183595235,16.306693635871056,24.9384725367502,16.425737486650156,42.62913391340819,33.18439674402873,45.90975369332495,37.42534446689223,48.93243976337001,62.30300147134538,-21.83713236935612,0
4.4903147332521245,8.019010826423944,12.23962838312884,21.877768656681543,25.89960473091738,28.360853249380902,24.358601720042508,31.42287332252611,36.44302622985646,44.97106136645845,51.53742839898991,10.486815736734012,0
4.906951239371303,11.01267318211618,21.74461605592232,10.46124662887368,20.184621520977984,29.74185482525657,45.12294873870715,40.57869795848609,35.743317159054406,56.56048191894333,60.752543219461536,-14.192878983151724,0
3.9461198213814495,8.49348623722799,15.768047241509594,20.97013980983703,21.941506128971103,27.703167345104347,31.18530137828878,35.348994170616706,46.66083902225347,47.31252775397337,65.06357469488603,-9.531490663523336,0
4.622405502891019,8.168057840070983,13.62671610664029,15.432867130794133,27.19362965495965,32.15919683028679,39.60027414085813,45.06867531092287,56.77008600238855,51.737658688896985,39.6685405197019,0.3949363384790061,0
5.967108810039932,11.243815215571454,13.679507727387566,18.660194455200223,22.53425674781921,35.1696091603256,37.904582694134575,41.08553746813404,47.49018213062482,52.66094634035097,52.9061188485903,-0.0533539333541295,0
4.367064407112442,9.214502752557172,19.96652897062877,21.76449049401549,24.02027054304747,28.61027995510384,34.37689740517427,49.8784070656245,41.82949539635209,56.38076911512272,38.32449813522869,-10.323688690720276,0
5.580720678040353,9.21506885477432,19.72788470932863,27.441712159098746,19.70454810624922,27.927040226436347,34.45684417521068,40.3343549138441,29.599896701225177,63.99697656231501,55.45611101502016,-14.706219133087334,0
4.460467513747289,13.147418779100224,17.232189532479108,22.36568593707613,31.38929654835762,28.26833642403265,21.80024480047247,49.533128095621535,46.77788046871861,45.16090962236471,52.80743462816593,8.727440251306325,0
4.15227235580222,10.817369053148363,16.384937184816444,19.9883771739066,24.171777131800784,31.41801493818057,44.98283464134239,30.88295113251028,30.46127815357756,29.309095822644466,46.66268991860548,-6.383270849015126,1
5.636287252145888,10.535238693999206,17.639512906604256,20.80988958692722,31.68961414098252,25.191317923494616,27.656845534742903,37.0326226359675,51.440213095074455,44.44419578907309,63.13063795872903,8.845198615076303,0
5.958024951221523,10.879969838823795,21.169912248723755,20.95621412724208,21.71218021691297,37.03155751628612,30.09048205003769,35.890291090058064,51.25846809305232,59.280998828279415,46.366415112595874,6.077369571175465,0
3.297316900735555,9.474417207751811,15.877501450726951,12.75357861780249,21.231176925515523,27.32409744355352,31.77608785381968,39.52321898707687,49.851450241430754,36.40477902272175,60.81881903239047,-9.430111841845452,1
3.7684798589995134,9.043099589229945,19.48861563474736,22.884713269274627,31.454381742272133,20.110817037015973,36.487867485487406,35.538908168879615,47.30537816700353,62.89020608826675,67.1329477387816,1.4712382701622395,0
5.184034696743242,8.914765248388301,12.62959659322496,20.32426548960821,21.23727561747373,29.559814275079084,38.02627510532718,42.17006903602513,41.39569605682472,38.95808222547309,55.34855250742594,-11.6260655867759,0
5.342919749730779,7.502992980619646,12.837824190373665,21.57506667777275,22.050342953223645,33.997206154692314,29.453362095911,39.604942466936265,55.81687957071743,38.7269261959247,64.14710730674551,-0.6208412511706225,0
4.272875966487012,9.16011945433754,14.95568741964754,20.29014137402283,22.104618396479594,34.91645214713001,41.01370612890587,44.49581776054108,46.249676522393656,51.93735287470859,63.52590919967244,-19.2705208633814,0
3.489397746936483,9.171439086676203,10.81338961341854,27.14357521390893,27.070236718214915,22.7566571259422,29.505329801221546,34.02379639273205,43.74805665893217,36.10567415994787,56.29231702782309,6.7400178325025,0
6.174815985659111,10.499592200642926,16.27848437509576,21.278535126637014,28.15129300173923,34.979812467253026,43.789378173796365,37.94624352753804,38.90720529753712,41.98053228000611,47.047180796867,-1.2498570961105733,0
5.583093206691447,11.934236225130997,16.812511341675993,28.69777771262348,19.93076723693764,30.133987114937963,39.821425628892186,44.84528656730082,43.64742798494847,46.43687095352895,41.72563344512715,-10.945411449619192,0
4.894765356869627,11.656898175243107,13.057383572680331,18.3258908621673,13.584494027423046,25.08929793699378,36.48477405002176,45.06748055968581,56.26144984849683,64.16766651217407,57.73676377742457,-12.012049389512528,0
5.187059390225701,13.068939138307506,11.321924374243116,28.541255283336515,22.37683153112476,20.02921511229792,35.65149510298217,40.122498791545546,35.545157028175765,42.17372853084117,26.31772866293543,-2.2280695023159285,0
7.046562189714326,9.254325310068104,16.330874991833085,17.054217548176624,20.01887268603506,27.32518980458253,28.43721772383467,33.49015883347586,37.61108097398459,34.05837343887492,44.50186537007684,-1.454775914788775,0
4.341844455825824,10.791292659171798,15.406377595192367,17.368655315480538,16.563403626856854,33.682056290858604,35.20592230769149,28.274921822502268,49.08078325353405,52.64780141534513,42.04885402684201,-12.292582642823886,0
4.52013689893602,6.708516463071005,20.818987860185764,28.609545080259863,14.531698991646817,29.00123289448613,43.12147483572501,43.90073905945649,46.30915911449129,56.01002782534219,72.42061362504629,-30.03933645691555,0
4.252819263941639,14.40095294682893,14.006434032748016,23.59197176463564,16.65894991627134,36.10854888336475,28.283493561768164,30.438888019508816,32.879337345778175,34.84311424614703,70.38223409246864,-1.6006377923330994,0
5.2801824396014165,11.371256643764404,17.859693251791356,17.897707140624888,23.75981225385157,30.147111845356825,30.699158686879315,34.882090731085434,55.88564523088927,35.1827157499549,81.18689993126745,-3.7929517499906966,0
7.282569424775872,8.9070885383189,11.923847095350446,23.86922260283525,21.643879614632034,34.87246746859314,25.053180089371303,40.49516321308327,46.06089651002959,40.05950360756351,24.118392356909325,5.942367234515737,0
4.080512999540367,12.514555273767616,11.366429458347229,20.36149856746596,39.69380558999366,36.89082079304983,24.61049547137106,27.81200608339033,50.39124155097013,55.13706742473401,63.822586306936174,18.05778984993989,0
3.2640158516689484,8.29199901457037,16.956313586276163,22.91906104276737,26.956504065353496,33.24277960227376,30.2876650979633,44.00105959572621,45.61098649430102,51.79646894803516,58.99376274286544,-1.8066487985097928,0
6.104699339351778,8.80373534751155,17.956428066152853,20.361525403446866,23.69556002370184,35.596201724821675,44.80023490946694,26.563051706134555,39.60368528766732,64.4374898776499,67.44016871387021,-15.796336761515054,0
6.6952248976822295,8.630278070936166,10.842815115951533,16.3661922718453,32.9604510665474,30.18861397791056,32.739788623406504,46.3777205049626,58.12440446585273,30.69116439660594,47.26055798940799,10.187542961960949,1
5.170705519446201,8.841279946957469,12.864319293026414,8.381602387678516,22.50412241105135,23.81776914627121,26.715253187759338,35.0331137424265,41.46048216331516,34.26543518490386,44.09000164455661,1.9638148714506047,1
3.770881191521785,9.865975430094108,18.179483042157933,24.02871243309654,31.19203943448549,31.27269909828094,16.56766006629963,34.99132728330605,55.380830195781584,48.061793210315074,47.014088931134566,24.91648611744767,0
5.084542428900657,8.62200354493987,12.587254031516371,15.689261147792628,23.285766119077955,25.96795246454969,34.728501055950545,43.22970442680364,46.98711301324556,48.30446878523573,48.76118959097439,0.5400028665200993,0
4.722613713491535,10.47496268658174,15.903627556229166,21.69514329987549,22.1348290668487,32.876877606346255,30.01956101208832,43.228145589457846,35.61788926814502,59.85578403453991,64.0688447526649,7.022024179750052,0
5.408220018366922,10.579200553757415,17.83040853888647,15.930491219329213,26.549759781644028,29.00749654101454,30.86468214526825,48.59277630217738,37.65926301192569,46.36626676238378,42.53465618217405,3.835250441467228,1
4.615245002057881,13.550859531071175,8.924240418636519,21.59840072293597,20.21215029246032,28.42901959371298,48.18566929881611,35.51128875600002,39.57743230521239,49.79360105895707,54.53312403727688,-14.69691231613213,0
4.786421129057218,11.23018122479207,15.826763997917691,12.438338111629436,18.427915920747207,21.35382680140912,35.33827511544247,36.99810964587695,46.37730299200834,42.2199745028603,50.62274284839326,-10.899387040202171,0
4.167771290069699,9.4799297197682,13.315045735950092,27.29675775472304,30.58673271514101,30.585424358211995,33.431481714621405,25.159587236356863,33.19249211186996,41.404363242134544,64.17041375970332,7.195513732192142,0
6.164612586247014,11.076411266405374,16.55717858593633,17.45064692394272,25.515095311554106,27.007952615808648,35.03709339866736,44.03490192117423,41.56379290168863,59.69452708985069,50.0441691345481,-3.4017325502110216,0
6.189369080958316,8.290985158823323,13.716683241985637,22.32801667166125,21.98504816749056,30.178420540319205,34.9193048494417,38.904242860316586,37.43219620028121,44.64438658034807,35.2212403205806,1.5567710275034328,0
5.6786980457092175,5.689916381069805,17.418990138920023,23.80404855769258,26.432741668920745,29.75853190882555,40.347058151982246,42.38757622038315,64.49212720254765,61.69304952093018,49.63326590922069,-7.921773075225928,0
4.71152650020386,9.702155253175295,18.67519266097161,17.207132683866345,24.76010702457696,36.551994422276415,36.82700249721952,33.092241483756126,46.693289545073554,33.83808622241832,69.31188028010283,0.3437167861777128,1
5.495660119452316,13.714257036117033,12.088523424929662,19.77186563502893,17.616942133562013,36.25453141063095,28.142162009504645,39.70777503930149,41.59283588422519,54.717602775353015,49.05753412356519,-3.934274081595264,0
4.723196433540944,11.950651817945822,13.118934427652604,23.073499976798885,26.8854906544645,29.398774472537497,39.12172868757692,29.70307690266422,36.51794265303455,42.18108042461189,65.1280782950037,2.261735764935943,0
4.089904693529131,12.0602659055513,19.66035381698717,18.058864815381444,22.981055379124687,30.77460811951065,26.18556154177763,45.82761864804588,43.8601289001662,36.96472967719439,81.35629630771474,-3.836954117146546,1
3.890516847464098,15.224464202919672,12.093689512044882,24.76923061046999,28.352279129110126,18.769423339044387,42.33830626181416,27.43513259033125,58.93968667635727,48.91474062299136,45.78552951883229,-8.447457108284093,0
3.3314604369534324,9.302895526176554,17.617212480880497,16.456449502499392,29.60359188725784,25.182075566887235,37.54201014375731,40.91978664516871,38.93604969079258,57.41792078176652,38.08864220621466,0.8885191363856412,0
6.1941274621704085,8.284193095156242,13.642567958843545,21.73909210096203,20.070786038057857,18.91274979773731,52.15521262523803,45.41436400350483,29.574183326404214,78.46457069319891,42.624380393392485,-19.53449131383617,0
4.488178557801328,9.438501234644168,8.987415866177024,17.78016543988784,23.828046016371303,21.119352712439795,29.251570462162896,43.88760935030303,47.67801628241407,53.18465586556146,64.20628433080276,10.724320704546006,0
3.3222800175627265,11.491567771233097,11.74969792795959,24.18968955600845,23.56656805485852,26.983533808709566,32.95704667564418,41.39788059212152,48.04731749331091,30.363502922612483,42.48024324392918,-0.1105679642613962,1
5.1568685589983465,10.012031560571357,18.55583443093496,15.052504427591812,19.000109259241164,39.14582191284947,42.30760552768203,44.55743229692813,45.92855387081672,60.22986055231328,52.00693387627249,-12.028484368772206,0
4.03192191031918,10.72409829574475,16.637445988562817,17.414459013870534,29.107377362140085,20.01656144589704,38.42152847798697,34.79792865883023,57.60592398696984,53.62873178569968,36.66886740285996,9.866769862071642,0
6.4701636338251225,8.195902392059788,15.574847484396534,27.02221463692385,36.64630701638953,19.54039285991508,43.49774500145522,26.904904960074823,53.89186948873734,64.25769118472161,47.37942135762116,3.5996392004863083,0
5.593075413625175,11.044268175103904,10.046770477578722,13.99170110358214,17.334439809539756,27.785974983816367,30.067318764124604,39.60074057576488,37.21447114866078,53.09818908216561,29.36632768581788,-2.363753126291986,0
4.409957821923725,10.93924531016706,11.744637763504894,21.31361402765098,23.56969286498977,36.68243648211145,38.107271670734384,46.09851836472595,51.03088913440473,48.75017599194821,57.37185412342552,-6.6436879790555325,0
2.8259275977382208,8.496073565127581,19.44721691509005,25.026874464484685,23.43865016231963,22.88169291032419,33.73161429015075,57.74615417694807,40.962530814952046,62.0713621268938,46.26941975477487,-2.094583191309869,0
4.885524173361403,10.58675232439377,13.932395165050965,21.32095982547501,32.51005811690888,33.562803316889145,26.99322060108505,52.14933099752049,47.642196097185646,41.61819424654543,58.01190695130295,10.274716310819658,1
3.727644867033269,14.864267678954135,19.545881406777344,16.90099323794788,22.312316676483302,30.149610084739948,37.37629693679688,21.203735661292583,27.47942084564785,55.30532340907467,53.69343536495048,-10.366862053429056,0
5.37584721977086,10.135920833595348,12.494334948987396,22.119228183814847,29.78708162185024,36.909584792393815,25.782118108237945,39.49781629502963,44.26279021661737,45.43433092014333,50.99044435792558,6.249507412057459,0
4.218837795533587,8.776441427260124,16.03054084046322,12.712976989669189,29.085400958166684,24.68399108882472,45.881867523446616,38.35986729399204,48.623487812940205,54.77548595201306,66.91976120873733,-2.370632839337283,0
4.88278349516303,14.069913205915672,12.367616524293751,29.41209927414165,34.06965276543968,24.84800546426205,40.05399043688698,32.01126934226672,41.91915265448907,35.84378401054799,69.40609278588288,10.443176907947525,0
6.2027930369225786,7.561310219003269,15.161711711551751,19.76421242413544,25.799770243945225,30.618207263488,25.510055093253747,45.16955930684389,44.13982601265143,55.49887226277186,63.5409634222163,12.712697689486689,0
3.754928130093012,10.204225778031075,17.40599812767709,18.97599264095897,23.22216494625566,31.54825902029459,31.712259061685486,28.92120646393095,37.96751320395087,53.125356562819256,60.69315228438286,3.360755078883205,0
5.142658517332022,10.557307354198898,17.084838091005572,18.1340734986557,23.75613954405113,34.20527477918565,38.62858972658772,58.1811881248924,39.281672579843146,47.02069878012672,53.96353656506536,-10.301328759819112,1
5.3705090998675535,12.607687859645354,15.962561004087052,20.92119269897176,21.783342196829786,29.957571751749484,37.588214779275575,23.56944502404485,51.91532882640824,40.14381046777708,43.35827045092847,10.672551738247956,0
5.071455686120237,12.954682397991323,17.551844060801898,17.60630024894288,27.193629142458224,38.87485265427334,36.249517785868726,32.478595817471465,42.9819191580818,61.42110137458393,49.12696949596954,-1.4633308520849355,0
5.136486189688486,9.780071361223284,16.019095471528583,25.99248861152773,23.126486304731603,34.23296238452471,36.22229553006717,28.245417411015914,41.4473566855262,25.4345019847495,63.206768790624,-8.435559172772944,0
2.9902940466688928,12.745543774166556,18.641067694411035,19.54358221763587,22.97630158088204,32.01623023445311,42.177957557545525,25.07871201311416,38.66936218538298,38.118814209635495,42.74130353841892,-18.640632287054167,0
3.5986927943367526,8.634375358335973,12.670289351345325,21.795567275610026,27.94760478798369,26.791832838955617,38.86654128159128,38.53277023414733,51.89207734850616,41.338141362280055,46.719222533430376,-2.95780248820642,0
5.172359128155428,9.55613638544579,21.561752710813487,19.24324643811249,25.619447016787475,21.90270484481921,45.4679838322093,33.851870108975454,38.94652816500656,32.00286066168178,57.17965908685115,-8.070974428122835,0
3.910305082617264,9.072839674175624,10.35629518633318,13.901758223470758,20.92901585529129,29.66610122321194,51.531091842248735,39.204674658078055,44.236406501120605,42.14723352751897,60.79501351068244,-13.247254460929604,0
5.892884899233242,10.442574273861249,17.150425005205605,23.55781050626192,26.942907360268208,27.3277356337377,26.79391261316716,34.34426609396645,45.35295870649468,57.85922645933766,44.32035332734528,9.235271765299435,0
6.074893998037108,10.8407339801972,13.216243669873109,12.882755650161716,32.71328984427048,28.48386715667388,35.02403382450787,42.15286705347565,46.319289083730354,61.13382718901876,46.78084499390735,-1.3063781861228154,0
6.363217401197757,9.59354723460724,16.450241752372428,24.12315966604813,24.379765105653668,33.523016089382274,36.567645262810025,44.06321459537272,46.21822950927715,58.37184974459842,66.2131322569249,-7.262490262275619,0
4.0223492366234,8.992692529390457,17.039565129684174,19.97690623960738,33.260634312598754,36.17961639673913,29.286516014898176,28.418542799110035,33.95595773732923,41.661439104795406,57.82202336036672,17.89667991313935,0
5.051727610161081,11.201838515156828,10.951348555451718,14.626440127994494,25.23278603917015,16.24205834288683,36.53447331804043,42.714413115247964,44.47626242394684,41.68827366649595,65.54631059006462,4.540921275648671,0
4.033153580667781,10.330032547931278,14.441993158237883,22.24863938261073,17.288842432814384,29.929061692558182,35.97151218899701,42.97967226116954,45.76187720190366,62.83523006637438,41.75580971449877,-8.452564231104688,0
4.98659895532542,9.294068924703607,11.825489829793185,23.797305230479736,23.24773262702196,26.743183066545047,28.75550242187237,30.82046436482464,33.141175170864216,59.3120492284374,61.059387476080495,7.272736031341664,0
5.175677622602638,9.815257860646073,15.335726630914085,19.872327647079867,24.52645309849411,30.877218094978907,31.18941308093189,44.06918252970027,49.8872860262456,60.39263818598681,31.586952722301486,3.605872943122715,0
3.7414536303722143,7.380699119053869,11.362589447148814,20.64531370280351,22.88083855074101,34.88049808107908,26.167682622411647,38.73535818247094,34.753990332840274,53.6419015096395,66.60480685288499,4.46182128132573,0
4.945499916410484,11.660481240029606,12.110365571279628,22.052504446910906,24.53475543081456,33.4969884032448,39.77467605720367,35.13890931995516,51.380604264130014,37.93682206855672,46.64419507137308,0.2043546710024335,0
5.76139659523981,12.464836482493574,11.906832435041435,19.73553659921837,33.00834875981889,32.100380425341605,35.07182120370515,28.01137061498858,38.973577874394216,67.23887468310882,50.74592550404607,14.11508132630999,0
6.578880209497204,10.47365264795238,14.464315612124436,22.114399535739143,21.828439681162607,29.691611255760257,39.70687534561369,35.29638946539062,60.28721522629176,52.353777191531584,45.66092708441818,-1.033020669982709,0
6.586146173136807,8.195827623876811,20.89840005709984,19.03738387499986,27.425705357040485,40.50796598880149,35.44665252137971,45.95399284680343,59.42810225885188,45.94612503109202,60.26092129072908,-1.363280611292553,0
5.169626680747937,10.81657977333188,13.043796035260945,16.86170873436532,16.784077965564347,20.982452957631622,35.97463940896299,34.49446891414192,44.90535230261545,55.08513285075388,58.243703167631615,-7.3562031836222594,0
5.83040613062659,8.727854605150124,10.213753893401996,24.218528093892505,20.568002371352826,18.528877291704205,40.626089845406256,39.912824516602704,51.84787783594221,32.346759347123175,55.47740243345535,-6.026627535212658,1
5.03921712891154,10.889685740633176,16.85384002161894,23.78972700587876,26.10475444136673,21.70348539779687,34.46901269746733,34.953135429308446,54.84231083602354,54.899499604614846,63.17112474952385,5.189760588947621,0
4.189775392828592,7.7798921260295,16.074057541619407,24.47986903550617,20.03237764496193,14.737650017122489,35.307305178698414,26.29626852136272,42.90345561996026,54.37295023699759,56.43771509600975,-15.414535320597892,0
3.9195951204784807,9.335059420635847,16.832835851888678,20.72127403998564,18.846696216593934,26.26828441169156,41.0487932438424,53.97070506081005,43.36365427742645,57.44028747869719,58.09694739951198,-21.861269681569137,0
5.112754989917884,11.864457569566774,22.326770777016225,15.097952699326042,27.52822504347404,30.03581783273456,29.7039961206821,28.00057069650503,34.50978601825282,55.31306530015116,59.49792720981307,8.341259722578227,0
5.504005896489637,6.695997162776957,14.85136179442425,17.87603745887553,26.765639391162686,32.308565507406584,24.56319773641664,50.96977624575545,47.46587017619864,35.67728199806652,47.68652694684764,7.049488880065388,1
5.1818047696113005,11.073800420297832,12.248827209496202,20.422755798492435,27.47848631415909,40.82661222907814,31.63871187773499,37.03124958062176,29.37294377881608,59.76240799453329,41.52325922853774,5.879096863852222,0
4.143702532715243,10.109878284653332,11.011926909066,25.970455000803863,23.434931278681155,27.46621236026154,34.4828588447836,43.72962419709621,38.34625858957118,51.84034588331363,58.96167789670495,-10.868084092704285,0
5.577857653283085,6.676250002183895,18.215159220555613,20.825855612040748,24.66740109332885,30.62957737207288,27.39705578223775,47.60832213525954,46.88560038371542,60.26325318014902,65.17082619328787,9.034032874378584,0
5.222853654294513,6.955525172502552,18.344049916779404,21.855314983133848,30.023721208940216,25.96631133150069,21.924744195688525,33.57281802250252,34.407913170407426,57.56777892222957,76.02551763760185,10.42511363014644,0
4.172783587435164,9.288347846794755,13.735100987952436,15.454726405890876,25.325884957608125,34.24902164699474,36.19224819352756,36.07302390534104,33.89839740625512,58.211836216627766,44.19408677690595,-0.989448263686299,0
4.149433555990067,14.253421469392023,17.90248459171062,24.28043975376215,28.33163713667688,33.23315092056802,39.90416330559096,27.804844547780213,38.11825251239208,55.77955293550842,43.20468209149224,-1.3103230205945895,0
4.4034438524410815,7.381812810277855,7.72829341245127,23.91361540449806,24.321664490167528,37.31991136338664,39.98489821463898,50.779402529141,41.20273552511396,58.54727711754059,44.49169196508957,2.7743246129262573,0
5.065620067173514,9.422141031767278,14.24597559878093,21.66716029411044,24.70303147808693,25.12595003748452,41.70077535686822,47.0640473457706,48.24064688468048,31.84110582208436,67.81728797381066,4.391559867196863,1
5.10805911323051,10.140091761361353,17.285082584445313,23.06383629077752,31.624724734965945,28.448902428343924,40.06844066071119,41.79718076557712,35.42743527381305,48.00271710121572,45.27394479681272,7.48144238390248,0
3.9386859443458233,8.230212705594928,13.36541382207704,16.31914446095395,19.81358040767121,37.44301809040386,44.77188347800145,47.58573968147565,35.266488989805296,48.3261766038329,63.78466655816054,-15.185603354684618,0
5.143825263815353,9.903772251356958,13.654111888620893,19.582269620458103,20.847226461052067,36.05685897284265,40.16859420859074,44.80258308303691,58.501805574150936,53.93206199456407,41.18114852383162,-13.024962873670482,0
4.6815880263747545,7.426314981228551,21.692969258938337,19.69087065120011,31.896121430996068,36.45783244259866,31.441727918292525,31.836080850468253,56.64054934732303,39.58168725500428,62.321550070942095,15.616037569548809,0
4.312583561955403,4.459829470542407,14.747794358720776,32.30595661357534,27.68293359056846,32.601281356703204,37.37513017107705,32.26598178660237,44.780291577360536,39.66522999467918,65.574929686439,3.553492859933325,0
4.844005638582109,10.317389851343943,15.56988178385222,18.44409783464854,29.11625754850748,27.74357767455952,34.69597691428788,35.46987329966558,52.86812001880561,57.02880476336329,50.1194780732017,9.119789638722825,0
5.196443507373528,8.61704644371121,14.567910851620033,25.35449867510859,31.21383560034355,29.9628672678931,31.7548889926637,37.89435473060191,40.6384514142564,59.47507193428239,40.60867983015396,16.12495049086709,0
5.099190861062784,12.158553396289948,15.685641348340043,23.14275260291316,30.15735036198804,40.52493523919844,25.743011693694463,60.221661182455705,53.40859195605214,41.62298005353083,60.310936035629695,6.22286225265307,1
3.8048338453055486,7.490967692615401,12.793056947981784,26.02447666513638,22.80786000386424,21.201275656997428,34.235599846771855,48.98212037161287,53.79774774409125,45.549361497658886,51.09422587279278,5.487892113869616,0
6.811463473917981,7.745855330854829,15.890498299695002,21.0450436954133,20.21670632346773,22.332501785607,36.79226962346643,32.2369148196172,41.21361453207924,57.1885743700489,29.31601363770261,-12.652646806350225,0
5.2990583740180295,12.563975678627836,12.111473198743484,21.99060595137788,27.85146424421287,38.05422221499833,51.23531033386445,40.41373001456314,55.31477677544219,85.54474673219198,38.47880659127373,-13.251198477944822,0
4.545802058841968,9.164966363170482,18.37371960918109,15.431199810526884,26.38454270708437,29.07756004519216,39.79352386528848,42.17515699452194,52.6955948641512,45.357782374338896,50.44068316409873,0.5972349956445537,0
5.588936968513738,9.916567981171408,18.05037251589093,12.616281437909176,20.7342397000275,27.590521765987468,36.183695206421376,43.6965694319146,45.68541355829405,53.94217829488942,68.82179567921627,-12.972119698805828,0
4.557257134507537,7.799303625105989,10.274977149253122,22.96093954426375,28.33027890474468,28.981759201438457,29.99746756473344,54.5239908059088,45.41208237972502,69.13555379232399,65.64025592730438,3.786000889964813,0
6.051045678899467,9.114717710049794,18.27813770009273,18.73175197082972,32.22043492484507,26.253246033171976,42.01574021677638,42.036973405190594,46.07215821156902,50.47390443721656,44.98358679974518,-0.9037462952246996,0
5.327268726142701,8.60914485539373,18.304134327333337,22.56613004289684,17.004644132325822,38.54595274654112,36.03132826290913,47.13295804023221,37.04644281089673,43.63476048232538,44.57113775944258,-15.158615868470608,0
3.860747447605589,11.541004273323251,14.110563109641236,19.8726174836922,34.953214157652816,24.7309714663618,22.927082571767023,40.42019284880749,51.96184170997966,65.91043645199362,45.88252838092883,23.455608866217872,0
4.500886040023611,8.97831371734879,13.319371387383978,13.855610522250483,14.001813887669192,32.12582284685623,28.075980991514434,38.35261206541408,43.87085134224182,60.673915141603246,52.75244438313805,-1.8106923838759696,0
4.996675362035984,9.42557467654865,22.897401512867887,11.160372462436545,20.82535663421247,22.61486117945435,32.65571411823499,30.481580903594512,53.26370774483165,53.023623087714576,37.30352682119851,-10.06965203631915,0
4.675455066863316,6.896441623343556,20.488209527420537,16.486763688451557,29.5693989204796,29.56265460847993,24.97039097530672,41.76584108840865,44.14227789865256,39.84906146945722,63.246982285164975,14.92117530552871,0
3.68285037432478,9.080730588614756,16.217731849290512,26.81857488266424,31.028708864991337,30.536114637682594,40.02233407977511,41.81203972995683,27.61314140217713,50.5463717490451,51.410160560382735,-0.4062624176511447,0
4.509870606662664,8.94564365876509,15.31015533605619,22.33213475392077,20.65173876649073,35.26892944183597,37.59199799041833,28.71312834813468,53.57844605364771,50.53796130855732,55.41107240917584,-12.769811518511531,0
5.595573682996607,9.56709172493083,12.667903306187773,15.03288055927432,21.91337560692181,33.12401394469422,32.758450829064465,35.850664525146264,63.69311669566896,59.93740386484183,60.33135736031255,-3.512428155943211,0
3.330639863562096,12.480947758706332,13.96682036565722,12.549094404126215,23.960886380784228,26.765475640910445,33.11928817449052,17.585413899781198,55.56533446375731,65.5604716241136,44.50643495533569,-2.441940125347412,0
4.023868502245387,9.493355638589025,13.69342303167165,15.238108805818824,24.231194302405093,20.14529719273075,31.549696707456267,38.92495155089816,50.49193825631104,50.24932235896568,48.85180813999605,4.624866673876433,0
4.495961695174806,10.088179499843946,12.918069720035174,17.008356599553704,20.81687296232831,14.91898965735802,29.151265415297907,37.842028065749325,55.11980865308179,45.35875255830536,59.6773310547141,-0.6672586809541604,0
7.369281611426125,10.727966012566752,19.262834629085965,17.634457460878807,23.58810825133413,31.14051319645533,33.01713593814581,44.79374276634,53.324122680745546,50.24318798648678,60.12298430590808,0.9486892174059068,0
2.0288830153060777,10.113619487607002,16.14315985620351,19.18025457306536,21.72643163246832,26.782496471104587,24.78071975147508,31.74572499150461,47.24523808936633,60.427353567193805,49.05455486934713,0.3170663309593191,0
6.881654778325374,9.34421697081998,16.383006793069846,19.58664129624189,26.329888971543472,22.520535318610392,47.19453997064592,41.650495552741006,42.10194725529598,56.56354308891886,38.824722444636365,1.7181258065156708,0
6.550726985251339,6.6289998020393455,14.458777975587813,19.796152055349825,28.797517164293303,21.516438050871976,25.006899675550507,45.18300602107898,43.806964633588585,45.96536193236807,52.21767663317492,11.34272657126224,0
4.001443027600393,12.893990945197062,13.738110036882784,14.943898267227825,38.37181036872899,22.721305448526643,43.15833111965148,40.48526881171639,27.65329297502588,65.25007843940564,32.109621651310135,6.572333144768639,0
4.249063958473198,11.642694575033076,16.254484654388584,20.2522939146161,12.686694900069178,33.05711653840933,37.17289109830861,39.03756941482935,38.96999006689112,51.795721204399904,58.05140638935239,-16.662696585532306,0
5.75863507121759,13.61776842671162,16.819715181216537,22.794382901281686,27.05774734716941,28.95563006077193,42.21128523444006,26.478674195025867,47.534640799084855,39.91174063061851,45.34332133536008,-3.938826825786563,0
5.675578733878403,10.0950678384883,12.782214152567173,21.686756997470187,20.414882511312925,33.4475158715916,20.123666548338328,37.94755286050037,38.64235238278024,49.16185614643867,58.45132410062968,3.685093542114077,0
4.118790774847385,10.87145851391056,16.345605059241187,19.49376750223421,27.86661717015017,33.578197830251106,41.27739400513467,42.96316964779159,55.37026040085144,30.34680873032568,58.26770855000763,1.0038151450209454,1
5.706842534578304,8.347612487169847,19.342430471832937,16.642917629388457,16.911374756868142,24.429396280837505,29.36944567894167,51.08082880513325,44.7964984594306,54.36266319488735,54.579393778767454,-4.956876517798629,0
4.736724564596379,10.486137494754855,13.683577210300111,17.988292161791744,29.72914635422981,34.38735462446842,30.83382467631055,51.93648419004858,45.99906425838834,43.19461982012332,80.08689436166138,16.96855511359759,1
5.177014787482741,7.706589583666203,12.555447610201211,15.888794687971773,20.739239106348045,31.757280908291584,41.57240010163037,52.604503090205945,47.24513230641175,46.15953222935519,39.04429018567524,-5.231633242254024,1
4.202204375629276,11.952753887180643,19.25511198459311,19.813912751020023,17.943038373114156,33.08716654963851,44.40172759110777,31.80648284897707,47.43633407074632,38.22841494697846,58.93663911058317,-18.65469018299281,0
6.618265036930179,7.115442503714052,15.313487469728786,24.884237043948744,28.21620203341431,30.66367239453652,40.84326122639983,29.088669965725103,44.63493763735598,49.135013198747465,60.0302227613988,-6.260602407501311,0
4.184355991510741,12.535480998804776,12.850961372457247,13.28465642993546,30.1104415981716,33.9413524659287,44.61393055046394,43.79328389294098,58.10188324434103,47.28849523779262,23.460841095789945,-0.866015218714836,0
4.560488342887351,10.158812301897129,15.218082826874678,21.164582636714613,23.580587408688324,38.511444719899615,26.300883669558388,34.947151197399485,30.89691214033656,43.78779229826617,53.08479076864028,4.82295602421011,0
4.649497297046276,11.002765686729884,10.469586394436416,18.762662623154185,27.605546529252827,33.6194519049686,41.433040463963415,38.88833941868825,47.29399264090261,43.087465856435,47.28785434677403,2.9679103638298496,0
4.033428187351483,13.855350178710149,12.467797881029329,20.39587449511768,22.03669576508652,26.59027444235946,37.65707480972941,34.418837274684606,28.905129101486388,48.00881126811879,75.87914436268444,-9.004667755274431,0
5.278467241931105,11.179646498453806,17.60001231652423,13.991124171291904,21.86875864884742,26.69253900823966,47.123868974237205,40.45732295457152,41.81951981213952,43.41729139802597,45.19977019527028,-9.667047346393971,0
4.39191309744921,11.287029367969511,16.309917469019865,29.63687810041616,25.944383942957565,20.524413087305057,36.26809036778433,56.1277087565617,37.98534384384544,59.555494339737166,47.35613285294852,-6.8604059642075725,0
7.33145946065504,7.731299076274135,8.500780777757331,16.053222250157557,14.731723799822294,24.194688659465285,33.561119780653826,44.666288135436254,45.619903180239824,43.13285894306959,58.315378763205416,-8.255698239849158,0
6.277363026642254,9.852738557887116,14.881477004382894,20.64963142303605,29.668091955565394,38.87359206190692,32.016053195388,26.99499695688018,45.06208723900407,33.811286845250095,60.701580614672885,11.156912655559994,0
4.64180124111829,11.46875340613862,15.980142946428368,15.003113791163727,27.254050419845445,23.15107491013442,40.82388931608399,37.419088795344415,54.3949007853224,52.9175629295145,40.45666367796187,-0.2724123383581656,0
4.943885358977592,10.17115101885815,16.790340753877185,18.873801294703213,14.38797701433479,34.07781900381718,42.267727388600335,43.221206109509424,50.33345366390668,45.943394515795184,58.32188822588638,-20.9110958597996,0
5.287183657913607,11.68910345244506,14.836231703160392,17.276819337056782,23.938472704417613,32.804751458414295,41.95773430190422,44.8620504534329,55.64308606843503,74.73884626575693,73.82295992743197,-13.087520815163492,0
3.1272092971803414,9.60408138315652,13.980641767450656,23.488238493827417,25.68984371186838,28.776309190676187,31.97505159616426,46.759640460815554,54.87209152572416,40.19176331818123,61.21738792702408,2.0560749523664885,1
3.5931210622989105,7.22388590721329,13.39365919205417,23.52028332664728,33.09281875698662,33.58130578075649,45.18833230106253,30.451150206592025,52.12995468005421,41.66129060620179,42.25512616357938,3.691976545300912,0
5.82644216279753,10.720562164283818,17.599713551502905,15.634497115427836,31.42395066316312,40.51895076523383,40.9440833793896,42.60510075029899,36.67329304261963,60.67975615299814,47.362520745414535,-4.26913627001918,0
4.5974016400852245,10.93410652433144,15.556216528073092,25.666055027920272,23.376751366524417,32.28126461475942,41.887436879145056,39.68379416284221,52.89871996581627,59.60951947980906,40.3208584426969,-8.86578611192191,0
3.244307824720594,7.1902620014261895,12.762849777530352,21.890377864658458,31.20085290211684,38.39106924552695,27.53663140531474,36.754201698589526,34.75403174167187,46.54581608427155,55.45727266038056,9.461114634898497,0
5.314265253513363,7.82433776656084,12.918917503150425,13.909352982961762,24.00158191462618,11.151985378277352,24.878974898615425,30.077667980099065,39.07171383580089,41.52155803738514,62.29189318480663,-0.0910715315528598,0
4.088853242996973,10.776045654856144,14.70106445463734,19.73822136349977,31.335524110063066,24.593661472024248,32.455582575278456,38.73535031541444,53.17519566225675,44.31776187932161,56.00161543223625,8.45303370680613,0
4.926483243359362,9.65193099743558,19.40316496480954,17.429691434604944,34.035748606999924,29.69789532479957,41.46481467948494,32.463710416754104,30.711068980120373,50.30405350184711,54.92207327710461,-3.5847613155206286,0
4.119997503390052,9.335514202402148,11.91433941322978,20.48684306179105,23.510322217916087,33.69449396263455,34.94930344986354,48.46945038925217,57.747802576304025,73.77289720383075,70.28920053674517,-4.310685187693157,0
5.814853793561929,11.36020724392304,15.79637481753475,22.521890480839925,28.68283413734163,26.56163807404957,29.69447291908553,53.819071128728666,27.26322251330419,75.5188022060757,53.55309275411721,9.907753868945324,0
5.306509766311198,10.10340275488419,18.750052473410936,16.60281883881791,19.012013498134472,34.843396725205906,27.508651324006067,48.14956161324492,46.69590548120727,34.74773509516651,60.47422411739383,0.5174082079002846,1
4.268866839210723,11.673694677630364,13.39999330022382,23.3228757653969,25.26084448884836,26.34940333850841,38.88522976188468,41.764104939714514,51.3089635532784,47.36542411994446,58.88640042737656,-10.924552119615916,0
4.504284231213634,10.385708685715798,15.666399736343264,19.301661479787768,28.117595521989067,41.143479513187074,35.59258131068647,32.620553534993384,49.82490188414189,42.07230459690073,34.417041409665586,2.456819030721405,0
5.960248826725144,9.100887315718138,18.94411771561476,18.986091890153524,18.56774668628821,36.98767445576325,32.01933192065612,39.81745166534158,42.691568678649546,52.34697316874369,71.98492002215895,-11.838326689197446,0
6.62526507404189,10.682973228088583,13.977623123844689,21.428691248051138,20.00380854191702,27.25988057345745,29.11705797045997,29.389347836209097,38.18709548838858,51.64086527476002,47.44631064148697,2.3890129216041043,0
5.978157656720928,11.071048547407614,13.66366821867988,18.02809543215484,19.77310579783752,30.906369943665243,40.15528719879123,37.52043829830389,39.20661195657337,63.02611790696756,38.558149873669024,-11.233000003366076,0
4.480786728095309,8.95755001956846,19.9704118028378,26.54388460322456,15.695125487926328,37.219607438443056,32.71855944729739,45.3607640402772,26.30744629457007,59.87207099933471,46.64628536748472,-11.646967814773449,0
5.660344857820914,12.743864256627326,16.865627752853563,21.24734967369938,12.98640021716279,21.9633338742476,35.574812750560696,53.7865308001919,43.0311437482849,61.46395454165048,60.16009379041687,-19.357614819394083,0
4.383779394987902,9.342579770002905,3.6006121341826667,20.6711413471763,25.98803951522477,25.88364851204616,35.39995651361333,46.335985749261845,39.63652844032593,60.727840096907286,58.47059650128788,9.680195101562765,0
5.537826418059929,6.492371234821617,18.58396146877856,12.25890513351197,21.12987720880935,22.28475640200484,33.63281778788199,42.3868811159096,36.52772040463218,52.62325955129701,36.15222940939372,-9.55630637951895,0
3.914521619420772,10.38138244647326,20.94373935949704,21.375226782109472,18.90812732848492,26.97790918752526,39.04598603690542,30.80803056065544,48.21523772442056,60.06138474942832,56.94051723077234,-12.399362356177775,0
5.463129669801672,11.382505137922058,18.40694363938652,18.920902763915617,34.30518642233523,24.09145627624528,36.33371141399377,36.23938296807423,27.12336201051214,67.38786506978454,36.78820362321106,10.062553244901023,0
4.24505154601025,5.417691637891688,18.208831825162623,13.786078703196145,28.29076487544335,29.361252522537704,36.606754289379055,33.41867257672059,55.68345168351465,58.80799827549515,50.47844297747481,7.893143339431946,0
6.2420426564280405,9.590713830435694,16.886312082563833,24.98290863557872,19.02728498163683,33.81359008889048,40.26604255496163,47.2611249738055,37.53906112116041,58.270037433505095,45.92952558786446,-7.951389273263804,0
4.227538156421698,8.331202565372802,16.519196935735096,16.142418284317547,26.70789830615768,25.052276679240062,28.853359354006628,30.72625484232853,48.77288167761336,55.08819315043977,52.54925309814784,9.667593879630571,0
4.589639147733585,13.153410556498145,17.077431006850155,15.741505081097952,28.463486689321137,27.2284839690168,36.66650495603304,44.04102304430721,49.55278428596596,56.86660824430334,63.008245268101255,3.4056215586229595,0
4.85157543330658,10.399177163356724,16.857452494822837,17.9385184028319,28.7915653898956,42.80581467223281,37.36981422654792,43.89275632817296,22.586250727402405,48.81863513863684,55.44658374606548,5.269503342444153,0
5.806958371299187,6.817993751768022,18.18429790693529,23.053254819199022,20.67219491128397,25.55161012736484,47.81565422922019,34.917417589227234,44.01156745303217,49.5542020362859,62.90226415496804,-11.065376480035397,0
4.001568897349898,6.759405266501123,13.57615435414028,26.275314389650283,23.83413490438497,23.45884583324832,27.16809629709515,39.60543085816535,46.38784769923339,63.18653668344917,47.12892500809332,3.14307247029633,0
3.673835717716454,6.003599866403437,18.47999852719091,17.289420442647227,27.37146264949073,27.92435452456665,36.17108047007262,42.9856324203128,34.925934208972805,53.68618600112145,64.07491300508119,-5.273138761005052,0
4.265698519356445,11.247290150679842,19.38033068014252,17.05998604536598,25.45893572589184,26.67472765910539,28.8022364004578,41.84433244806158,51.73765197749606,53.15107309546784,46.44438497363954,4.161997351042031,0
3.5544970603268355,5.099009052527277,15.032156603413394,21.11372659150689,28.92965323751088,31.19479505289901,28.6100002720704,38.78185695653624,47.97670990840405,52.48127409017288,66.69383797827284,11.973793617785732,0
5.890052125981525,9.60052130923403,16.102039828541336,20.93264924508614,27.856927742183565,37.1787888967768,38.14434185032213,38.58212904826143,55.48780265725606,49.2516502245565,37.74920666421923,-4.397291501717238,0
4.892116351470379,8.043727457667678,16.420552300920768,18.68808267641631,26.554471156379588,27.994505562041432,33.92310020740449,36.488669623276586,53.6831841015091,45.00923308494533,35.12522526678187,-2.097520923108239,0
6.465366162174705,8.710513010925611,15.69057379479394,25.09577628288321,24.283042178570494,38.30100327069916,39.43368707510217,50.97303612402422,38.00702694190656,49.36335916124753,44.36204423426878,0.3323922149654894,0
5.1305336082731685,9.677186378643428,16.98799707499235,19.530145381761788,29.05807709889836,37.99725097632814,29.828318916085102,38.39882776027752,47.188166213496,54.99935999877465,59.60937094363588,10.79935238439271,0
5.885047847863974,9.57030855279977,18.953682447028594,15.361894186461091,20.86738526057973,26.96619902710275,18.81025659545743,34.211628317329875,50.4303594637487,66.82423678056159,58.345249543561685,11.794441252113998,0
5.327303532454327,10.510774411062668,13.55204899065767,25.16030841415673,22.79764931177024,29.20902277464705,31.13677965434305,42.71548495592416,57.562658408408126,70.20550140042633,31.6340991957252,7.381789083952894,0
4.495140610612751,12.783847704262332,12.724475186510952,31.33774830723528,33.244871761005506,21.38681695871661,39.25259750098397,44.02222855211172,49.42754105671182,57.055143952251626,52.25152334212955,12.022737512135144,0
4.551170145348156,9.076439478622593,10.30666286503596,22.23778021149208,25.49762539674828,34.002920700357336,40.27142316795722,48.18532135820007,45.85257629858269,50.51104242993319,56.84951407216688,-6.428156186255054,0
6.540475782900147,10.493527965235774,12.011570374949075,17.774684554636266,16.54898444524877,35.07250683204279,33.96204875068038,23.637877350285937,39.76458167542874,57.549813630774175,56.78625558254687,-11.448746873211736,0
4.465202516118024,11.33470141626523,14.383994270583988,18.863682677809383,29.032255768058192,21.247962076409564,24.470616969147542,41.49176847117067,43.80247750257668,52.965714890743584,47.445046375831865,6.781075260782413,0
5.570014569112769,9.055168115631254,13.509909675107531,24.304642285020226,29.42994856780062,25.69799563500078,46.9941162483491,23.79020883078728,39.2429420728222,43.43103258263917,40.83226418469141,1.853069841412026,0
5.799240136336333,12.101623213806889,18.59787287345633,18.106523032418377,20.67473719434017,21.91153770032293,28.99926096681049,41.3164062428377,39.25454835113848,57.09505570279674,72.15179389067535,1.0881251966540244,0
5.347889681465577,11.513117310242754,15.307601713473444,16.668398231943062,30.925665979029525,29.60309306302755,30.444353161600443,43.457046648600425,34.22398185645059,55.32189882602832,42.64936802315335,14.256159175823498,0
4.472606445272055,12.411515532465325,13.424619657525646,14.761783324877465,16.303708191483345,40.37339792835789,41.32257231211169,47.875793452015536,55.37991018676856,56.77079891925153,45.23707180354604,-14.066204227456208,0
5.5148517791962215,11.58049946125946,18.15024945484543,14.3560288706331,28.89199209488497,30.979834985684,39.81452962773899,29.73179190910723,36.31545955640764,40.50473559514757,53.93732060603314,5.767287389270317,0
6.2055957993549065,9.712281026017212,11.90028793518418,12.06821479252241,36.177217214127765,44.102048223151705,31.83901488857609,34.05952679719896,47.11287834552654,52.81596102537232,60.73796625363542,13.938648981747765,0
5.377614897163261,8.139927332069785,16.690363190733805,19.953094009209064,26.405114469075222,30.35648909584233,33.740255487419425,41.40109537600608,51.65544302163035,50.96411083398652,46.693280380146206,6.771004192403871,0
4.46837139716587,12.237002651416386,14.56244752834,29.782267880609176,28.911097029278658,31.23106366500492,37.07444611291443,43.425862792713474,45.31352907508248,42.18155557099924,73.04021390405185,0.7684794353584161,0
3.653860116106242,10.658866234408569,17.210490836302657,19.87825195668016,29.15080836281776,26.644190736324354,28.612234908443657,34.83009175465706,62.71100704670654,33.3181978350425,56.03367242349696,4.423975575504807,0
3.908327237478268,10.509648585425202,15.09862596599672,20.3321042128372,20.48303408762024,29.83430142544028,51.2662114427116,40.845794014924685,34.55832028270747,42.93717837269626,50.250545148035016,-19.00736564090733,0
5.029786860185015,10.07583570516925,14.478957130748368,21.074985626646708,17.006793213967335,34.91583349174085,44.20466043753291,26.192053983808115,41.12685328216208,47.053925128815735,48.52896490277988,-20.62022329059851,0
4.613357164328415,8.934039802306685,16.078014650957833,23.703941560593137,18.3681979838453,34.948137176772846,23.360847677057365,40.59723731602381,55.22095936302196,47.54280429554983,37.06572453763731,-5.811766904090868,0
4.030717798514536,13.266120882009528,17.24444555041586,27.51799130011691,20.763702512165995,38.692430246887554,40.51330346638085,39.40940389050061,38.15135229316428,51.09846892741893,45.58556257737983,-5.373832555449199,0
5.225764564364132,12.624339393878357,18.030022686204823,25.763016722760323,25.332369165450785,29.9854841932929,50.25433605596795,36.77332061874943,49.3276338206269,49.14743189242813,46.19380928452238,-6.646952956078208,0
4.108764952490629,10.43418523164253,16.875594450664284,23.906555014629184,28.686933370933914,33.24894153256257,35.78149763969788,41.08844586158316,46.469774875365246,47.69485799417671,55.16072171157086,3.016575186037061,0
3.68174499021174,12.194441638474444,15.961146649956897,16.953987663649883,21.49270142918919,24.287634465273552,38.05540902041401,30.51038699719372,53.16981863721912,32.037446094215184,47.46858786977076,-3.053039789121325,0
4.146508898243795,8.465080214892557,17.008730980427167,18.9509392782778,25.236502526858363,35.06178637927941,34.50115929430761,37.287941626631486,56.623254348837776,62.769384353625824,26.5840117010536,0.6425007647942907,0
6.296807791566874,10.110746248946947,8.375835564101372,18.53441147536005,26.997509443025333,26.992281909866023,33.11738458145572,26.80663858799454,36.33204495633749,58.54706834156372,55.80300647940432,7.506911863978198,0
4.304975721161842,11.350407507261858,15.237044482598774,19.31705784323057,31.664684363996912,38.50433867844424,28.628019982404705,39.36880634218652,38.10752115242343,25.322128892126376,85.70552847033811,11.492648792759702,1
6.0002168560628215,9.925779436458187,13.597033472399094,20.72047398206869,22.816176485291265,31.22903782835302,46.84232789241936,43.69387168422058,34.36353075493577,61.502616435807695,62.28743288972228,-15.074469042875068,0
4.797400941629378,11.201808462232224,13.15878006070924,26.0468061625333,22.980466016761355,23.648952850138368,38.836989372286666,38.99489156156557,60.81789402736791,50.19971910502937,57.24168597687195,-3.700975450885706,0
6.437043036709476,11.022521243261972,13.713734713954643,18.27869527702136,32.37876806718604,22.616125423807468,38.77354628490253,50.05676224560251,43.533964598977946,43.49171448348788,53.63139151540192,6.428399812195207,1
4.443064143897253,9.734742929591205,10.783417311059168,17.220533054539516,22.09054891577157,30.36990369716364,34.679522026220305,64.20238778252042,58.10526820232761,57.40049687619412,59.19030036373071,3.653492091215722,1
3.5818036021377067,11.011235512679622,21.643821941425536,28.5652747865535,19.86393485342436,29.56995727588784,45.16181589854666,43.446047652905335,65.58655607225401,40.72554393093618,66.68151750745007,-18.858770338864016,0
5.240520500728609,8.938170360707405,16.00454952635649,16.95001464810578,21.92809769768293,23.30853006553964,41.3452531814208,43.41280787952492,47.627634218106735,59.6365252540237,57.041881879013815,-3.360229734869625,0
5.880682682064439,10.371646185100888,13.738455589626192,17.634952312644273,18.583442144757456,21.70018093018965,31.492023555528675,45.96455802143344,38.0214204407622,74.59423549782815,37.52383156775576,1.0992877132386631,0
6.307580535888054,8.341194618823748,19.63460067422644,22.96382098815092,18.07776380229169,23.96134311320111,21.55054236782945,53.18656537898069,46.5916509894518,45.326147288288496,41.57500873982184,-1.5569338054576258,1
7.733254693322877,10.450645540230225,16.88958030621071,17.704113727335102,28.42349725478735,33.68709069298477,33.42347041349724,26.39619613867808,42.36848007634308,57.3844597363962,31.14782919675658,12.678607449299976,0
4.056507930178785,11.829525267810324,15.272274394190886,19.19593104878688,32.381824200946006,10.624176158513883,40.27288738225254,27.77209865705236,34.49444031243828,39.34738840781749,42.92520729057393,-0.4966529065964709,0
5.467480582048307,7.793049583929237,7.4067232695276,13.71044958728939,30.76082484964976,26.384286316361354,26.37157504890812,52.74153468990708,43.04019433916964,33.092550688112254,45.07536777740074,14.98752235936164,1
3.671024895440037,7.300729206900757,20.911037992514206,21.89788326706575,17.107315807915537,24.75975827160665,43.35391721036147,45.299078738694455,53.41589384433224,63.5065938373155,43.22897795842848,-17.739595998230083,0
5.800436926944928,11.57974033487365,18.338591188564187,20.42028263514643,23.328140278550137,35.31009705821418,27.468855422557446,33.180600310952634,46.06951251726122,32.63221376013057,45.78824612469467,5.948803005837665,0
6.593293199180687,11.63158949550722,14.601954042584165,19.970737304312696,18.748379295131592,24.590036799583384,38.27664688405196,41.74923398010098,49.98864900534925,73.065469004553,49.08856598947713,-6.5143473399264105,0
5.673347106398727,9.862118501307188,13.710268810799684,23.17412566523251,28.37854752402308,15.967884963137363,34.01932516526427,46.41317790064327,52.64356149331724,48.27209659515651,54.35240421664343,2.446719720969616,0
7.316860521592461,11.923074232379133,13.532071440396177,16.78392702320997,10.843883269476262,31.607024856342363,34.87642277022576,38.95166012006644,43.89807030218457,33.31898145336237,54.88086074157243,-16.177598757203878,1
4.515317178503572,9.135429741044108,15.342712882965015,20.257854079015345,33.96293123047426,29.692622564220084,42.376666390248175,50.39021785964107,52.623483802342925,47.98229317972786,59.03275874860804,1.022409331819869,0
5.364864620902504,7.260727780190573,15.596153359303797,18.33829530156936,28.21151445565128,31.46907916480861,29.26364445217293,34.33625483159413,31.92585412833684,41.01739096299196,54.32353817361157,14.55650348336674,0
4.400051884463867,12.022538489735284,11.150631102708743,21.15651063874718,23.07168771375925,21.82381651188481,35.491139192061944,38.587824483132856,46.22067645956724,38.3172035215228,70.40457687906647,0.9950326891062042,0
4.188349029730195,9.065388889028675,15.825212993510702,11.115356042545317,31.661018666372843,22.753997827315445,31.035375297551614,61.27512559325598,30.37647861994187,40.25594596569595,70.31836305001538,15.044679340763585,1
3.2411804846510384,7.187620079462857,20.03565236817536,22.11159918664225,31.551510230509447,31.621518640586647,35.44770441728604,32.14859177516014,42.36845207986924,36.80426641329916,60.02588019707263,4.999972401409831,0
4.9526717931991495,11.415730964057143,20.017343864337,21.52629685686983,21.684519674019214,35.6047924450522,27.46936345326416,57.77573992039935,53.84697319232234,49.23840766226554,58.91115575421147,-0.6809922985250965,1
3.3129213880507264,9.242680570654874,19.899696071862465,16.312864783951255,25.95517261697588,31.81003769996438,43.014667117979045,36.86176024425097,40.580339474612565,57.58007542195945,65.7904092876282,-11.93377949231444,0
5.493077338274644,8.84688404004607,7.177926958587975,16.907346433957958,23.745541849657,24.01272148549544,36.23047071901473,46.99979745422426,45.63433919635467,67.5180315424505,56.20613854148387,-5.158235981455968,0
4.521571509928355,7.1078282513915365,15.552364778593466,15.612602433372665,20.03344186994788,27.5282927649948,33.11218957799969,49.80283139964277,23.64122371353768,47.29077209964976,53.80332660690564,-15.423076813239016,0
4.286442126601297,8.278607358343839,13.821017208101235,24.86770520818968,27.178168129530267,36.406636635495886,30.392592131632465,46.36053885172719,43.72546661039984,59.61339397569293,67.91768179813745,1.2161971569268673,0
3.952989610290328,5.919021646160781,10.22620893155879,24.69057851836616,28.72986335427752,27.802544292069136,34.80593476171384,41.47827028738273,52.53444106933487,57.287791758024525,77.32462030025273,5.626055503561701,0
5.309441694745185,9.99647897040103,17.34141694952505,13.967798057649786,18.67785759900128,33.42113259682995,36.373233673400144,37.73005202483518,55.66970709954834,42.36309807834572,53.57417369715503,-11.62123466382512,0
4.546610177098676,7.194220730561913,8.229484796108151,16.898548435200933,16.95240169607367,40.39280336093414,37.11363558884137,42.701045561110206,46.46521372449508,57.90475223617068,61.81313990018762,-6.471363904184098,0
5.213055159398127,8.477622371872148,19.52822665986274,29.58588017782549,21.180158412931057,29.99932905837846,29.81491032904877,46.520330298863016,39.68048657740808,35.4818652514504,38.39013221129136,-4.162740157856582,1
6.394486111367518,10.140124698065897,19.12499951068076,21.60994155233644,25.45901574867167,29.786356703527886,39.62272812587109,52.88734985874144,45.162731584055415,41.28889075345184,62.39031336041067,-7.535866962866498,1
5.051185776281639,10.374119402656271,16.561089744559474,18.25923868243021,29.53744569325092,30.04198180079506,47.74670905056135,35.2744706959423,47.06730297365545,47.84604041685066,44.00007831380212,-2.42746852964095,0
4.706661430109753,12.166339648194588,19.205818772712256,23.19627114169447,34.92885937477741,30.13201732238151,27.387774518247028,27.473395674701408,53.19994676083243,34.795453362019586,45.88934083746172,6.646631454129311,0
4.347345226320522,12.180484116263914,15.828640584987198,15.066605124097048,26.57557912426117,26.855722528377857,35.7636497593798,38.42501844514717,44.8485390986816,47.54775217929743,65.82223711694938,-1.894342869956878,0
5.391270661060928,11.282396683573706,16.16651553196631,25.43334122638252,20.829414009123138,31.410950926833905,29.146965690668388,31.687228670900907,51.67387979879197,38.72161111964613,58.458825102071806,-3.2509603681320103,0
5.5645853738152615,9.438843406630038,13.367428735524957,15.869325029717178,35.19588431827776,27.6359191722964,46.51480124180088,37.66623313542274,54.30124270801564,59.4945829337844,53.14252309096975,5.344944784073812,0
4.360158206352019,9.133207297346004,18.226103780227163,19.97057953838572,17.384985684472106,41.42886652434706,33.665771273699015,44.62773851501439,39.28539499642799,64.47070707841205,33.77939965816579,-4.013557161867038,0
4.258566366314565,10.638750861490418,14.047501219408623,15.831624705984025,22.63547649201658,18.313251228504026,35.07541653311797,39.0727130778273,47.55263216004997,48.69979444396237,53.92849712415413,-4.508539619329922,0
7.308014475893247,10.25379889011065,14.534936640732786,13.420809516489411,19.19012226438552,33.95556137582996,34.3038511620293,42.50012493025156,58.56682648874784,54.63618243252916,55.377268899009714,-5.585568048524358,0
3.1990937683607013,9.938065450115277,13.18585106982943,17.588016936487957,21.53648834443296,20.407773184426887,23.852988885706992,31.57012219326557,37.92542207748732,30.335211168766595,43.87043647961509,1.6808553451302606,0
5.424311235151611,8.222190315968712,11.661765114445428,14.634905724973924,29.28968357217049,16.626211940599912,37.55594095233275,30.03461197760131,43.792990812299486,57.34077570869047,54.34762377556723,7.769452771324132,0
3.728144779500284,10.981475374413971,11.86180352788366,23.0851449568995,21.10572437261466,29.62455252983546,36.36984371971287,45.95928931367687,44.48016213644812,67.15878282669982,54.3630129354305,1.754020797553741,0
4.178882732669869,8.09786542441729,13.739522571235842,25.21591870909436,24.512520371415743,30.018002187781736,27.999085198024304,39.89323928022075,50.79461863984693,36.07417551952793,61.57646336890453,7.248942530605508,0
5.300891386091348,9.162332975097469,13.210046662422688,9.203004529030895,28.680039675668425,31.799347739750733,35.42704288095079,38.48371103467176,32.90502007539881,60.23382690513113,50.25407477377271,2.46725793251607,0
4.6713776642994524,12.715497273544544,11.411958770875192,18.81737843167011,21.81353311026652,31.65139103977892,35.67405941993201,30.53228329415817,46.2370619810093,67.36145005429893,67.08112828484794,-8.603908173770353,0
5.017968094292457,10.257788832423303,13.877026382930946,22.61103772458902,23.43637271100716,25.16082111839924,25.539861124138817,42.76814580841812,41.37306121314995,43.14687656083457,66.50049436907878,0.7713994699224234,0
6.568408733922156,9.5309379802421,16.883229167569887,14.342022541601814,20.651403828833224,31.4925323059456,30.29073030355279,38.39023244686205,46.57307058219234,52.20161486723123,31.353917965958995,3.745027732244482,0
5.334057549143906,13.575531355236564,16.398293871215277,22.808500181972462,21.386539669511727,23.27653714070452,44.77313947160921,36.79718921694274,42.3417358058535,47.79250181142832,40.50633789438477,-16.49049661781369,0
6.001576957402821,7.0659252109926864,13.2397493436932,18.669629370652004,18.157856708586884,27.64659472769541,23.77821777988753,41.728601085067936,52.663091693803466,54.40365876599717,51.89361384094459,-4.149569694640611,0
4.836595798056044,8.856727397457405,11.186103357165637,15.409295058837705,22.64408129228445,24.47070286487476,45.7220658352046,30.89424573829077,35.57159947165505,61.85150563712561,46.97329064098585,-2.614045585767858,0
4.637769408161232,7.721668268311759,18.607143364651225,14.42068067923857,31.59224110325816,22.55162270177707,39.030973453934166,25.006189071744423,51.81770275066056,39.01453546572991,44.81552874347194,9.438398239098582,0
5.8919079709240565,9.164542082741235,17.42077401919458,17.96156807614318,15.139720665966935,30.97789063468241,43.327857876799655,32.91817732051629,64.7205107895324,50.41652979140638,38.92867659392614,-23.67653403971475,0
5.332947739838403,7.61019639059278,12.84784233900655,17.76810018908161,20.9889066036858,32.940155336996085,35.6740562748241,33.92590313307295,34.97864215320183,71.10157220025258,73.59374964032253,-1.6495682481361191,0
5.297557011240593,12.151421880306913,15.134584451107225,24.13119812117484,29.65557343211644,34.21627713104438,22.09635469412946,44.5288767231996,48.48981055921211,45.22249204424468,70.2576519151546,11.85834297398155,0
6.216433369361225,13.036541389939332,14.996864601850204,21.813870991451463,20.176915789158137,34.34677355440066,36.95430606851085,56.74356018755316,41.21588819283056,56.42497119269395,56.4419300497964,-8.457961830318673,0
4.7372455900243216,12.578366636023688,10.43559338558824,13.779879138510909,34.442450640641496,23.909260652972364,30.45147842893824,42.96971891472718,42.646335337058616,58.12858749018166,55.52061807465346,12.276511716030882,0
4.162196255250722,9.801278757182317,17.15724549878712,14.822957345041196,20.81335299819878,32.982899315498955,29.26255230210345,28.148915957064247,53.70185219417548,62.51586466109689,31.10040093265502,-10.332497708102704,0
3.785900951468137,10.716421855351534,17.034624220885448,18.98231234222845,18.51595989995194,25.80490343024904,39.46194236915775,44.33637827196302,44.38923442196882,51.86651993814674,53.43941396453815,-9.253812509094168,0
4.741559086942824,9.590237228739444,12.398130601390232,32.692007496365605,28.79912376835439,22.35453804804464,28.028031381243338,27.019569955297435,38.89806574579437,50.11235382806497,70.63709261636014,2.749109961830097,0
5.470578557413937,7.634426575327796,11.25955930213492,20.65645340412816,28.309929310545744,26.892328248210244,38.6621643209798,45.373033030335606,46.09265647937327,69.97049004986543,58.735556880734094,4.506455433272888,0
7.111879209983611,7.786390507303603,16.353861585631773,18.075610486768635,16.319256259589157,31.06335703261542,25.16139346900971,34.179977680772616,26.4150441820622,34.54870843475872,25.630397158831805,-3.1087551511127707,0
4.559540337244092,9.520254631581896,16.887119564894256,25.39514299442985,21.277365810510634,31.252862409683765,34.35827105407277,32.7324835804981,33.07454291392583,61.1757036044979,49.04519727602944,3.603947776877721,0
4.159249400152034,9.83779579958377,16.183047526357004,21.32723526362876,15.148245968659342,26.10845752568086,30.824550727761554,33.38712944213468,47.53173998264843,41.1653232918577,55.61814029692237,-8.244671065598522,0
6.355124056015861,12.883150889195512,18.20921447785546,17.54569948277214,29.45733728141997,30.29274069319876,19.989761890645617,24.70367481454829,43.8507094607121,49.21741993347132,46.49513973386382,12.006989641805664,0
6.616899683999007,11.746397991394891,5.989648755788174,20.024085932452167,19.682795273211163,29.767974180024595,46.16442630131091,57.71826063222829,28.01814646021894,62.11649006419408,58.33108978234791,-14.622213484348071,0
3.431913722737298,9.378521765278387,12.667099166377849,22.58836067057895,29.649788510811224,21.88043626003716,45.21629455298872,43.4901476398377,51.44625154913653,66.77621686686987,59.04657946196077,-0.4096425113453876,0
5.198555801128316,10.22491961469731,20.168743278877464,26.515477948456454,27.16502942499481,37.99868275053957,32.294570949877446,35.11909659475461,36.58181479185818,47.59673713437463,56.6343962894736,6.537908170162275,0
4.316625121317343,11.402286493363956,14.05596297189413,19.27153676035628,36.578158196320814,30.623085976631824,39.88344627561687,23.75285591467168,46.732258794251806,58.1228273642396,52.74929230509325,14.294971934733995,0
3.98686732813137,8.04534909146013,10.485926463274064,25.42088693325139,20.54518563597548,31.00690851825972,37.16164680797773,39.54937369430581,25.46208713441038,57.248398532219625,68.90987818797917,-9.779844435759074,0
5.327771160272722,8.705624845394597,17.496371673129058,14.856470386752813,25.81439491886726,37.10987067879137,34.599954730345786,54.48512641155413,38.19589444348446,65.12285904145979,63.7800048088244,-1.565894446232666,0
4.650819711829459,9.913401660613012,13.675189563230411,9.766620550071938,30.43591790126502,32.15217126659684,48.61486565844687,32.04585121056306,55.89272037007283,51.23191682387152,44.52055261769661,-3.173420278986341,0
5.983465441265565,12.989553506966203,13.543205341107893,25.31585692081477,27.595990723098463,28.6167075584093,40.30175775211078,47.13873675877802,30.673856466598814,43.99564813685528,48.66042447535343,-1.6556999771274077,0
7.164613660803266,9.985221830281992,19.271852462033767,14.550660085419024,25.491837412312584,34.996927924444805,24.487485043775187,39.30031364595526,47.99237567244977,62.288254497961645,64.04602673166124,3.73401612230887,0
4.634745834379608,11.17154209756714,8.419690519873656,15.003046493058736,26.697610837707188,31.24280589035483,40.02336857726485,31.491749541823232,50.402835308515286,53.77007155709218,56.326342639311086,-8.353377242076698,0
5.205264076117914,12.474252905446836,19.317617486945995,16.234226228360598,28.527426284921766,30.89652395133551,47.43127199446533,47.2137420093755,58.11252100719197,67.84798786916367,67.08528510779792,4.035810792334441,0
3.542030187586912,12.894655113804284,10.960335152677294,24.17486742824976,27.654300092118003,35.33316337200203,29.468691692942663,34.858175374292,43.04683501715616,46.96695236831823,26.96210722670098,-0.9849383751118594,0
4.548769750338477,11.172767729183311,15.337220578931584,24.46273318349864,27.441588545278137,24.4591287049858,37.54027542913334,49.53129994404207,27.14526328825933,62.76950532150112,45.37476552376526,-4.589455936521585,0
6.245006885132612,10.256496144040424,15.92240745927448,20.59580812740824,22.11623789318327,27.243325666322967,38.05322215945952,32.75000628302449,35.02892248994632,46.34735758786067,55.55370741842712,0.4472208405234141,0
5.697075134054342,8.602491612328201,17.1775522841778,13.930231310144066,21.87884205575847,38.95719211446188,47.66266142476304,54.71661476277743,37.09581189297497,47.88044664249714,69.2473362206569,-19.47495315840965,1
4.743531167538878,9.71260649411656,14.321627758170232,23.41985992086037,25.469807318716573,27.201109713537235,46.29389140414837,36.34198515010303,42.64784567362009,45.1578256446992,72.44084719816443,-13.49262127736693,0
3.653455264773098,10.653249996281591,16.10707896676224,28.822790618693848,20.68962988593403,27.026486808063616,27.59065634586729,36.35206686524127,39.04950447194768,64.12772212641748,42.80358185383817,-3.5380785449423,0
3.9041840940332895,9.991266741537448,19.936515221667864,18.34652848880744,21.66217171396885,39.73276858878747,32.76730494913265,50.238594484955954,39.833239334463975,38.42936875497834,44.42595638031524,-8.631173145813452,1
4.381241897536787,7.777433358749066,20.10968990965829,22.654513794818847,30.42704882119048,27.933286999743355,29.02203098187149,43.076154748964456,44.744291950340426,61.11561700553136,49.60224792588404,15.2226044138094,0
5.364899017396696,10.8113927197725,12.193052885988145,17.790484870392607,24.23785933553461,35.935432082477085,24.67351620809868,35.25516432282287,41.19932116467819,34.85993237834431,62.9484677918258,3.8052013286963815,0
4.033948595281733,7.792356674369385,11.423652944939324,15.276321796428368,31.20691776358397,31.395592887532608,35.19314178350198,37.07167643975221,36.472142568392194,48.26313791933309,41.28584602502052,-4.274888573116684,0
5.808536647630127,13.023651144645177,14.465802330084909,18.797542850191235,27.081768471757485,23.682553573987214,43.73419206038988,36.34255782947659,41.29839830296948,50.86123356493873,43.34707745713656,2.391712075740248,0
4.737708220811612,14.55004943069569,12.358000159297973,19.69677145225621,23.912829191617195,29.15264270778045,49.1692459170368,38.51370782580943,43.02606553629981,68.81237162384106,62.8544905476584,-20.16000562043381,0
4.611402319149705,10.923305962197812,15.603945389533944,19.40633434556869,22.430908553133687,22.70483523616518,38.90658481438658,34.11937936516013,52.748367384983176,33.83698433521569,59.889477136302354,-12.1601585727417,0
3.919536603863,12.489252097680422,14.00789076274806,21.90844419032916,32.767199282108955,39.157421052155485,36.5940252191359,32.75352021567626,29.233127871502283,54.30640123243292,33.467411849794274,10.992361875649909,0
4.877753957793652,8.697847611404663,14.14030342243157,27.875934734768173,19.46006146925275,43.56383441573055,28.6296762180797,27.73344191289871,62.41430482551618,49.68704080291532,49.2862691139832,-10.159852851695998,0
4.213629704432915,8.646789482980703,13.883666560945708,15.59880708697566,27.602719732526914,33.07822566275655,39.04085068036319,47.01313014638991,47.78236374242496,52.9734267436692,49.520740208124366,-1.2631360970793173,0
5.575640969911245,9.41101692175375,12.099766368060312,18.01886283771581,14.627171603067495,28.66704346706425,35.28448849135439,48.09715563545463,39.108119605614,53.94314163458718,66.71310962716504,-11.570453131793167,0
5.02039459411593,7.113816944950155,19.55977267612107,19.08580709242052,21.90192878111212,27.826569224379494,28.5003822117954,35.562503379695826,48.97189080437158,42.43097318875719,55.57470430467697,-0.150980441107547,0
5.595054829990794,12.281181393737445,12.630699218691394,23.438476243026265,26.12149651531974,36.36352770410265,34.7667670639701,41.086208146078526,50.94687412476692,48.18962148475796,70.03015970198439,-1.5783292879005142,0
6.300115573444813,12.801361776692026,13.217801603510312,26.62137622018263,15.63553992781471,36.54793181888432,35.50417553490625,52.53214297722715,48.584535524711264,67.18355307619998,51.13735060638194,-13.959200527943404,0
3.315070849518534,8.368602164081569,11.918641044876026,20.36117074295135,30.035055138766936,39.7071184435284,17.78145600682203,46.48922862867889,50.47101510341452,54.50289894294843,66.96034452895341,20.69025748716053,0
4.780068626267337,12.897502418043224,12.47456745070894,19.73841599489361,30.685409463190112,28.05132506682112,38.395713884319846,40.99155664532287,37.17031602425086,55.8384888027484,38.35749613054424,7.084866968600933,0
4.9693813606012815,8.094070099322163,15.307765063847892,16.431777613673887,27.491260355460888,29.88412573227192,45.27489105327875,48.01567351711493,52.027460185595565,55.0038830835986,58.33407801190192,-7.912652053679453,0
5.392161942523542,6.952565767894935,13.108210749756273,23.52285104397885,26.621421726874186,27.255636310792568,35.37201206508501,31.48782361010993,42.04833271732759,45.13645498327155,62.61737584201126,3.566885771200581,0
7.345147038859942,9.699632555962696,13.224938022975,20.424421823909363,28.21313247184984,41.05651382006944,45.39687759565104,40.3535910662649,48.712255559639054,39.382371755155845,71.12497909577814,-2.263142243440313,0
5.360165569884301,13.087985872510377,23.50834870689712,20.481232333704497,18.61474974640285,23.73268231717336,25.22349060367716,48.7617675496906,57.94430724318654,46.5719558702484,50.791039578152926,3.106036885966171,0
4.754107968721973,10.336977407505731,17.72641877120866,23.020106788938783,26.55337143629565,30.335105952842056,39.23348155729994,44.56810538278388,42.91822114355872,54.12160425240584,65.95323225815274,-2.600519390726685,0
5.020407644293323,8.523929645644564,13.894261635769606,25.56946194781986,19.37373599283914,33.317372733744534,40.7707544237107,53.21982951802453,43.53058059109831,46.27789715306557,63.62926900712792,-18.0779489348546,0
6.724617832887876,11.761320358947112,12.268337021280036,18.68413820498764,22.258347272236925,23.512750341387097,26.56615873695263,27.72407187579284,49.09035506508513,62.76782243925432,68.39338041787427,4.718372230608782,0
5.68586231842026,8.05405815638193,11.636224038191726,17.20232444274838,27.7682449263948,36.75324581487203,33.251155295279325,33.99494165600191,64.55962784781553,59.15309338020313,53.39625553570644,3.855069879770829,0
4.781571067151671,6.573181175906928,12.334906465093448,25.18688732520202,25.32354306427904,31.00278621566884,29.215579622025032,41.72268764141839,53.101127509054265,57.42214296699461,45.81914966253567,5.488880937655414,0
4.799824299327396,7.872649615511173,15.670897389763894,10.608874969980247,22.39462357390844,30.521642115695247,22.378148510606792,33.65314815605415,35.33646447710883,34.34895137272773,24.92201671641936,1.8340172922173463,1
5.346160929639748,9.28982822060562,12.415633002757597,20.347115892415804,25.42635940425118,27.31607561013076,35.11743205582126,28.821266282108063,65.8681439752234,51.334770735641584,74.8379085169094,0.2676247211327553,0
4.458362108526443,8.530910545409029,7.501181784041384,23.32072666047853,22.5120943559568,26.936344271254068,41.40510234613118,24.41873163068759,66.50462839564449,55.43341624441031,61.96362353329673,-10.920551576932604,0
4.890363357532261,7.964600373007279,15.347824953909605,23.58494204329167,20.49495339328687,38.99767887191951,19.458355007453363,43.30349261992697,42.02096324661684,51.16471020370909,31.768104785275824,5.024349433320227,0
4.108509733972941,11.424603634523136,16.372060509686897,25.041246290417515,35.67835493883318,28.264502391192124,46.70609198325699,40.22880235726183,48.96038219781532,45.81103023892937,49.68786242128883,8.88868322130265,0
4.036260021926321,10.224825969960015,18.087030918540425,15.897888781199288,31.29824889766876,27.528931637761325,27.26268269376936,38.09923685738293,46.00323782345581,62.97002880367123,38.88691790072126,14.58948829694149,0
4.505886543990695,7.635720297848376,11.27809978326188,14.7975482539917,29.03914601506975,27.26097790208288,25.217069686501496,44.45975795658215,48.51665156920844,50.96779936637899,54.44210371659903,12.28359139837315,0
6.258341810757418,10.274278184292038,18.19791534321828,15.315619763895524,31.83620526516244,32.5018302446179,38.59488311492287,32.77702317401803,48.66827962775604,65.02358429089205,63.37827178206995,3.983136311214891,0
6.431121236696693,13.153287422903457,17.27844214785121,21.42011666912327,24.240256973975416,29.36600653523147,50.96365340916242,47.06202010214288,56.80279113935125,59.98597638335114,70.24845119123242,-10.177200033895955,0
4.612817348250958,11.956591222045873,14.505305649621873,21.048990198819727,25.389018463790432,29.852618467715327,29.77094748260433,39.57691089201572,32.139191083258545,41.3765622635715,56.54597472995801,3.2007051290802235,0
5.911292511911866,6.473406181821506,13.639252158697602,18.41054567552698,23.568138381317635,25.171740815043307,32.61788452718014,45.91542210535901,46.9864990872736,42.63794653844143,56.777487500990304,2.9619902860651592,0
5.095806358323765,11.301083569889537,14.00238737969104,12.03187609973538,32.90489090641343,37.512379310227935,35.64768491904536,37.8608019335172,41.42627819732544,44.5827393898421,30.772506978021845,-4.017304506026937,0
5.740915340624675,7.8047327526625345,12.049227740690004,22.7257447028188,25.89860939662274,31.56612192720185,27.1685214180976,48.39939583748529,59.53936005358821,54.898585241127954,65.59821059288663,6.051165977534243,0
3.507876483425612,7.389684849282015,17.594594507838753,15.288847334450963,25.242183287200906,28.903370679512413,32.26881184947152,56.5529022068726,49.34951877983646,45.00521308816518,43.16209364402843,2.13863988041478,1
4.206397570097384,7.375517551955893,14.621781298376623,21.43047236948912,22.44584373062656,26.98088220039132,34.07183044900395,30.11186703070964,51.52851787091682,47.104970285753616,58.96068641200345,-6.2334880372530925,0
4.921184773876782,12.3127223294843,22.372185719016905,22.94480276549573,35.84460575763648,37.47516691162305,40.64653482996771,47.29699086324603,42.30608478754563,46.61610343053879,43.26844831893181,18.857343864504763,0
4.664604582480534,12.034604533274797,14.231916275324496,20.833697089540543,29.290165470648443,26.75176140472848,39.6356160312416,49.2734702925261,36.61033717430617,49.46505028472658,56.94979152328728,1.937161282843256,0
5.551494755653175,12.62703969288486,14.16285194334875,14.52285116513248,21.43965561860768,36.17954428773936,38.72601913932009,27.410698201309103,41.54108704454516,34.01441628177325,61.17421935571946,-6.085442484133781,0
5.447425310673896,6.63481957722589,12.199283645643952,24.131672037926936,29.16462943526448,25.71505146789276,40.86658038639845,48.54656055171242,48.82895368003384,47.85643673542638,48.25675958910532,-2.9762295401886467,0
5.597327295464738,10.293878043107789,14.308549476170798,20.89242416865104,21.62472553626655,32.731189041964946,35.170061526079984,43.469438100981854,34.016304697305046,62.76366043161825,48.80481942049888,-3.844095212260885,0
4.515419160154991,11.956658956117922,15.559351866714389,23.44062278143338,21.98911230968455,29.29286937482551,49.21210332356552,46.95046059462765,52.5897444144406,40.520577054747925,41.23135612257729,-7.593724320200494,1
3.9440143700873818,10.11738477874214,14.893719090160072,21.66614437232365,26.22244564978249,31.703167514620965,24.76835712446088,41.89537112964024,41.28672285212325,59.9154567236037,74.54432635767384,-10.72399234126085,0
4.738592995818165,8.568930202128872,15.915100996508569,21.5878057277346,24.832735994940087,28.923592598703824,12.845862607385191,43.9743215438762,41.69929802409458,67.0646180267021,53.54190442755869,23.42861828852236,0
5.205041843552475,10.360236293088432,18.87420141425129,14.660349148334191,29.958784351718432,20.886038223953445,38.344723085569775,47.04493099175547,43.66594366177791,38.15900718023023,49.37541284916396,2.299802063478144,1
4.966522333418656,12.54470135863182,17.70337064443506,23.78294748876517,23.51430117421829,34.487392667544725,16.441951918255647,42.15583243986708,23.540678143215004,52.53607196929528,49.550623199460176,13.719597974767868,0
5.281728586129762,11.6893978680589,14.115499107229622,26.68679091294452,19.295356569020164,34.91060361804959,28.94967212770241,40.68495064851572,58.67442887061091,51.31915862914154,66.10378021558549,2.7438432674409734,0
4.7474305132041374,8.849426799757595,15.919596707682077,22.05907271513387,27.493939173819644,10.916810550544266,23.46751781013511,33.622162673940124,32.42027806493475,64.03104618252722,46.408429721984334,9.96952539243339,0
5.606995279874728,8.635236632919515,16.196718366460193,20.33094513781004,31.840026895940795,22.944459854029283,31.67490433854293,39.717851945311885,37.60364493067172,53.07139718344778,60.40152719043984,14.521405142845287,0
4.469398462509589,8.211121725779478,15.890047171981688,18.904843077606795,36.10726650483992,27.54094346961613,43.865822134757366,29.57622384127212,41.799003543992335,63.75212741050062,51.30445201753862,1.6950401543011813,0
5.966971100504882,14.811282635423243,20.17764512193997,11.098059959310064,29.70347290085186,24.178421656730908,35.14863330702642,63.89367182344402,46.55118339227556,39.75861737856858,59.90713665410142,9.430341891471429,1
4.527275977404036,9.516192314390468,10.833875155057866,20.9377984563137,23.86373558061213,35.71364277471556,43.80012123733229,34.21302455499869,40.89187428007116,37.23870734231388,48.34774176285376,-12.220013546565315,0
3.718429362439848,7.987332760313771,15.480336369995346,21.56171308210679,26.265111978143228,27.47803536306597,40.58853082748863,41.052343071879456,48.77415689253819,52.330907563386006,56.26849941620433,5.452490104618313,0
4.7428661794246345,10.128651459808385,13.352793366675684,15.382590390979804,25.67610016791438,32.71768825531417,39.49793410954194,50.512126828664506,75.01501765871218,57.70488746331967,46.88285969103029,-0.5760156929319362,0
5.408433698842059,6.388719722169786,14.657589181883624,19.5627576162098,24.65956685364674,26.622027823323844,39.89989272516718,38.87264315695239,57.75376186921483,54.06339551183255,74.76445629589671,-2.479628707623415,0
5.230817418847383,9.285884700582912,13.974577558351426,12.481481283130922,24.199100181529914,38.72517124431874,39.8607259211915,48.69352453119361,44.28629864335746,42.55016429770146,46.66347032648609,-16.3883097873886,1
4.437004792174277,8.908039307369304,14.315030985092266,17.174545450265725,31.74232362961837,13.068755242631765,47.12605989449283,36.0095070207402,44.4506131831558,62.7605165097187,56.098885517553306,-0.3637536437162247,0
4.22091763558572,7.731673199336583,16.530489296460832,22.25933520931027,22.031279785181034,35.285763789792355,32.91115256374107,40.76781177304451,46.85228305265926,39.10468779591637,43.33270390370684,-5.481113092857743,0
3.678062096349307,11.062094212044457,6.149989978976542,26.8583356557671,21.3639520248314,36.17009135362515,40.11663433996832,36.86982864361826,36.417755836328,32.68137624912048,59.58669441768796,-1.8045340019778544,1
4.9911056879603,8.710766823049946,11.23730633550497,18.06868863230452,17.214004266566853,32.62997541593424,38.13092041926724,25.269916488206693,53.39790618444795,55.49107191674357,33.61560015174541,-14.007859122510782,0
5.497713863792566,9.62970850299476,17.651920124643546,19.492827871175784,28.915566708394685,24.01418594687329,38.15562275602614,41.63262129691637,58.10013183303221,51.29278306947632,61.76651637393834,9.080902357208902,0
6.40740917606423,9.138093333974725,16.746496128977665,22.81686046412456,24.98532439502146,31.77269166922777,43.791550925033,49.63606633301463,47.87564724045716,68.52900748009313,38.74245582655082,-3.8798427924188026,0
5.241973741595037,14.49669563020203,12.252059175367474,10.087320484990077,27.43174083405136,29.602399799414503,34.40667965060053,43.78503647626801,49.02679274780364,58.74984715392482,57.18511899919156,6.013546095390669,0
4.5576967481753154,13.289895464480034,15.495807575482038,20.793269728022885,19.86918422703249,25.009780855996453,33.63252778012076,33.117979051256846,49.953119663268254,56.10804686207568,62.37003811430478,0.187056336546755,0
4.495242482900912,10.385950064675372,16.336876805615777,21.118474856679377,25.893423603020835,37.30336647224441,29.926818844000564,47.870986782730846,60.04945493573752,45.71705871258239,52.76051373009976,11.557556057010588,0
4.348966652217519,9.283915944334105,15.189515781290362,17.06363963836671,36.48929616450144,32.922000385502166,41.33158509470168,34.451739605482814,36.90720227865528,46.6129908036105,58.32340288815897,-0.2119401932076119,0
6.528242506571841,11.937998362689475,13.839642406582271,26.75409258348004,27.9136812982066,31.440745528367543,31.99847078081506,38.697779953060014,62.80483624645558,63.86137916175339,59.351350754277306,15.78406498382434,0
5.738189048499621,9.959416298681758,14.013319270836766,15.745991669527251,23.99884401751466,21.765157626626905,35.45873668428984,36.32110564346239,35.40193552250314,53.22623209794365,47.21269093927385,-1.8686565084762807,0
5.155089394725551,8.461979829273227,12.935058648262666,27.89421676186798,27.64330771031936,23.371998672862706,37.361981465444686,35.77003711330239,62.07739385764597,53.94479012207882,55.77824300328288,-1.617806468097203,0
4.793172465401269,6.061699407934023,10.555849293150558,26.167275288557143,28.302232750472484,33.092337170752494,47.02181370149494,61.36532374042874,20.203368688392704,53.93122389673314,61.77346931510821,-0.8192659972504144,0
4.8794671731272485,10.869942910114418,10.723724098931116,20.72454641797793,28.98060511782801,37.61349598040303,31.994735721793568,33.748184137213855,50.20772220429123,46.14511234560593,36.28814571369335,9.837964437684224,0
4.735104128217755,8.277443676447431,18.2580950818467,13.12995293633156,20.807665229545,24.852470800345973,47.400583666891336,33.531539695210746,51.02208033334144,46.31984063819767,36.75891236558178,-20.90396604859233,0
5.276496437304715,7.224614666734485,17.48125755368849,26.18586171480816,27.022070288579823,19.595598208712385,28.25162839738314,33.96358607691737,54.17177388859485,67.93092611197586,51.53047111972049,4.278062594373791,0
4.937818197544665,5.8960092297955375,18.8134381829255,14.937036363502015,21.995601287459685,24.2917157798951,31.155030511281083,43.048313977770185,35.26763181083923,45.83580350487544,68.17236900987548,-2.131339209507415,0
5.802820136628935,10.886132795209935,12.063293100668217,21.15391747649669,23.043804811814933,25.04307503362637,38.88814424942262,36.60159053813368,36.67409728860689,45.02659196709292,52.5729135140917,-0.7289238506005198,0
5.689678543003319,7.021858327469239,11.534202876233898,15.675121012055566,26.00298958783069,26.54023741409171,35.93187849539964,44.49471098731004,25.030533934740124,55.37947078552211,68.58358434573344,2.981083880793077,0
5.428262408836274,8.404346924138679,17.09007693785197,17.26346428281069,29.10117482817313,32.92612339734829,35.194256852585205,34.92693336204303,33.427409762972886,60.98235436782153,56.07871918927072,1.7690125640803886,0
4.724571962598708,10.345563868859925,13.105549903898805,22.02898399583956,20.872288820790047,32.51176614178467,24.721276380458384,30.966040859894623,41.40603265255139,49.3399236389674,30.46435754983513,10.01941937039685,0
2.7973666446356376,11.548815329209775,15.049577805287091,20.25701289314372,17.8894668138778,20.80268068388844,45.20288414810876,41.195319839997616,40.668061165044406,41.28569939932687,68.35580883471557,-20.82820807351441,0
4.6249477760809725,8.840200995358167,17.351040950289566,15.24967476077643,25.122182887660504,33.17504718221443,30.536889921176247,24.781974939612503,44.96781955271016,39.76407895088996,58.13819391870848,4.240905250408645,0
5.360852329222527,9.85094740697435,18.50625023551804,19.231148870904,28.330153705447923,34.67185511781425,34.48721802132178,38.52698020191276,45.663460831694586,40.01505553396189,52.10502707624378,2.4963412960657623,0
5.085419036027339,7.84124523794879,17.333240689734424,25.448005823425827,19.757613916180908,34.401434640816966,33.21084200961344,31.481580445689826,44.88221455490581,53.79970294346448,58.53175065192836,7.027763720991009,0
4.903862561397618,7.859759700895456,12.509192631159568,24.867405611364426,27.571586293083392,29.45420770221821,35.81817789190067,38.979391391125965,42.83086668769192,54.21991984736288,61.228173768286695,4.969640190054278,0
4.110444582445531,6.0817613291808446,11.987708766846051,23.54294490965699,24.05351104274545,24.2325876484614,50.03746110583759,47.808400617114906,65.94283614047716,30.369334426897584,53.15149020820039,-13.812017617386513,1
5.5890808300196895,8.05258172217421,12.422357661024066,24.19763890190995,26.714253171470645,39.127560480637314,33.0055597432261,18.033662463911284,33.68133119361755,53.09134688262054,78.93067017437363,3.3942891701511706,0
5.044355142534681,9.406280072957546,12.914552481533338,23.861682954197867,23.54374784420057,24.90833681930154,35.957112161328496,35.6074796888117,34.0513171661977,67.49551834094648,57.28407598600718,-2.344856377620758,0
4.551590943368157,10.497675743303915,14.607339517215532,19.82418296836142,19.126417729535127,29.97993916799952,55.97224131312399,43.41217631080798,46.65474332561032,46.09416740038531,86.01234085093338,-22.275292093184053,0
5.211902122185312,9.087633656010246,13.934612253847344,19.90949852680165,24.773448956243843,31.489447986625187,34.81371482520277,40.3048610765574,47.46119489836922,42.05577089650457,63.67627469095167,4.728212856469455,0
6.375342750364185,6.5062084025764815,7.619094363841569,29.966590589750485,29.54630047205044,30.99729996355377,36.18186892783848,26.57574888439,42.37220659269089,47.104877863216586,63.36415323014896,9.343164000971454,0
4.726340462828771,11.925588172334956,15.761127555708748,25.75353794880141,21.459068140791096,26.024556753545905,35.95580660496023,58.76721966453546,52.45997515806458,70.51159019206148,44.89032216165071,-2.58650797925056,0
3.929111814731219,10.211831862922006,12.675718306012564,24.795744237957187,22.5722789994736,19.851405245309685,31.519738440632263,37.76973882995752,45.25033194922201,47.92883603674235,66.21454939943516,-0.165494729401846,0
3.8365879955329714,11.212348710006893,15.396451613840837,14.989023139683106,22.66455377071164,34.92701922309897,29.227870441611813,50.49645263742006,28.361655161313816,56.38420925911922,64.74339587699393,3.0215329392463977,0
5.919873911526485,11.40230792299444,19.74664312349251,21.346186207960045,19.41648707754877,27.233061476015443,30.554803963729533,48.35984378499994,43.93632615786027,35.84959392834362,60.38802063855107,-4.235088740520139,1
4.429076079146003,13.328191824531917,11.878574097120016,19.598036688566022,14.339588323495525,32.24946493879982,46.32596843469382,39.19428676009952,57.85758193268279,59.89208395681487,44.00618645520523,-25.50453197781345,0
5.415561132952008,14.280338406596575,12.979964883834608,16.445335056635358,25.28277106627397,30.2184586616362,38.76390742282163,37.01321108415332,39.45349428244697,49.96264402705793,49.49350818734983,6.357426960710685,0
5.853463312658628,12.485233506038051,13.388277379343824,18.99439486443685,19.449409145149524,26.564536059191344,44.53583351317809,42.94827953809289,34.74826189126799,63.84012743733152,54.95741063927323,-15.904795050334323,0
5.38742461180781,9.308768673173692,17.091028785154233,23.459615916298457,21.19681187421657,38.31782848380418,36.21147689710045,50.66394245539128,54.82827872901674,55.418878500326585,58.15514583334171,-11.978046693791937,0
5.661032963505066,12.453707650974165,12.949899889490066,25.486306957685525,30.906688947453112,16.253116223361182,47.52772413466959,35.12091928565494,45.6356263140583,50.76182571603197,82.02443333405904,-3.370963407128753,0
6.117681294038739,8.049191831142076,16.727689852593752,20.113859218629617,24.092431500163183,30.726441874972583,43.21149891951417,45.56389263149296,50.22882367091249,54.645269393322366,63.06568132299254,-12.951182856240576,0
4.350146712894709,11.087281813566,10.41731672634094,22.89695906911405,26.95979419220518,29.893720352261347,42.84663021610407,41.52782726983444,44.4429312777266,55.06394351755201,21.38244827692184,6.6234489228143065,0
5.026894079964727,10.565109009518707,14.278046282495527,21.317044770292583,21.526607407205464,18.35805068569104,36.55169275263136,40.176231176653005,41.77968553135695,51.17885553223202,37.7763628544741,-6.782314851793504,0
5.723453482520766,10.17124409233626,18.167844187729354,22.320229275473704,25.8964263549007,24.72746122701789,26.68216374241689,31.411612022320423,46.50284162316038,54.37864691040991,58.17418682870196,13.514639319421548,0
6.603674187233717,6.914987837128876,14.945879407313102,10.358604793613903,20.727970782032816,26.72261730654261,38.79277181807221,51.57546032609175,18.961431067432013,43.71304455543246,50.75507361091276,-12.422705939038856,1
3.820043405950047,10.172091830512358,7.841772937194087,13.564379740774427,26.330022175865743,24.677988170805328,34.866483858000855,58.56701219860168,36.64496655835787,44.47547066577273,48.69434985845325,-5.098533622314212,1
3.390100817564956,11.987123165365126,15.619363613531146,22.288065690952543,29.53429338889899,17.45077718040988,38.95793641240125,41.95995764945777,36.58274761543609,50.36772913438883,48.09348472793534,7.105762391191362,0
3.805046398479323,11.499648501624186,22.328739917308965,21.879038464720608,22.41841210994372,35.03865314641601,27.528180058247592,33.08497331774223,46.16785847228679,50.13951547959897,63.35281717436913,7.1827380714631,0
4.847399726302354,9.764430081082851,19.633797337528566,17.650291420678165,10.77829392797585,31.35511775813485,38.69615989134349,41.08921677251361,43.86598389086409,44.5570718466423,38.79765222518611,-28.529795899444764,0
5.423947154926457,7.53559404110978,14.05465331099774,21.247409889557453,23.17345107407819,29.36761923528792,37.40751896985801,23.1902541187523,21.185694403763577,47.70807332183874,66.49866175375298,6.618684933839681,0
5.8274221234573504,12.623745238087189,18.34102102211661,19.69366407411593,19.293196966881823,23.02360350691271,25.677225443474622,35.788671247196696,37.878766478820914,56.4667678581474,57.3923465992774,2.1838736650225528,0
5.600694154184402,3.9783840163704216,13.571387667174838,23.13758824726113,27.765012234505708,26.89269291567929,32.84513095739888,38.57921739971977,44.53728935239585,50.95596713128664,51.93909491595308,12.5878508466317,0
6.844261799818426,9.57075710336368,14.642600830544058,20.87128318575046,18.90857516378169,40.6418061502652,38.932131185824254,36.83044850224769,37.55723690694844,59.55478861816407,66.38102311657586,-8.53123208050884,0
5.6552412313184,8.203756597299556,16.231562346968808,22.759243216837685,23.06633323881256,27.21207119621894,31.991455944615566,40.9130631121635,32.24308534745572,42.44993317421832,77.76279726912506,-7.800411867293806,0
5.844115832379465,12.707980188439052,19.40358176172214,14.73901637151906,35.76397265672199,25.45643052702334,35.6214215391106,47.167692023871744,30.392073217639577,48.01224819931805,75.69748878391682,7.134606774682369,0
4.712734252554832,10.03809520013044,14.652742882497169,20.815022427929424,23.38718904947509,27.708383378881148,34.51057769245843,44.8010804380026,53.42639816951797,48.93147159169316,58.10800208164386,-8.540446349611894,0
5.799527661301173,13.385536154790374,17.617336711462528,12.250925884708694,23.29620034165408,32.38290775257148,42.19176167765187,37.675659156536895,47.88613284758033,53.03890067270976,54.44764434198035,-6.854551344694013,0
3.642585646225205,8.048542751922072,12.4067454507285,22.13375751138791,20.317158411816656,25.29626092038447,33.676708615805474,28.15600436641963,34.125008405180694,50.86214552509142,45.53794466930648,-0.9946963064122788,0
4.364489378887904,12.447970378190554,13.675926412727526,16.707256759907445,21.0249783563785,19.5710424871958,41.199144185572855,45.3224901519193,46.00836864978819,37.46300846003446,51.968323708703146,-12.65528260580066,1
2.4868155499818463,9.283312007714576,16.712592189172913,20.828467183064795,26.49646779106915,36.37215350584514,36.69410193999687,44.51658723291388,52.09736221692977,50.13392632562272,40.88963876568357,-5.780883916894495,0
3.4827713018738304,14.195026141372416,16.499729333515702,16.98459087172057,23.16638800203976,32.59955879827339,47.4663535357556,43.6793042849107,41.16459696848608,51.50997713744737,65.62440657205504,-23.298114170423663,0
5.886547095216735,5.904252187261215,19.867805755853706,16.997994105002014,25.69427725418238,25.71521244796079,46.22327354764763,30.217904345868725,60.92227077172444,51.65157331200904,54.47014117916027,-6.054132948310029,0
5.404788137821664,9.672725284885798,11.874344125248466,18.506193760107323,32.39811947513514,30.665579834105326,25.5216665402642,38.70681058032265,54.670459784414405,69.36105821498164,44.78225938158266,16.21269753192971,0
5.615545756544302,9.204372800968269,18.768374769632423,10.078232871739203,25.199455564560864,24.66275480002742,37.31925290666111,36.2020574409014,51.4474855341055,64.62143111031995,59.39440680750246,-2.617436523088493,0
4.408429156873208,9.334883078142187,13.246749220620377,15.01608073880489,22.35777712148257,22.758699171297792,44.52120006908042,42.484613275641685,53.19141665902522,23.56740541835951,61.61816961894664,-14.180260550229203,1
5.589511243019422,10.94973560490208,16.231075054199703,24.88101308509118,25.56373285270117,30.46900527473207,40.79453087278229,49.922907775008646,43.3636143353427,60.28251882299054,38.57428097438893,-11.447935518043591,0
5.234467028587561,8.768886758403344,16.03664875859819,23.697009630499785,23.39472966710106,24.648375989507755,38.02516073502585,52.585277915420576,29.44273512487615,57.99245000101943,53.25156951811664,-6.399664221791674,0
5.120370346197531,11.962258563428088,12.083363807012066,19.300359821335576,26.865298649072862,31.321941604147742,33.32550650260312,36.67538790314189,49.17015178894024,50.87274337690401,58.26223066195299,6.074236208333391,0
4.999008934489388,9.99995795707368,12.0836979820382,20.34255071312161,17.406263632988914,36.72160782736164,33.465958486957014,40.546149733629015,53.96121642796107,51.48750614616872,53.311788545623926,-13.252606414711428,0
6.168822464615117,10.797493401677084,15.716868731404254,19.19271888285037,28.49326203132307,28.56581308193214,46.97034746869021,21.3843809248251,34.52145075898747,58.55714235317459,69.10980656815039,-11.39429247392611,0
4.34151788467771,13.193235907437227,14.879078589395204,22.31025235459706,18.271730396509383,31.05531297204657,39.9942010504488,30.9519924577259,39.71957411935294,42.07784620752915,27.398651276631444,-9.266655681392349,0
4.634975080028167,12.120667576855656,13.184490413530265,21.92532913664816,15.582940696640852,27.86012039526845,36.39432525173932,41.33097106178887,37.89418249012361,38.82595103205867,53.199889110796974,-16.353338156482536,0
4.888139337999803,12.62325791347373,13.20606053012428,21.11597072829961,22.485347976391523,32.98637763286861,47.07138784601191,30.093779874743973,25.254968489016424,58.12215525076349,78.38910758852766,-12.033180328756329,0
5.637336110426557,10.85463624304758,13.296171360110977,10.907642481459904,24.43921775288887,37.07314567338357,29.358459338858392,46.87305394036535,24.79692280714588,65.65353677573346,59.3465969392287,8.97865355458039,0
5.212035822608037,9.172903346148106,16.346620687538618,26.35354197788056,24.8995088014949,26.059296775901178,38.09335983377777,44.01275024271819,52.13501892154783,39.75597943615299,49.84577879273731,2.2632239767256754,0
7.029174370733792,9.24362247977541,10.9220796836827,13.584516241099692,27.29022354617853,23.865943001813623,44.826388146711,39.79952857813111,48.57612611254599,51.21225944960668,61.14309643932267,-4.148130478236574,0
3.0561400149979185,11.261674225850424,15.82178573673202,20.29585552203996,26.893368660377217,25.35038706522568,33.723814501185565,44.17508717275983,34.96516098197049,49.72169545484035,75.26216460766506,1.7096315998939329,0
6.322999750937971,9.408430167875435,22.76554571853524,23.268204481776948,27.599412694138486,27.107112502411592,41.53382215463334,41.89032146308608,45.58674094978047,36.037427409723016,45.363271272529154,-5.219236671798368,0
3.975630812294234,7.227988935140615,10.847671895937752,16.638770877080727,35.03596833029693,41.869754642056016,27.290885057274515,25.449693569224472,36.77383640066526,52.04543066444655,39.37134033238442,19.99031577216423,0
4.808253894119013,10.403514802826429,17.427275100974974,25.43008078439191,23.74434918224852,31.242929984402995,35.05756529004792,51.62604762011282,37.991418722241086,51.31865857473034,54.24558038731821,-4.979840823941665,0
3.561920032966542,13.97021066664135,16.571174062034444,16.5441732718635,21.84289819366008,32.50725120681065,38.60222835355219,41.3376613931868,49.55033578939141,42.54973819372783,49.4146612115154,2.830274424435066,1
3.579065575651447,13.328342296966737,15.90066385143377,21.32986565160288,24.52122092858385,20.062762573991662,32.464522301535204,42.50711618775106,51.12520775990993,52.98700389924716,55.63944104346077,-0.5915169834220984,0
5.234747081758066,8.708833171642375,19.29839042927435,18.24797121390552,29.606913898284724,23.013484971635982,46.47052612402573,38.14412976826494,40.55376017205699,45.83624909125986,61.16775888588394,3.961528465107575,0
4.121442416693236,10.908755221519744,12.479315018995138,22.8457548643428,21.083168915656312,44.28871404275404,30.64911735288477,33.00630912775591,47.86329302377118,51.8709344731036,48.58160243139153,11.634147741078165,0
4.605809522411773,9.11290752721982,12.012554907684716,10.952360702776158,16.463544667648435,33.83791054603897,26.095558899224013,31.25042352823543,34.14875254020977,56.12650160672896,41.96727455407584,-11.522697608472038,0
5.109905953126493,13.39264396557987,13.29877580611873,10.940945100853424,19.314748182779475,27.351830103556164,32.43055028903275,41.64675948398191,45.11809610751274,58.55321214930261,50.09737005977371,-7.519955654625583,0
3.176789769952297,8.587590709157226,13.33321111636251,22.765459730527123,19.070558699455336,28.375469215679416,27.19040554378257,40.86175418446744,49.54308862269868,56.61248361970788,66.10955269988321,-4.363551676674524,0
4.17618774608418,8.175039673650915,17.20813827989511,25.4086371774312,20.793836063007184,26.20799789040603,31.353492596985664,59.09183944964592,42.95845098518779,67.37374879315652,50.18878667405745,1.6578452925935991,0
5.243254828177424,9.155106488086131,15.92243944978087,23.086871337099705,31.42473958401526,41.32795204594933,33.890863258458026,49.26311748326045,35.003834208153,61.64866075178981,65.24364771852197,-2.397723031489969,0
5.0151054980638605,9.50437037988361,13.905824010951385,21.3790214437144,22.77239516494361,20.79875482881396,38.52629236491944,23.73385833910245,53.8224689009374,65.11533807088487,55.600018522896825,-1.3971277621026772,0
5.454816191965351,10.03075037919611,13.606291297513804,19.936759106076863,29.110111613810155,28.689027388493457,33.50409283991942,27.95057188232964,50.39064689027663,62.50786610746292,55.08807433852737,5.140544147758522,0
5.20808159872076,10.235482830576904,20.402390937680494,17.61468385518897,24.36967120488196,36.0635975137134,44.25298155937464,57.84105773234251,41.11026758703673,53.20012387526928,48.18582016674736,-9.579490613871638,1
4.897935402798983,7.835488084935033,14.121089162516798,20.04006356361335,22.51782716012884,33.81815633533729,43.5302115646774,33.594532305643376,31.951554948130777,59.890057560932014,57.0974191212826,-9.336304084339591,0
2.755421260250821,8.193084249700831,18.10687163213196,15.132272774420278,21.17045484968322,30.278609233490545,36.71866472489615,45.56093166892688,56.08676599107231,68.40820485128998,57.24859825796939,-9.784558823038708,0
4.5976089504555215,9.315360101566194,15.414479481932226,19.445215860492155,20.31763687752947,29.087358884506383,42.02665846158515,41.28270540858809,49.8780605606353,43.83083315650635,70.91740315622847,-2.973471657430718,0
4.224721191498605,11.424530508223162,16.989509752244356,14.79890485455402,29.934062930121407,25.09241024459113,22.80502468039986,41.98724527447924,43.8685170458696,34.994532366060994,54.48790666625924,18.612963249417177,1
6.698412767145275,6.458936752947141,15.837966175786695,20.634434333499104,30.41638186084972,28.88736906787998,35.98264269559756,45.909342494455714,44.96663016158547,58.9927295355372,63.03046360973235,11.2443797131115,0
5.897021839519842,16.29517516072868,16.422901643933262,21.9506532567348,26.515671442243946,25.437281125926127,37.40241779939849,48.26233260894834,43.91295781483549,54.47781434191005,32.11855983332421,-2.8824333158841475,0
5.152335844154876,12.4872791875099,16.77945422564988,22.840122836491137,30.71944414761236,26.059125939070483,26.304107780519445,28.215929988980683,52.041863546801,43.318030866901786,42.88704105855175,16.917310891913957,0
4.88809928366126,9.656456083985567,16.533984864273805,18.24879227745894,22.92499080184284,33.14882049123885,18.571137882910044,45.08560764349004,44.66905799859383,52.59792288086528,53.65241024289202,14.824750686641115,0
4.429006253621756,8.520505552417706,12.985892080286243,22.965660949879787,20.14802860917329,27.460244237183844,46.96633741099488,50.553354386755714,22.00782852007371,60.34732119283223,42.79557371166135,-19.282948021527897,0
3.986747769621455,8.929075185147255,16.666394409911092,22.893829155693883,23.22439168112536,33.89630449567296,43.11501480445807,32.14993959845974,44.45333784773754,60.00378145849577,72.19639583589428,-5.973038816826524,0
5.043378771464604,8.657825529153826,16.118921375506595,18.97067340741389,26.068698560651825,32.46581072154988,32.3351140569162,44.67455936909021,54.078156911225854,36.80154153173202,49.01639353459677,9.723852275931648,1
3.9526060975344857,8.583565809266323,18.17738660142956,21.51214428035656,28.23942580875643,35.80674770057444,40.051775366589496,50.98690700177604,49.78449332972611,51.303831663552536,57.72285120037871,-7.707956348465947,0
5.524466866481946,11.2241721328194,11.103807175886692,21.527539199617927,25.964945601398508,27.887749199765604,31.03356196282133,39.4336426665859,47.35949603338011,77.61455851058838,53.27475303592464,8.628695828329597,0
6.913698750089842,11.250011812202407,16.33029585032077,17.289661896260636,29.15600280215845,27.19305293364968,28.57660535757988,45.32999716763491,45.00920100909917,38.78693657650899,43.84968619850567,9.460583510470228,1
5.575963311240978,9.817565348959574,17.335840382379832,19.25976339507057,21.34575648295512,30.88940085718089,31.37069910354053,42.76396557989669,43.063736833188734,55.608431832090176,60.47323610713365,-1.0690848755012972,0
4.585046888691752,9.633408034962276,13.529971768935807,17.825008363573602,30.92418760368812,34.69906547308083,29.43911351489969,28.224982246903974,51.71506178717641,58.8141229990333,67.29339976990464,9.34990345829337,0
5.332745808258196,10.490941110800426,10.596746767602088,17.91627920691797,26.316622881421548,29.63466807796353,23.658855725263862,46.33835065081087,57.32806489831359,54.15503307871109,64.6600886215575,12.908487706179566,0
4.064888526263382,10.902729955345476,17.153140007553112,12.851379785201038,16.634812118584566,36.20119588250704,26.991187189717813,47.78571404339987,45.29570048020701,54.91841103993155,59.039291579520125,2.9464381435954774,0
6.194271996397943,12.226959654031209,17.928342506016143,22.355302457693725,19.407677462621866,42.015119725041245,31.07348749497373,29.58102269805085,55.28716142912788,46.12380663364377,65.56965966897818,-9.377188531852577,0
4.847134398526045,12.940354538436493,11.208738254127535,20.6318080386852,29.81931565324256,27.966072820721937,38.72902734571512,44.99201123531432,47.2387715535741,53.72219201536039,90.30131514219632,1.0732613764577867,0
4.779772102494827,10.05357901109682,20.996121699703497,17.734678342453083,31.01563678353968,34.442998784870554,37.71035054893814,38.628444693006536,56.7193446079727,49.10821172776833,48.85951790660436,11.018939313613684,0
5.97677689772669,8.092652281251445,11.095865288853073,17.00521091711972,24.549877696390976,27.20975005307313,26.85674804555148,55.00267326912301,41.08030157870624,50.45373763991102,70.89425530991338,2.370047399392906,0
6.646587802217274,9.593560895042383,14.61957348314082,30.92130908070737,33.48944950949208,23.235874030242307,41.69378235810316,49.222188199318566,33.17979801699753,46.69241204510755,70.77733824978014,6.953128767455915,0
7.730803147626046,9.872171588468586,14.2960695422879,19.99824979787067,24.897012415870364,34.24215925302569,31.050777111233806,47.40942230452448,48.7222795317883,44.19715793591442,47.74120615313602,9.206024176876475,0
5.891603281628215,11.140551172670207,12.24774315725272,15.398170928196045,29.928461658794347,24.51297933520871,22.94632200221205,47.56171990327425,29.80952097243742,50.0440431765816,50.69778595722463,21.3968507204764,0
6.487720653665043,10.82153251394311,18.800318035296588,22.360803684118288,17.710611665200084,27.74520148355856,42.67071875515351,46.48513478115946,42.33778525484175,61.52731308659018,69.98916773977331,-17.641388210860097,0
7.077260786061963,11.506771789258652,17.02856757104684,16.307224678070526,13.334367824307998,32.47799402970123,18.62244620932285,46.68277564820588,32.60029702512932,50.53580058126313,57.61761106981936,-4.7651121712927695,0
6.60446510181003,11.803264493478544,14.494644737040783,17.020389598611075,33.30460833065862,41.925935755862376,35.0108592134305,31.883163706388896,47.80250785094884,44.6515152169053,51.94635868913281,7.623054085381276,0
4.59503912598143,7.048174431044794,13.774768369542588,14.108053480951527,34.17473262872957,35.8035411955663,28.20979597452019,31.549430678725383,36.63812816191791,40.26934904353696,58.24722114928274,7.711242114279704,0
5.863893788613522,11.27333735007148,16.703880835733187,18.831741514740443,24.867181612161986,42.05517398722144,25.6076887344662,42.45235705907483,53.33961126500172,55.8484716504169,48.69679516476423,5.741823711692996,0
4.595511323676997,11.330251258454282,11.874069645121851,25.14616690764376,31.748427847749337,34.80109480303499,25.81131563880685,29.35119512226177,36.6466794279489,41.26893473783038,48.06745753340427,17.376553375866703,0
5.007612468365577,8.532281646768709,16.191039789629016,18.757795446250046,24.48243906296687,20.999282937726548,31.58921469477909,50.59698314676017,52.70837513868432,39.88077717740447,43.97941654830893,-1.879757045857657,1
3.784324275325999,10.09844630249753,11.337121489792004,21.43019470008194,30.590428992168142,26.400930893554936,41.41099058636504,39.37269678051593,37.28396014812931,40.25630887321476,46.67086439730403,-0.9155305665447924,0
5.614337249783867,10.472859837756568,11.656795432353164,22.937558215327297,33.07138438853822,25.78504976210842,33.592352079039706,37.36719245795442,31.99837869283889,36.73506361746615,47.43096868942888,11.273153684786562,0
5.962052442884462,8.483445039545568,14.792950685338786,21.0841074652884,28.69834038436791,27.294984978063223,33.061818640018906,46.0239416519998,45.52382899838359,39.52334066658492,38.16000747285217,6.389785436333664,1
5.664911790881456,8.4609499563884,12.172951839273791,24.484588393039456,27.584115507148702,19.00422793990509,33.44489188036859,35.75929781907024,30.9050284642964,41.06595693674233,76.79489457148787,5.387365738775103,0
5.487737286306888,11.215131490772752,14.178203719174242,25.579979115352245,27.76140981733368,18.287643616987808,31.10106740733719,37.49048399327635,66.9307592478012,55.06843606277298,39.46559049970526,2.113854375529719,0
5.8815501686988005,9.71049054549387,17.52044489446282,18.95027763757447,28.255691133259013,28.687947514484105,38.98968983529625,31.61781796896552,34.300733852141164,59.99309226800416,74.96826800566791,-0.0715552088696121,0
7.165841122405289,8.319228867486466,9.985870701417344,16.747569005526216,31.742628404614383,26.820536764786187,43.61143418781148,42.377795193776485,53.03829813565321,42.65740601933782,67.86725370738061,3.202588816451601,0
4.484014863193896,10.4247640047491,14.41377063113668,22.256637363646995,29.384942414037265,29.1274530661923,32.895867292343794,33.691005571572845,29.10600003794528,65.7668746329424,56.45034634887722,0.6167678239345324,0
5.716314954195456,10.571620247862189,12.589501862314409,16.20012757711657,22.917466827329164,20.64156676693512,40.1218326487228,32.26642726082339,34.963572997405564,45.2422361029753,49.73860088369828,-11.080719824712643,0
6.040589753388161,8.610904049049365,13.449327648656272,21.7576943042484,27.4918490851701,23.267624656207342,39.45469803493481,46.2531637273954,54.07641355445011,33.92447101309152,53.04978459429475,-2.9690090890808736,1
6.844101044455025,11.598878827267564,17.06770311322397,24.41618654967524,29.0436235709031,31.01375957040629,39.90448259512048,48.24791226224859,43.88237534289792,37.473628663356166,59.96703012386447,4.314587049071443,1
4.48024298518779,13.284626515270691,19.37309160064835,23.39200828772647,27.94272467088968,28.97064460014384,32.38819385938106,37.78937945866869,40.60672021498191,63.07684292290595,51.245663971647474,0.526355130132452,0
5.6017523468727575,9.41691133536782,13.40244052361869,20.64782133922244,21.400307356715714,30.667605846180752,41.07531442412751,40.49334978994164,45.85030482050093,57.39023885879224,55.51474148899506,-3.816176440637708,0
4.089068691826687,12.802129650992727,17.88369355233138,25.983022810636445,19.365177189326623,32.25514336810881,23.57462672190261,40.60618439133292,44.66645887501944,38.51720773071437,73.03947953539154,-3.6477408288624567,0
5.0124620909966335,10.710048392627076,18.140189511937034,20.91799973188516,27.45339501004942,30.429942734194192,36.625714626445486,33.64018561333961,50.33934430668339,46.98577032668432,57.08522502781443,4.930095379804959,0
5.091604190563263,10.436548841761509,14.683584229213157,23.41206153919913,23.334092381858515,25.70831980732141,33.577224056596584,12.080516047252,47.40318276147428,43.57678144012636,52.56664424394601,3.2864192616077714,0
7.585014161676934,10.108016690772324,21.66510575767471,16.84197592178782,35.74066989275788,31.854002507818137,36.67108793711904,46.2270805982938,51.38356475258351,54.51267303230216,56.44108385273741,12.50864359126624,0
5.639070648079319,9.693285351654108,11.821001686335354,25.781374810770128,26.90347676398356,28.46254456675114,35.033999860360964,41.00267151288576,39.12562824536983,52.0042150367503,62.21188784745616,5.5206943373916495,0
6.840965620604253,7.80707305702149,17.086201596688387,15.550900063050332,22.11209201690576,32.34153496796324,39.50896481626384,14.989419644761416,42.98228327932306,46.92950419589568,48.62937407713835,-8.907888230423856,0
4.506020428873123,11.518676466469088,23.092006507768613,16.602742391091272,26.738022030532854,22.74248311247207,41.49264406858109,39.27055751103835,43.148899702674726,55.16469060541969,56.72089470121334,-3.4382648474332407,0
4.334371118063643,7.58487956301537,19.65312802911517,20.474332735770187,23.52315100143129,30.92498999011536,48.38327341753133,48.17782254158712,37.56689388617913,52.25513385066387,46.782677428631686,-12.368577724037811,0
3.358632993399693,9.175604365955346,13.117091203752032,22.264813046362004,20.28176997105965,39.4891220542131,45.17907643385019,41.7828631820616,46.00063498406914,45.976975778080536,72.07771338566278,-8.425249810562095,0
5.881262014254924,7.663288366989782,14.375910960790456,24.06486168619276,27.7452665158668,18.96189201696461,34.864921358446395,46.04513333927586,55.23666237002613,39.71633709218596,46.91718847749634,7.51139771949137,0
3.895121402004534,10.203983135981064,15.001576759188614,24.589727569147342,23.24164719379452,23.92163528312507,30.023452512297,43.61327494685241,39.60935366264935,51.28054775318266,53.24957444545955,-0.5517615385848598,0
6.643442104627501,10.7271771845977,17.8421803943138,16.902994914760352,23.058671694958715,36.93640103140952,51.0512198290529,35.56948764351958,27.02185156559999,53.8335178005955,60.14119569065216,-8.378883174553106,0
4.7403565073663385,12.124950136334167,20.223292688459296,22.27954065618673,21.43445842492908,34.65091905440731,45.72746687626096,41.580502430176765,42.473245608700886,36.50400074974652,73.21419084366221,-18.64100228545449,1
6.133399100473184,10.477535173775378,16.498249011006486,20.61939049981749,25.54934757155739,30.3796128311142,40.82046082767679,38.63603991650036,38.34373967109701,62.24863107866835,71.09300201245564,-9.500803719458336,0
5.808033326341243,8.467245614355939,14.51594563479792,16.244825801702287,26.69889450647944,34.74871439892098,34.461228437132625,41.748068602620016,42.24321182134777,53.31755230701371,53.71193133637886,-1.1995551091787586,0
5.282904469175297,12.313619584237562,18.8138820821298,23.98588922192997,27.779055447940344,35.88663426192355,51.79023789111757,46.14204999386811,48.66046643476457,52.926923114141445,49.24607746022373,-13.833208013465322,0
5.2597683788298575,7.461242372604655,13.815628156890227,18.97658776615178,26.885588808910207,45.59103246874255,35.87373496759109,47.49234895527162,29.66678025077116,48.77127080036578,45.82772830729333,-9.048505561801376,0
4.956879928956448,9.23421998973418,14.322506256221738,18.408542140187933,31.809612865724315,32.17672163971518,30.02577775337739,27.4636845553221,52.98623222310635,52.49566600181768,54.82850449968434,9.225984609611816,0
5.116419799231084,9.883733295936526,12.570938601865263,22.67061666534796,33.53073753224552,34.75041374279199,34.218755507661804,47.78787083246185,36.673242780557175,52.83821333505259,55.51415538002242,0.8043645155887678,0
3.407156985154882,10.621922251331664,14.321344485794173,13.724951223861764,31.384840453087488,24.02168876163304,27.97189205330616,30.137144615389296,72.06010224921347,61.095440167717584,42.69637156623862,18.198367085680417,0
6.049520551161215,10.989458500678726,14.762236640848558,24.03814788559677,20.93540101883557,39.00422919136622,33.211015868416595,42.93405164968738,30.84419263640651,34.060552929211454,50.58743168255516,-2.8882485973665744,1
3.045349564969105,8.193015972271219,18.35197936186201,15.973928961892428,22.643513858437032,34.468158501860685,37.354318292167456,45.795411140489456,33.21132766994022,38.76070336935208,71.4199382821955,-2.4954791259787497,1
5.81900829842177,13.652097394679888,20.29562355336116,22.89710520186604,24.074111744969112,35.102426931296534,44.86418999935543,19.6616527078954,38.04714699210325,39.17966397651578,51.68276145839437,-3.302668033304617,0
5.899245367585165,10.613877841808804,18.864328723001183,11.801172573513892,20.79871015780472,33.40755057768445,40.65771919157274,40.23244221752196,46.21182010923989,42.707699937399234,52.835460813747176,-17.29434145565576,0
5.178160151186914,11.944041076680383,14.801003812645837,16.028868384004447,30.2847745797903,29.651765877132583,41.74024513881659,42.68849839058601,23.725847935356217,32.36923045618804,50.349041011723095,8.270994398130725,1
5.954901085500461,9.865254472054016,15.872616882535077,21.948886618225064,18.303640975956203,22.35314634450615,41.98116004958873,48.01736319106069,40.65456004257964,42.48733423837498,61.33563196722064,-14.422957924814602,0
4.097759718102765,8.53601758242895,14.842210022558698,20.456894847099026,22.242224096416507,31.80836296739041,44.31147721791682,49.81235535846074,40.91315507934166,53.56817586961887,55.40115622729292,-7.2195340521458995,0
6.047977975943104,9.434970511601444,15.873288539516563,12.226648752798894,30.5230041355154,26.70216307569464,34.859826846045124,52.05971484492668,52.42697607308984,57.49671419548224,73.65532800059938,-0.9825577268577748,0
5.182838523733011,13.569857375554202,15.11065068260756,16.23370786206714,33.06502464907714,22.32325575145961,40.17477287330393,35.20464881117266,51.74314172036435,34.343191642631346,61.67287742864627,6.218421324407577,1
5.077995217156492,8.981128614707574,14.321336983911351,24.1209998423804,18.93467346366733,24.407650569646243,25.23368404288005,41.12584728066866,42.46074026308403,46.27351073427832,54.5006752426618,3.91661204230692,0
6.062594332410709,7.801411715626228,11.537066409026956,17.256133254484734,26.20411536765849,24.82321800632162,19.88187539504464,34.29992230437617,49.08426502745481,45.369193688386346,52.048952578116406,8.258891266466957,0
6.902898799409464,6.874662094878634,17.8107000014523,27.12432719755164,32.100321870922144,34.15036180667665,35.28528855346702,36.60867119711901,41.400484081473465,40.71889280701194,64.29635391894742,17.7204421154211,0
4.837437176640921,14.644005251520266,15.081275457904724,15.456874309330576,21.43346608647108,28.966143272555406,44.28195189667369,48.23229465756347,54.10576784887138,50.05923303318456,60.12035591738452,-15.74858823841132,0
5.344684207626033,5.357960284564832,15.804957016973148,17.925591621310552,18.10845942214415,31.81721817823307,33.56332394841028,42.96048608609943,43.11934741246292,42.31861690023081,43.76518080251748,-11.150230405048816,0
5.45811028078754,11.152516926872218,15.230773234630448,31.631597639585344,36.60234540367565,31.14914943051184,26.49129779705025,42.498197161924125,42.17131255311634,41.61748222422023,35.675271030854304,31.16728291896525,0
5.468332241579097,9.865801593582663,14.491037719823575,21.263665414028672,23.565238117606,36.3984904375659,49.57456034496106,42.15539777833697,43.4648332814629,41.98066370165812,38.65774273743997,-20.07461643518609,0
5.469537935950262,6.740898915751526,19.00614537738556,16.85591512431177,27.06287377854781,30.18243804946173,37.03837173757498,50.51062385800424,46.8245423892487,38.45741247745328,57.70460553849521,-0.340585741329852,1
3.507148124179839,6.440132473879924,18.01130365594031,21.273499370811752,28.80686286967812,39.29880298484883,34.60943553862283,42.99130993224176,57.44986189306249,57.74577125438679,63.59546440344705,1.9332666192182333,0
5.405056084465235,9.41804969194128,13.524063824207648,15.690532664968048,17.845379755394333,20.42401684382938,29.337586758056155,21.91150188115527,37.39018537633558,59.79893982637377,54.06684144703774,3.68139660753096,0
5.398630442841915,13.082168666303597,9.200256002859136,12.68496420423322,24.27091059746173,36.372822420943805,31.081389138289225,40.41695261023428,33.33296939973541,59.95145873868096,48.47704277714183,-5.742634962789943,0
4.8750808818808204,10.15036115662429,20.57280355776843,22.90069431737536,13.34125555103864,19.614617937208607,38.63995255389752,35.22512291191688,27.694544729211337,60.72084762035671,48.53476011745639,-17.795454155747805,0
5.399824846920374,7.566714257989769,13.566142620399042,21.96579261066868,27.56868195751778,23.108022570278905,31.82328601287137,26.53008126278428,49.9141057576438,49.54982768893316,63.54547752409127,5.80166955346354,0
5.649968384502232,8.617243754626383,16.90477013788963,23.942476864908325,20.066346718301133,18.603440418991937,43.01942424608676,40.21317195628658,54.13250230288578,56.06099464732927,48.26962472767601,-8.415316521002847,0
5.968033271186363,7.969434958125175,15.09782851489269,21.34591671468162,17.94154821157526,31.750959059368213,36.92160391604538,20.208363107527983,48.61255384727178,41.99238655049977,76.43307457081413,-10.042427170551246,0
5.615916603132846,8.349371966492118,12.6839301707073,18.29527068995277,21.015098620929045,30.626490505450725,42.40043921551626,36.67946620319265,39.27404867318095,40.29125214922729,48.4798730153694,-11.920893929086732,0
5.532361776129068,11.309153295437325,13.48752025497112,19.292388601953395,24.015518371483267,16.75881020363869,41.27739191484217,33.9817023360072,34.62876513197359,32.48886750401992,48.1858226299665,-5.643695562634671,0
5.161505368264963,11.447325474017562,12.452488427787335,23.275359931310994,24.67981139053284,34.18552393530308,30.55937226775892,35.82973646682433,44.43688763972354,39.151899832545176,64.74542098489822,4.008013716878867,0
6.149126598242849,12.610098292769756,15.397861811704896,27.592761068006773,22.66576340339244,19.1214043409332,34.95634358337578,48.11288899676549,50.01649743257023,44.52692551129919,71.58609103118953,-11.512281455256376,0
5.835913784194956,10.34185892393566,10.759856309335404,19.48728836704651,26.38071627980496,40.17885593013551,29.94817818560481,44.32111376622156,34.593893562267176,49.6541594187834,47.8974956040252,8.595853689064468,0
5.988312636704222,8.214277178269002,18.54359708306601,14.698528066018454,25.555328998208307,32.956751640367,32.73443435524789,39.886033192843726,50.54211083691302,50.26322748554184,56.77522762736759,4.661739503039125,0
5.340130528178274,6.066144771975656,13.13574774149701,12.171936876868806,22.00009241545125,35.55669452460456,29.50951908099041,38.591781029779625,51.76921535514853,60.70850278049473,52.24810486392225,7.047960760853995,0
4.538309111318775,8.748080057423097,11.909027029644491,21.144522182863245,19.68442214756371,32.025330972441395,33.445715883715735,49.26208718647488,44.79630142621912,53.5351884616138,63.92401985149142,-5.76425178099786,0
2.914496934316276,9.327077280631697,19.33163761205951,18.702090557351283,31.072016395053176,22.108455078376217,21.056725752464075,36.66804463521071,46.85690308716684,38.17292709098271,65.34754430287553,13.303289790200644,0
2.843969411690237,9.834090879269985,16.711625227260775,22.490494190078977,24.76454700026438,24.49302693024784,34.32518116601639,30.65324382443384,38.01107568767214,56.59452262043492,45.7300469202122,-1.0335067317110385,0
5.219338464832297,10.27816654831159,16.30136022846547,19.408545760101617,29.547570187445366,30.31016314654558,47.01782861014328,39.25950879659703,38.61432698276889,58.99256782508751,53.40074979122927,-6.579091724174173,0
4.339643667508431,9.9037170246773,22.26600290499997,17.99617153800887,19.36566324089413,33.78663584380955,27.841675006445165,42.75657186391528,48.203379860931335,49.46464901609627,55.56876274436997,-2.992034394716814,0
4.818605800837595,9.727570258657842,14.04883377549024,27.019206769857085,22.254255562155087,36.689646752073,32.57870556755927,43.100001767365605,40.02572045770412,40.73412395007938,58.31805793375146,-2.709275959881599,0
5.387944869428654,10.722286449694764,13.9390780350591,20.27015248750305,18.788249974001,39.3844018966939,40.78221834417626,42.44893651259759,65.00274787178934,39.332355332018814,79.54072337221307,-5.503664196914603,1
5.189553653172108,8.250982764618888,17.030940132867837,22.960777687435435,25.120819937666685,25.778138459700955,36.15119029000272,42.09658300553959,49.68904984866201,42.836941905253774,75.05599783503834,2.355201191915474,0
4.793418086417408,9.76941158781856,12.87452109750498,18.42583325165688,32.14804250506446,31.691735554173345,33.97496289185491,49.61648571194784,44.33455476635958,48.72692850386466,51.85829815195897,4.968846987526081,0
4.570100159063492,10.199138302161291,16.12050670180421,23.01073456816673,25.04582635942889,22.49127972961146,36.89820985141896,45.6901436429801,29.98554446463148,66.40040556853876,39.1793512087289,-0.8615925357232246,0
5.405865140501692,7.352848155964185,17.656053435391613,20.98662687020057,28.395942669192493,25.89666361239017,23.176960947270324,17.968264623714,45.59204518200925,43.57074749024765,63.52259329987388,16.868561561140368,0
4.798440839211429,12.158942784596022,14.584890724548483,20.41478980384046,27.5739885466152,23.20586177728024,37.62258135886455,44.690615059827046,45.83749719001968,42.24196152881839,43.98678141827275,3.366391583209535,0
6.667346935339377,11.097976799608816,13.37807019627376,15.367706165989045,33.78461257664332,33.27833215067845,36.3941707539008,38.744962612009445,43.87874540016392,34.118406712096004,49.698683255095546,16.46704545403135,1
5.646016566665145,12.932465830904569,13.85695521570425,17.096193503618856,27.413634841085443,29.701609228327744,43.16525665655479,40.50071001715107,40.19678954549804,47.53674000981118,66.97465506578155,-1.3436744993858667,0
4.994207974505765,11.383578358748943,13.071792034103622,19.850078459848053,28.80614159915476,33.02536918847023,30.17731127506625,49.32354499633029,43.74538848515245,79.2079172771938,56.18737124691194,4.987708749818792,0
4.817003581438315,7.749119225658889,16.32778969988602,10.797868460578554,18.99151902511149,23.750141328312456,45.207760849412736,19.846839326107084,27.19617809461583,38.7598086023247,53.52590172519947,-12.50551033826017,0
5.367535920324983,9.4297428393435,15.879373342758765,23.182898839796284,40.43582483695318,23.09239609965677,31.36736178493833,35.786616144847315,51.12295564197149,36.36194475056882,50.325209541694754,28.084244437604696,0
5.523971505340689,8.266913736384101,20.54608701517525,19.06575848920761,28.72374201505902,31.491875638008185,36.59152962442655,52.40299955548019,55.50689719381377,31.286255751379365,43.8678621736814,4.170993126652526,1
5.662121271399707,10.259782814011784,15.819811511236022,22.054265281413752,35.5143448216744,25.640342485509382,37.4823634692188,23.55850787805321,51.098055857980455,50.2264858782338,43.3405338564484,9.444565878817672,0
7.484885921267278,10.779698038203133,13.15866505255044,23.72262122689211,21.524442311411622,27.572919226791285,38.56130413323727,35.408312249206126,33.254319237844506,48.36542574668677,54.50128165644132,-3.387167621244933,0
5.528173393998305,8.943695758061672,16.038033701651763,20.235376125200787,23.48545765267344,26.249320064099543,31.51144686147457,41.061524274944816,47.810191634087104,37.35964810425173,68.673742278618,-6.439040660756535,0
4.649611393928691,13.578700456461052,15.10473277705264,15.532060252866488,28.46230833952461,36.1145155312567,35.488518930355426,51.77426063007644,52.57851242040669,36.35945939197715,62.86830131301368,4.242228965329261,1
6.847986468888673,11.415415630634088,18.984991527545965,22.46076708728277,40.18300621680342,32.08087959769857,40.801297691444695,35.316811909981865,62.49491220439022,67.97814161920307,29.757258638603407,17.12586174325049,0
5.153378700056143,13.187430284361366,10.34988928576063,21.78989673770862,19.89196061135143,23.96541107168796,39.3094808215463,32.54898839312407,42.75458175985199,40.999675132162565,48.57631890504084,-2.6067057860179936,0
3.5008196153485915,12.197130982894844,18.283138058290547,17.526867927807942,25.9545182330926,38.01884884342088,34.72896347728549,25.731984085270213,32.46810904337691,36.25565027766252,32.832631765779,0.8120521524324016,0
5.306218998818816,11.151003964343325,16.792893617710746,18.560276661504616,23.098872715609453,28.51340928907408,36.39117512503298,46.50686753399701,44.25293285908144,57.16299507441443,52.1917727260677,-3.833247920771085,0
3.888717673268141,10.161435294666132,17.04213476293479,22.261579598174123,23.33961806746639,28.88459530903284,39.10609006008033,47.32272530973872,53.09218147992884,24.93196938341214,53.53162017493558,-11.28269788234395,1
6.146340945441107,9.76353205874761,13.267207266945636,23.36648243889689,23.30098036507315,39.65124789630269,42.92546394938175,31.48091041856012,52.37458443336092,46.19913496712908,45.96821580790255,-7.135387466167413,0
6.1106459641832656,10.202019299015593,9.229616599816437,24.848025634986502,21.181808412808643,18.008353984261927,34.42721469784492,39.25515570665854,53.08063770093031,58.44438900667184,29.97692875758769,-13.039099581873469,0
4.428016107700852,10.25328995162121,17.42228782488521,16.50257262063065,12.660847725920457,24.31558062038703,25.999616291713107,47.65571934757225,52.23222483176392,57.13541087328644,39.57423003591044,-9.165006722332407,0
5.154284793442385,11.162048374471588,14.887838670122036,24.931034607834924,24.216512266536743,29.18423723473716,34.583463997611226,40.33676051745713,37.784645745662985,65.78197519587837,58.911467322484,10.12438456374668,0
4.33047483257221,12.593059349824946,12.712080633181593,23.94471605171524,23.960644907027856,30.648489170370723,37.6844238866312,43.11566751833978,57.26355006063467,59.84457977752157,49.5593339455988,-11.24019230649184,0
5.690917403605247,10.923465764262314,20.47908492360024,14.55969213831451,35.083615733172905,21.183140008336093,31.836833493012264,34.30461970833221,52.02393398331972,52.15195156433556,49.278236437345925,13.211039196200568,0
4.976967556400466,7.195739129173514,11.887078282911345,27.982064117255952,27.342407415102134,32.005230005780234,23.731468181678903,30.47703943757308,46.88743496383725,49.33277875467346,62.92996748009667,10.6920270166857,0
5.696259087450009,12.336571856334032,12.498249893718365,21.80719829596859,20.697490650633007,39.22810736030662,35.79320725887642,45.1420559460153,40.539616064432565,57.96350033345193,59.5354274184264,5.334252951058891,0
4.964557130711348,9.568699979764135,11.08081687826536,11.779569503296049,33.96166918809703,26.98237166010289,45.96375725176256,33.57674358427515,44.73769096185988,46.377182885067,45.492916312772586,10.48908490249079,0
5.039402757013272,11.44296729951894,10.589105087450804,18.85348080367616,32.88368377449203,24.50936872244148,41.10792541347039,50.24313573441594,32.340123828878795,50.24304403827043,62.15562590598849,7.3319226437817795,0
5.85715272469217,9.724502604295928,10.499248423167396,13.190082521320086,24.60256828676356,37.84015168597999,34.083882259124515,35.035956239301605,37.91284964038725,50.061422303051,53.50175183665792,-3.2753503171040306,0
3.4215395544705687,8.433834454464417,10.762985772194789,20.676430338434937,23.76627573620957,26.43814636499321,30.942654545574342,34.74431890661649,50.31671547903872,56.93874013746059,56.761176843212446,-5.219025493221137,0
5.214247030488829,10.166530382706352,16.247631711479585,17.317413837271896,28.610267276283984,28.34459380360112,37.17127166819941,42.80182806352258,40.76350984160764,40.85426336880246,38.65941115474514,9.031242238991172,0
6.999644459696835,7.62328220316961,18.163411275896067,26.07712867887149,27.75493911977349,35.04246222816125,27.20548703387341,47.18935105870288,31.180123640841693,51.81972938806648,46.98156471025975,4.457314154981435,0
4.707814974327921,12.45514213400688,14.722618792357771,24.636018419874382,31.54535257792949,34.926784423774045,43.08142611999321,56.19158399402433,46.12422608204432,51.55580338913001,47.01826602767429,1.579905557942077,0
5.507064734147864,13.680425225773146,15.492441604839769,17.694790059236407,21.6704879742522,37.08806847604178,24.71623127276065,38.75627069740715,49.22901746636399,39.042347305104485,43.784097085056885,5.447291373956279,0
4.019557543915436,4.519639502180803,20.56190026644164,26.71065955278096,27.79699615243942,33.20435292547142,38.55698858445231,41.226452267062825,52.40116756239081,56.28121577094708,61.350159468450215,5.977630945019612,0
5.215480480402979,9.837980632447184,15.018285535074128,16.106929046406737,15.355172315308764,23.736229310233085,49.17169474135101,35.75183137757345,42.07115697276482,56.07224820124309,62.46761189647136,-23.51847870247886,0
5.3806011245278365,8.099040126507637,9.508219682441222,25.589576289338986,24.216474884842096,24.570362078573645,33.58596166819685,48.717492182901175,29.53466171423893,50.83815454615925,30.44199853674027,0.1541037887053296,0
5.644332737182845,13.423509747747058,12.232235182417869,22.41656232301517,24.91677111854233,22.524126815726618,31.81731342022493,43.6042487169669,48.93210420644676,50.93810608703585,38.30169663261437,-0.7424603814402344,0
6.380374683913361,10.704121152113512,15.58662953165704,17.404955176197273,32.411161818134566,27.6491237414658,44.12092463915555,33.53447577998497,25.32836150175664,59.266848461112446,49.4616430031383,2.045511444464345,0
4.288642376650278,9.083088641238415,14.206044821643626,17.021542510293436,29.446935473795936,40.06283002827087,34.51324250575013,26.068166347174984,49.61872964637456,41.71071571534503,45.12081976043274,1.4557076611593676,0
4.253120200580853,9.268063089334811,12.863927713008788,17.94879012385837,21.948752527564963,25.26353646197451,27.07939539763781,47.89417310000103,62.06416524877873,62.79100115891518,60.53368215757327,9.484602668103564,0
4.081368134309217,10.757571680151338,11.006002557928827,22.73793565608042,27.98384016882027,27.977952497479865,30.65938030081741,29.40628806081438,60.2762771793119,49.52478294365351,66.57050963969769,9.645861250425618,0
5.595649630337219,13.835774148883289,13.23803828195431,14.356594020226442,24.54108450525077,34.550717582521,31.89496641205869,40.658731734356266,40.17055133273202,55.24082685335703,44.54510210295359,7.779473878128081,0
5.319956941968888,12.4578621360475,12.715046569699936,23.73037138187288,23.465728765524005,43.156445919392205,42.097936974592194,32.913772006003896,58.57820813416053,49.46618275215028,58.27321517191356,-12.985931630237648,0
3.307352816108245,10.08731626882068,17.699705569375702,20.458516711797603,27.85617100252351,30.600683741514164,28.22314499125892,50.45246481538172,43.96122711523462,32.95416214002519,67.66704130245208,8.747605534323094,1
5.664676135740661,8.674682361232536,20.23419379911452,20.81124160131534,27.63071473201001,38.23039027410012,41.20133822187361,32.67302591980243,53.69589887670225,60.50615671278258,66.80838583962446,-2.439921057598385,0
4.0006789343739255,8.752073503756005,19.919036921793246,22.94988564540565,18.345776084955144,31.369945028560075,46.79979574183678,40.19995451264639,41.48369514234193,58.0949052385046,45.60540600107184,-24.03098735443123,0
5.997868680409519,8.074694242131798,17.50141119724649,21.069163682111625,22.87455219848633,36.19250028692972,42.68595174152684,41.130027136944456,65.6463768049492,50.06811381706211,50.88938365101528,-6.3646972030638,0
3.468240217132556,7.562397158304423,12.742119779780657,14.83561951956015,18.606226990080348,35.381665855097395,39.39353226591359,44.38937215091195,48.74071325040244,48.90823518843059,50.53272912788741,-2.757683927923562,0
5.034306940744193,11.52133587338653,17.635347958768147,24.717967838975863,25.5986448680216,38.00244049163712,38.674160042576055,50.70827057930288,28.885022674232907,44.91998822030284,57.05933675812147,-1.1642215285460318,1
6.0339105597745775,15.3284609218371,13.55423161732482,20.55994973878243,19.526196554700032,29.332164028248787,29.11063092371357,33.2061712975522,49.79189970609363,35.55295770015948,45.7733814851048,2.4936675968005426,0
5.507740616918103,7.979918351296474,13.707500863504857,19.32799467648736,18.63602966987597,21.27330034804136,24.78109665133608,29.385425980180266,38.06793895647505,63.71203086579935,52.82909836398411,0.2217266682717774,0
4.154653111418241,10.66864891240365,14.263542209509334,18.424458725288435,13.674198446200856,29.3550617373482,37.65411183082638,38.15351103609017,34.27660304108191,43.36405049294861,61.62580631558959,-17.554067879472253,0
5.931890322091835,7.55029765294492,17.655247426497166,21.07733350332898,34.576215487832975,26.5519166542833,44.5697142214576,38.71180227812198,40.42413291987655,44.6079614472424,68.93168381229722,-1.7282657132990984,0
3.614250218598027,9.79311813002383,10.631815874127463,27.054368600355883,28.028658931614736,36.457385543535125,33.370302544091906,39.47278420823264,57.26766857538374,67.33968945965664,68.7240686873685,-2.033818419818905,0
5.466927392266322,8.908450398564494,16.84887428604175,19.80474444045515,23.80850500240504,25.36659034316276,34.346075940599064,41.29675085411285,51.89978325815454,49.96594441438354,52.67561041064311,6.537785928018193,0
5.516531955091761,11.107214673794871,23.006298662785568,20.45805980106413,34.74417807796476,32.29848507867856,44.62490302895431,35.51315741004106,46.19404416549956,57.48721761324042,44.19558583944092,-0.7931383119310556,0
6.14341638220752,10.640685052161931,15.756817590263356,14.19919852369106,30.33875056162468,31.512573758711444,32.82649368367502,49.55101794634457,44.3439085477432,59.148106782454185,62.4266018703331,2.703075375947197,0
5.42676261308972,10.501337874138398,10.751757218641178,22.477643210883706,17.84640263273658,33.10918521598643,35.020108598192614,39.833309287394485,32.22135181504206,62.82611517621031,50.1364066913185,-26.056490590678752,0
4.467523318046979,11.732875768246526,12.631917663475589,17.417022231717247,35.36138536252409,35.56563235660589,33.877884484727794,46.69209458049649,50.16902128525538,32.343856306777006,61.12226800192254,16.891515371028714,1
4.141464122288836,6.910716297109433,11.479511894269814,26.53546991809035,24.348996747091924,40.6357291582592,36.45403574438828,44.92402106150756,52.8402046412795,54.99182878673128,66.68807635922487,3.992682677714964,0
3.910237582725043,7.544452556505623,21.04010166230884,24.10733365288464,19.12146975581712,32.045139042571435,31.68057126858878,45.51401372671605,60.937951218605136,54.88308814628252,55.2587001938912,-5.9362952422857616,0
3.808069606773193,7.439591489358747,14.545554892448104,19.50429550368584,26.83857039948792,22.59472757399103,35.51071391149012,24.67640653505778,49.94584102270123,69.64847044375912,65.24381932424498,6.946596251677878,0
7.582930212810361,7.369437833153025,15.770827739280293,18.07604029388369,28.95921349990651,22.63931393551864,26.94089001220423,32.55105175302973,48.24198310918175,46.04640224958822,53.13639048326183,6.010797037004531,0
5.496027608109251,12.16633245849965,19.06371232420715,15.654143872405026,26.92019519000999,35.23948816806492,24.487292934352773,29.006595150598912,50.03321454951651,42.7393807000644,45.0233249968646,10.605644795392108,0
5.432486265073065,7.091838711174782,18.341836515426053,14.907326372334971,21.297116186006058,26.45949429457952,38.036138754495845,36.44381636426191,40.307432077622245,49.66021247613215,73.77422488702733,-9.98496250936418,0
4.894337992046374,11.156822546027463,15.609706841558694,21.338259341558576,29.465173423404064,22.84650883551972,38.15396027369079,51.16624444225923,61.98779277179804,47.17079492942942,50.57432940009111,0.919148761119806,0
6.537668642502345,10.44448764278348,14.085948116085756,16.453692044371486,25.98624744444111,28.16833602608164,38.84107476875383,25.384380505963986,48.795260129490025,55.11498673809647,43.25123398212756,1.6946424050170288,0
5.047060866359988,10.815435099135913,14.764554317982457,21.12777667893569,20.4092427595305,24.79106195971848,41.82176240415877,47.807513941833314,38.61495007750671,44.63753710670859,54.03345049479868,-7.37040481844145,0
5.164596050030835,9.589162345656,14.074278900309295,23.86794202234187,21.138048722870696,33.0705796832563,35.65706867278571,43.86386553743941,39.85720536723271,51.35552804268879,53.520597414607465,4.357928345424076,0
4.872237408440799,10.789843931786017,8.482948774084514,20.763706860163825,24.89205797642257,15.191553522897111,17.735922349334764,46.67850215898056,52.77463601351024,45.83555622922102,54.25282930792971,14.279830231420032,0
5.838584873697611,16.656672730711342,12.254699683133438,26.88873542305008,22.45459754611533,34.70957278290851,36.66570063527671,30.20191019963482,37.762469575465815,55.8677820133529,40.48354140333125,-1.510726769587126,0
3.503042045611439,12.118759363741606,17.755061931587758,15.45875667478101,22.33264647888908,23.971392290489995,29.20128078349558,39.02993785877679,30.92000780901263,52.026955358139375,60.57864248127067,-0.3758245006679779,0
3.763103136676257,10.811410300659668,13.877998333937242,21.387922592383863,28.201470674564565,26.01441298339939,25.255987740267475,53.10246831118789,40.26093387295396,50.08736868981127,63.28761059032958,8.167354158753394,0
2.6867208665233253,12.478920974084025,22.43137376996665,25.70417180710082,26.70724866318164,47.80380818112192,44.30074790577747,39.222620676713966,51.05300103207672,57.90692091253644,39.96316864217857,-13.180066620562894,0
5.142688302593099,14.860720025482449,17.257164858307046,10.909794567055023,31.31317595736512,38.13722821463384,31.481999620966533,34.809143282691366,37.65091580445038,46.8935120893801,65.10770869041718,8.056198282597906,0
3.675830230925019,6.284479088548165,14.010945167306629,19.480683307938072,30.645921341995056,23.539339134051083,33.53175803685184,41.131802889337536,53.55659559285893,58.89760016901224,43.38622409511275,-6.389977854663954,0
5.291085571560962,10.714296203054488,17.632781764690137,14.783062619250774,24.832330328827844,39.47855105008725,38.25929130957422,29.904723018550207,40.70134404853833,61.28222020988306,62.89108028103789,-0.1947392892069346,0
4.866062766412076,12.84585393483014,11.144435560177651,21.363785542877363,28.02175960961617,27.143554052732632,23.82253797401146,39.75921118527826,42.89063864925853,57.21033028046543,41.43807130533224,20.95146195521028,0
5.468905700816506,9.177015695630026,9.680048683364866,22.434952074157486,34.67876884700972,30.27173226332931,25.12421204554457,34.420818053118374,40.72156372153715,61.77800669698464,59.79641606813262,21.68732490206731,0
4.914351098242972,5.841688742931378,15.144591529817346,21.55372532099824,26.32518779970393,32.50416992489316,40.16475609177788,46.160854103475096,47.14802839199748,39.5088864081608,54.65888305129902,-13.469198954642485,1
5.070217015718149,5.861195795508733,17.275322276837006,23.246644423740563,27.7548386043274,34.898231628079806,29.086518412229523,53.8637616329732,51.28334855785861,37.57436397261104,49.02336891889311,9.905888461046056,1
4.18562221181566,7.664110812398442,16.695066573104583,14.92839434703654,28.902276080002466,41.46770707491624,36.95252970748298,42.08073613800183,27.44932560462457,33.58176903877528,50.17117835231216,0.9066892854997232,1
3.7073727305698014,9.806183973746649,17.332057511499688,25.56441818377896,24.21530565389484,26.811203335633245,38.73335582622777,32.986596945054416,40.954330375413015,42.87046476000511,62.74605162102895,-7.692483500384085,0
3.464909560708937,10.186854007286447,21.268863979061045,23.197965537436467,22.02994630382736,37.95644163050562,32.759636252120245,43.88269722757199,41.29164032303727,51.4770526783386,47.97307525932799,-4.576819624581678,0
5.536760024491946,8.117256531839104,15.159967319549231,16.768828292509546,25.959718745758178,27.46979623793793,39.68439645594543,36.40736980319458,42.59021900561216,47.20580651052624,48.28654287064894,-5.770393797411365,0
5.374611848684084,7.78202666038892,15.74218075600509,23.281409205698587,28.900454011670043,35.650298994823544,35.35305959517982,41.054411916239296,39.48310496939587,49.48968332829174,73.59673215208024,2.341625574929689,0
4.343035621920104,10.517588709624384,10.778546282736553,18.532871618554555,19.023452637058163,35.57296613865096,48.46053703125101,34.007300973317776,48.85244542508815,42.5915348040658,36.32564510720793,-19.57911324120366,0
5.4911733138160175,11.888643179320985,15.306023744661012,26.590705439152305,14.26986652316904,43.91422904257252,36.55181172422754,49.66784362303653,42.58106014346963,54.35921468723768,45.690258656745335,-25.006441494739835,0
4.416686251173922,10.452613249037917,12.427820219248396,23.691878702422848,21.392294579605284,31.39874473814382,25.105917940316942,42.13922271438325,48.46340024937843,40.973849211203934,52.43493846688741,-2.2533813105133813,0
5.092816844214089,8.997206213713211,12.729104338746485,17.157295218066373,25.67839282596136,31.66729635516328,30.84165182714746,37.51216426867813,39.68900985983639,65.60080333866289,49.24742107307168,3.275193704398064,0
3.904824596266481,11.580365579586072,13.971049699107674,21.1911887751587,18.192580680972554,32.08433642567959,22.29840970148249,41.3443830892001,40.833105627319455,57.56196010071745,63.89299342276511,-0.8687025306243434,0
4.2598003099266375,12.850979734495096,15.614142601255416,18.616439264610285,31.034736618263047,31.44161212541103,38.00821645381513,57.04159916588705,43.29249370154823,50.98123755212207,52.20506004885332,5.452838350694176,0
5.93400620457977,5.946345074871743,21.677468463326445,23.556346309452305,26.815128076027783,39.86799084436655,24.178512844333333,45.14025090950041,45.5851074430995,49.86366546999975,52.7536498540652,14.15273099673249,0
5.234213350831609,7.411937026413879,14.416938981239015,12.530628396345644,26.90658146837718,26.66785667672436,29.374003976796224,39.10412063968087,43.539639616130174,53.16862899229,34.353194693576484,2.7066727983039867,0
5.243175907773691,11.041519447457576,13.360293733832414,18.633482651071,27.24766218231084,26.161455704733594,22.242774968477207,52.192063662649616,40.78806147352053,48.94374890392167,39.652969394786005,11.149845249864494,0
4.341474964203073,9.615032756481186,16.103406540807523,21.284576529195625,23.431977035468385,28.89977464365213,45.4975585510684,48.72038001909149,34.562712369571486,52.01394979152385,58.06075327040959,-17.245027813999,0
6.265821255899281,13.728974080036645,18.42424044219257,24.043416305515485,16.732205325157206,33.95048612384185,39.79860653829992,47.817239132256006,43.941107776418434,44.58579100299346,27.205690057236144,-21.43969067021753,0
4.489077089136071,9.828283898686465,16.17645763990366,22.20282773255412,27.81102158909092,25.272532400888856,36.72217435361666,54.35981722143827,34.71818491760831,28.275248154828443,55.382264398015934,-0.1576764433319957,1
4.397794683773344,10.913687863065782,12.6879700781526,22.04333145617724,31.464042471233352,37.24198362848619,34.297777600935106,45.41490801223103,33.6543661082528,44.83737795342511,83.05311890936667,8.603690303941864,0
4.270612861453733,10.667728699778404,11.257790144480118,18.38309834653733,21.76106018875361,22.22092937470018,48.40430764162907,32.91361696307628,56.46383654630499,55.07786822701655,29.660815183234394,-16.972743146971034,0
3.4361713582455664,9.552540412946746,15.8492821877385,23.383319852271697,29.821995438818576,33.613927648684886,38.85216682266795,35.52295873052205,49.00480062980036,46.8095545156571,31.98472063978505,3.5608947504134383,0
5.632099781285175,12.183231012886832,17.439539014760932,9.67847489290726,33.18266344175268,31.22058988253153,36.11394301607984,34.83579983546416,54.29177520555629,47.26762365156407,55.1265910372451,11.88375628612471,0
3.124723346598505,9.106965468392412,20.60534245410572,16.85072808597115,27.58678916874772,33.733739782495086,35.74186804459337,24.65794633728085,37.18194645723255,53.84322892504369,61.91214448594455,-9.776167731417091,0
3.878336939133474,10.99924902274214,12.802504867729125,19.257742358854934,28.62081896241084,26.46257135411735,33.2624265149949,31.318481683485864,47.94776966868776,55.94793078143638,67.27095376782259,15.81668461098541,0
5.284404849148391,11.026379890404405,10.37522826170203,17.105202380846,31.051801172962733,33.50023771719048,27.27997821414204,33.95189950943295,52.82292196941697,59.5256734600208,55.80254062997192,19.314543897633182,0
4.56558915022814,8.773264992071983,17.24850464264937,21.17419341974862,26.807038145813102,29.2567190627434,19.968322500703977,47.80979447357377,51.08673149189736,43.81599722137877,47.890644806624,14.132477251647868,1
6.2306240152616095,11.417238597819455,14.054628076493024,20.09505230400657,23.099947458687392,35.21005736309847,36.7120380245537,41.05950661550452,45.6248394158562,57.91441368879727,51.24183384282664,-6.493779327676524,0
6.303657897582938,6.113316044044876,12.78677950571632,19.16466487851426,32.80746243455876,31.442472289409007,39.10651316438928,44.37917116873968,41.512811142684505,45.89422077854368,56.16985907187194,14.807929592566191,0
4.846790397558548,11.934039348369511,12.901077320814563,21.164002791938664,20.05316805745474,37.01709738177073,30.21241896892493,30.75896167300231,53.85943397659629,51.21566664209883,60.44706303068177,4.59618216909045,0
7.38895112376796,6.09600709753083,9.47798995153745,20.200222265776905,26.2023135312334,26.70513467515805,33.7676546393114,42.15316160832061,38.08049501198259,34.60736720284152,39.88610352810177,12.03005446777188,1
4.964416655706993,8.084727557507671,13.74643141316102,21.301837888599987,21.701900342672,24.688221493097725,43.32147547531454,38.28660432522614,46.31551801970451,47.83201349308098,64.03172708236927,-13.369070362218473,0
6.997219917112465,12.946542142122356,19.219861141168725,18.34530687376476,21.95294696997168,12.125482476788733,22.01370059963492,39.669958119275535,36.026308465985935,56.76825635268765,59.693079577844856,4.641271345756457,0
5.140040211770517,10.899712204825455,15.431392391357068,22.38189378232812,24.590163941596007,25.06610969289796,40.48261023615323,47.97963780573265,40.995280270487854,41.356150207809605,47.66210075186749,-13.85669123975316,0
3.9398047979332818,11.4263634955467,18.67530533607372,14.988797007115242,20.22578790368496,11.336718349025109,29.77920170759608,37.24127774861549,35.69283323978555,44.464946447329375,46.80643309986078,-5.626128306449982,0
4.98237754950832,8.563426295365925,22.27426347375893,21.130603108855954,26.91665300252028,28.37411299718691,42.388525450940165,43.75948842281914,57.1740290547073,40.00906373870208,50.57398661709223,-3.2716073941594246,0
4.95257726294587,9.401743654959915,12.729469251770867,11.757135846023097,26.247021835416927,28.156727983513072,37.35180852664976,50.52251301318605,30.11947251823198,54.50871635589452,42.00384532947979,-1.423536646188294,0
5.148758067419823,10.52304371323472,12.49527703327393,27.21746811277174,16.406991177451957,22.87048947661356,44.01592798644768,37.27676041034037,40.93579012408596,74.36597460057968,73.51940288148532,-17.945386485170488,0
3.997717549660652,6.623864247119984,12.498266965040472,21.10402624832955,30.106335758270045,24.938504046811712,38.16848087243292,47.075311789046125,52.7407738642745,47.98339399544295,59.37525816411625,-4.6977026170437775,0
4.026055053133277,11.250275122137417,15.444820389110925,13.76351805541687,15.198096133956096,22.193458983963435,31.8035530310944,34.981224604565355,37.57995372877653,52.153070830595965,61.81901410109464,-7.765944429182785,0
3.161401635619862,10.262338230493125,11.172234028785446,20.054753332149108,20.78992207341,30.255975823011244,38.6195360812025,37.07898582450149,49.65487998269284,66.6935548550216,58.05977215217354,-10.066602607514175,0
4.826179506973404,9.835448482704432,15.720781864050092,15.13997332401917,19.70698820444873,38.34923901680514,23.974109978134862,48.00527865476397,53.05220324110286,33.14572238973294,56.73938358581639,4.858859654416869,1
4.362198540710195,10.167726048748904,17.76459356206076,14.70051978453166,23.14097546665275,36.45312373908885,40.81189713873604,40.08205680225981,39.848828156634575,48.36661421060885,44.89805762334016,-17.15015826006612,0
4.701573356425972,10.545134502211628,15.70064890377116,18.052679177677625,18.731885855794168,37.24216519982017,38.845742840980805,29.84188602345639,68.64572004485521,50.53972180247807,76.52544672518377,-22.8352693088604,0
4.809397040816017,12.572651798078734,17.114580014640175,28.82904435976264,11.898557553784745,26.500620413874028,32.00630178381596,39.51299703773567,51.685535091407424,45.27999138655032,53.357544363239256,-8.787623834904908,0
4.2913222341014485,8.790858985914573,13.63068498292277,18.956911026974947,28.910044322141715,34.5687299599067,35.23123456690496,26.018775883862403,42.63797815236887,56.819743894662615,42.26363875285409,1.3918012992427546,0
7.936998324705828,11.439818320703134,15.40231198835844,22.880522711383737,30.414482548925548,29.55559577515177,32.74986459881376,56.87582159607101,49.24183638086111,58.24889544986442,48.58745563553716,18.49644099293681,0
4.758117565817991,10.87791865387155,13.659446924694304,22.274470103954894,29.73938532098988,31.828244939142547,24.10631091698159,39.11641995495195,14.393155827323293,40.85333414072093,68.86494606445156,14.554928803124676,0
4.437754615530184,10.562856733783285,17.38201048021833,18.81937137828131,24.860611075619065,23.470290586590227,42.379680145534486,31.95804040298813,56.71177008736733,51.25663935229444,55.01821035338862,-1.3241451083370093,0
4.866096475986676,9.869689151262454,13.865489616468908,16.510674125219204,22.95248479335188,30.90379351733128,25.73804066270675,36.1105677814267,42.205575778085056,49.14746554066795,48.805892732351126,-0.8749344026314754,0
5.3393968718492175,12.784437170794392,16.266509553519303,23.011900157082216,24.835692266444475,32.00296373082905,42.55046771508703,28.568728839174145,39.90723610156366,36.66389481475814,67.87827176109185,-0.6132889675331921,0
5.143515763057697,7.301293615751742,16.984779414109976,16.205624585535457,24.11962202567993,37.95583393163219,33.75967039604347,34.726977441821994,49.893893307146925,39.322573684181215,51.35772607886089,0.1799016563299914,0
3.9163578404869233,8.464453916666852,15.215816715155944,27.541130277583257,17.04092887540208,25.889121663703595,43.379168704256834,28.48708003122378,43.334464670498086,36.2628625395914,51.65199186565663,-27.0282863137284,0
4.397238143893603,7.884170925804501,13.066732862434828,18.21346408136872,30.421600149391544,27.653863709052043,43.83775937114437,41.59063139138525,54.232428673072064,54.24986564602785,56.16939038655378,-6.040741316981998,0
4.300960006898398,10.895659736363005,17.16323546272799,20.279824794595203,20.700186569781827,33.16072723018687,31.442569646095315,41.512068087465,41.77545810878542,45.94919099201971,44.74890775347018,-5.3695354218974805,0
2.9906786317929974,11.538340963688844,10.266812693089689,28.378311299298844,22.67072598664656,28.061045113517043,36.83757519047432,36.13289882988624,32.28166974872156,32.46619066715021,36.76214048743362,-3.4348446481050927,0
5.337585516118258,10.401505798549604,19.346705414992595,18.531088038033577,18.835956499977385,30.37537054502088,34.027257954373894,42.42442809320786,52.07377302307851,40.76411990766441,51.20347589351013,-10.066254132296734,1
6.4151724636413565,14.318878556502966,15.581290705092512,17.152140277786565,31.55820186617326,19.09452065134495,40.76872617122368,35.38147472142269,52.82367787578664,41.05332447646082,48.06917715940109,4.793136020401507,0
4.744267286061255,10.245948211295618,15.31784501953094,21.86106514431444,32.40671112976124,30.48307706589797,44.93387993407357,39.775889002549214,39.76726663987938,39.64222596573549,45.246128482651336,3.1240686753609586,0
5.943482141671554,9.192389565180186,14.584693880105586,24.33219082267129,28.69471787467485,28.226337846070567,28.62010022474296,37.45928852705196,59.68428868042034,63.32024099709993,68.65595003279718,6.334520190695042,0
4.784064490330521,11.332190882280294,13.89875902506601,16.736106895698146,16.878427155704884,26.802075334617864,30.28959230109942,49.52522717663264,25.775218077789017,41.63022703346689,50.849444604751845,-5.458560517148748,1
4.538481004378253,12.11823787432682,19.147848535387546,14.507373640974873,31.354778878850368,29.23757483117084,27.73737261869803,28.87169321357633,44.2992229678538,32.268303300634315,62.98605016334538,17.10822783097337,0
4.401711768222448,9.647835848066112,13.79585002421785,23.291929682516344,36.2952483029836,24.68985752805905,29.29015654750064,28.02208622055988,41.33157492554438,52.11641612762846,52.4509225514738,18.92937825064116,0
4.13442132344577,11.328300749880045,10.731779781958672,24.24651925380196,21.3485583662564,21.662571406024867,40.442966092601154,40.36050284686483,49.85931348328984,50.90377029075427,59.33040857264532,-5.225467805424042,0
4.964743693585207,11.996393239480934,18.841881073442803,21.846215971768373,23.931662441145484,22.39792301640932,34.35322515836346,39.31873828399448,47.00653717979854,36.794603990709405,51.00292179504352,-0.8220492752290807,0
6.232312998400612,6.069303453263304,14.910054948550892,21.13233876525256,24.689359967265776,36.36059033447828,23.97621778425062,46.41161534835091,42.74926120489359,55.501671969234295,51.58664352241678,8.1236361973824,0
5.63830239218537,12.510150632247733,15.913450873847228,28.29866457758231,22.827487583154674,30.93525249356572,32.88590650927815,36.75347693640724,42.60212870738622,49.63077819688791,58.43069311950923,-1.482051191592111,0
5.056282092280062,11.973818356105522,23.03385469806264,20.760907373493765,27.03807840086204,24.7301645921094,36.4810425909651,35.1445870257084,32.00386263104301,60.2809306432767,52.98513943730008,6.991859374722171,0
5.243912635608733,12.066384462400356,12.77030015807415,24.783720556015595,26.81547037180292,31.982820116330675,26.920310510495177,51.240075354061325,58.93050150508144,58.29480172411529,55.33417188445688,12.8327982048495,0
4.512711268821696,10.589232194374722,12.550487397102422,19.92801327955355,27.81564962037728,31.460282153757607,29.91870985272158,33.6452730634186,43.77696671696703,34.94456058092191,39.40286285324133,10.550833810491763,0
5.545647600813523,8.919393370093843,21.99506290889928,25.113107990336253,17.559506959463175,34.53982262033211,31.25175896437748,50.94613423054343,36.23786404972269,31.573535721493982,60.915535542161535,-12.326270279112954,1
2.8522877973365195,15.148421296487786,10.346302186905696,23.286058378748727,25.191594522938548,29.82796910575856,47.798621408657326,43.7918695382776,42.08081695589026,26.31488307332856,63.36977635518679,-12.324987593435106,1
4.728590740610113,10.901858592074989,13.508374855397118,18.870776120554684,17.139329757109945,33.67104081071073,31.6336206246412,34.022666370580616,34.88189193639256,26.789890678930792,60.0175361079107,1.8320986502819936,1
6.372124220529121,11.49816138555965,14.174498420307764,24.13511726039939,18.22483357546556,30.734784203236423,29.369018025748268,39.78530187437775,49.230624983687896,59.1781598182736,49.07710653062626,-7.719885315645619,0
4.947212634418801,5.698340562194287,18.17580304622363,16.556523832973323,25.10238952232144,33.17792790860164,37.67258688453187,62.26094788706597,41.47919066214399,41.49052373559646,53.39337460302444,0.2103359803235389,1
4.437976831245199,11.184069783365214,18.59261013032226,18.11259774968235,29.62618135101561,33.584039131005724,26.36593804174281,42.04688019425363,56.01602975763695,48.32269334665733,58.33794509779669,9.711165722510463,0
4.33558040786304,12.282078365702208,15.102929888851202,11.308529392168854,23.79479613886016,35.385926677662646,46.6848782371553,39.761283341542445,41.21452112679981,41.27464332766982,54.40755119086425,-8.426352772016603,1
5.174336247186035,10.714529572469743,18.809871919770423,21.744147887486584,31.62684152391968,37.13445950782405,28.70608292858654,32.843325702403625,52.01628401456193,62.78602061739505,66.17503234625102,5.953359283352285,0
6.070995753241186,10.685515397596308,15.651656683164184,24.190561636412337,31.02162405782008,30.254931646985845,25.654253174075528,39.29219166083641,54.85844392989341,58.72552702815771,52.9758021781374,21.1843839020428,0
5.04150703889348,9.426811869751312,13.49367644565903,21.098178912189507,20.775650870813784,37.75505280580558,34.77773310620896,32.28344071443124,41.96936445688044,39.45898289522442,46.85163701742854,-6.012223495975895,0
5.354823611315657,12.172457400936448,13.334526500927254,19.87907448285746,17.695162707284517,30.342313135344657,40.10199965464397,42.36610408104982,49.93405738316457,34.53050476512977,64.24192081557891,-18.65503837804569,1
3.876890568499179,15.22119490157787,13.398166175700757,23.15767368876676,24.988737585137155,27.116739232072263,32.84238713595117,44.741555930380905,32.99589374152934,44.27162335088721,50.10991426079671,1.5577745644901246,0
6.285782442275207,14.179492202418958,17.68803870338605,23.53205069134661,21.590796748499383,41.82527669127152,36.91337331322065,33.22420912177466,32.360888088309046,48.12124488750311,65.3036392685213,-3.1026867980329897,0
5.429557777985711,11.598706999284945,12.82620259800083,23.38691500931641,24.542332350313707,23.940859596458694,32.894113207814755,31.827367588869706,46.9403082758652,43.92342864241485,75.96525795984516,-1.5309332805176892,0
3.9392595849104977,11.507703854657104,12.756542732840987,20.70229188947665,19.3533831959709,34.21750926813921,39.98701540256642,36.93466302093893,60.44606223724399,25.67228480829553,54.8298440024288,-15.583509539200255,1
4.797540861101767,7.76815711232815,22.58833935389649,23.21500174922664,26.34817767287428,34.624788400170274,41.650582560322746,39.66698822164605,38.02805909550216,44.56730588822341,49.69844697273656,-5.455825542453516,0
5.744811682310943,10.913545133467297,18.945049022342825,14.215357830542036,34.33886388134116,34.23416623032318,35.509492955959054,40.66645918970207,61.73582973983214,42.130825823352495,48.92989542334089,18.43364366627797,0
5.1697962001999365,12.447639762324036,11.526128039806686,24.791789263087868,29.294566399279468,31.143027435788948,49.5448722872015,35.87340213362225,21.572073727578186,55.29952044347591,74.30865159641338,-12.04198356889382,0
3.1507169730714573,9.10250868335519,19.42963422775886,24.293561042442096,12.260450589822169,25.751764887669825,29.25898225510535,29.62140021195581,55.63872983426083,35.50007786776989,55.54382902989278,-19.229822724190896,0
4.322812208448763,7.999163273985625,10.736223054347544,17.34066921979853,26.75616177335852,28.93895493092572,29.685225415344263,32.02223562371029,39.804962968501,40.42768066734566,59.90985868001637,4.705688062101158,0
4.994206149395296,9.677070025926849,16.63102969887317,16.43655596213847,21.05649587608385,31.69164076593152,36.47106433972059,14.60367743064607,45.501076962445104,56.16524594978464,49.39388243803172,-4.084136886796031,0
5.017996675647741,8.182307998546253,20.367478292486247,16.024378589988633,24.251916347188207,31.51683635398913,37.82036816393904,43.04215878018408,49.104362422739925,41.43614737018177,50.80027551216897,4.956793112474784,1
4.7921857810083095,11.953866244269612,14.097251659594624,12.758919047362696,25.372750960926915,24.824427849143333,46.24543307401167,34.28390804556238,51.5698557366545,53.88107223944839,77.05632908795428,-14.0998095190504,0
5.523629649184943,11.549658582976315,8.799364463680245,18.733808049202096,25.99233295189623,35.66342068851871,30.59827250423968,30.109922385374105,54.31979543135814,53.73241527639715,65.58930103300818,7.436606575127151,0
3.87304352039786,12.387609318798448,14.099602848472555,19.78301678382456,24.546315333111192,27.65177435990342,34.93245900922277,27.39395384662489,38.59666190702941,54.06102846333322,65.59471128227786,1.713512885651049,0
4.714357517752657,11.638758914174511,20.320729238084475,22.36146232908172,32.7228775667545,23.44511515854841,35.967847386875945,48.831609679075925,36.640893608489904,37.02688354431363,55.05218009108125,7.098310765930455,1
4.358847282385953,10.79640940804284,16.93411266145635,13.126041595198965,18.072955771994344,28.362502350200185,23.877189676940343,45.01602512561189,39.610929690933816,46.25560153122713,76.57177832582076,-1.9968808200953936,0
5.213308465171801,11.366194659732436,15.123058094510284,27.937428181873365,29.940022615542624,24.076291532062665,39.08746104241048,39.05023565675447,52.84117158756924,53.15166636877012,65.00267120311605,0.2668288624208568,0
5.2277831909728265,6.520060521860385,15.16291261662276,20.745420687398184,31.98866280840605,36.03316922942472,37.85215044714224,48.35980681856612,53.87755997708358,29.019889333578377,59.55920605029682,-1.306055868034238,1
6.259887312623072,9.86885338168573,14.27475846461557,21.494099442449546,18.285490468299137,26.37841842185355,21.491198342252464,47.87634995554735,39.7626438819653,52.41724636826786,43.91019750169354,3.279220513031452,0
5.266564512785964,11.41491383664331,10.294304673122966,23.92403723175927,22.68926873167588,34.1782372862812,26.843780121560734,40.13214536189509,38.12614050035094,55.611906958305255,47.27218348787494,3.228822719342053,0
4.958110053231399,8.62332416752797,13.207103100709183,21.401385685211743,18.156327574128344,36.96526939979374,38.98961678931938,40.96578209036655,42.67112971990319,60.33481102735125,54.28740265915144,-18.835620370982493,0
5.173126968497492,11.093275390193243,13.30944547779327,20.188820278324364,24.79965303374356,17.653945317123444,46.53172283366436,39.87508547388718,45.66401200545661,51.32006982166498,69.43571925187028,0.4199279233903219,0
4.136385437993511,11.764310080073662,14.986218485136224,19.156383100910872,26.19547196819088,28.6962516141159,27.5105317040794,34.73249955948487,54.13368488778086,63.26659282120981,53.414570914599736,15.39420799139273,0
4.62509437862137,10.056224169175604,18.148643455583866,23.28618083030444,22.779750743680363,28.114315485090955,32.0252562427684,47.01481119298578,31.09960044399141,65.15827499189915,61.63897081453332,0.1508753849331214,0
5.779564182472337,7.434639699843474,12.088963451263368,16.863398124968164,23.01623992190061,32.600957619130526,41.81641647307412,36.31379138522007,43.2869192479042,37.3292702280799,53.31194251355516,5.342056893097723,0
5.385192346387448,11.10210031044004,18.910863733623977,27.51152341118229,22.865097604583163,36.17455727384242,40.889570161720656,47.52569997231928,39.6639597053244,64.45432923252415,63.309985619620505,-1.5941158846902068,0
5.078046571498517,13.204962496416066,12.949109299122972,21.81932205748301,35.74851970045759,30.63120939178188,31.2027806191943,53.0961156757543,56.12519112299373,56.037938378895696,52.78922920636912,16.332962572003115,0
6.046005744891644,7.07067252345796,17.71214423791524,15.734925883833387,29.145546941558685,35.088322743729584,36.85674933580481,41.67297055529669,53.4650859038463,48.66013253400336,60.12223086552695,-1.2529316520631353,0
3.023351221127368,8.014274820766586,15.516116306433204,21.69969385157581,29.910609411760625,24.2653242649619,38.982832785939,39.48924164326628,42.79571209820652,39.23966437489577,52.55700052524416,2.5243542406046657,0
5.163529029041057,11.811075610811155,10.660021084194536,10.796680915254855,17.66388761641737,24.7180712952334,34.78902709803651,45.13909094871659,25.686439807605588,43.17327154892508,64.33297558162023,-8.185030827653073,1
3.8991255824308384,9.901803442703986,14.43158337764652,14.692492093452694,18.626054434641485,34.98404003977133,38.40064373156016,42.70324574794464,36.32045216012333,32.81472674021605,54.57822123036378,-3.967322689827256,1
3.0480627685266635,7.745341671941305,11.004393443831386,19.295616115990512,25.83976278414717,26.36262593348569,36.39396335162766,38.53173465883178,34.167397419120505,47.98791101752072,46.50049545960453,7.7382604094114225,0
3.594877997138659,10.117830475003114,13.8141917183591,17.965924178760556,25.375540690217377,24.23499617311073,35.76540848412283,40.8980611233913,42.39605443719314,63.79004941344788,46.761400183574224,0.7114146869446516,0
5.515916345229647,10.367002572842209,14.79332905720512,25.14325885839532,24.22687293872158,21.07118663716713,38.85594207282459,46.057368748359806,37.600618025093,61.14804196166041,56.02816700633941,-0.2880687840960543,0
5.816043242356494,9.339192165303883,16.833949197954908,24.28421125690992,22.13890541029908,29.501487083942312,31.607802076622388,30.76186392802832,52.627449687145614,48.89951630454015,64.6719772160582,5.458671911743882,0
6.0559581078360365,6.510679942358588,11.450905952456203,27.33703172525973,20.7982009563522,29.14841196873707,35.25316168455087,44.81109509412464,58.48475256334399,53.87290562711765,69.6428395120474,-5.612674974695179,0
2.61481251080221,14.180327195212875,15.170468561408844,32.99737068234269,29.40469577393275,31.38245829340501,43.03935404412343,43.83532830740435,34.81676718001716,37.29012640994088,50.199237520151584,5.765271039385711,1
3.404707171839905,12.30530434812902,13.175983817669977,22.92770981666687,29.82630186152969,23.45863586906572,32.22069160756674,42.43132970744698,37.14040359772665,55.7002550610281,44.49930956642973,8.341694569728995,0
4.106669644831276,11.280277287813194,13.182453917520585,22.774183101057226,25.999832556016283,26.778798155235,41.93890532391511,44.61401710735127,35.2010504408399,53.28288553943288,47.950482350258206,-1.0877987521409107,0
4.361283303556239,9.07409179840738,12.452607243594848,19.312002255586595,24.37858833734925,31.526208304990742,44.3816714140494,30.080906262194333,43.01623581786836,51.697301659684825,52.05759176657368,0.558743036343909,0
4.758247336801855,11.968989070773658,17.40178210556782,20.515237476091748,21.2123635583388,23.18148571640217,23.42242868152588,35.453701707893615,46.50381978180178,59.60904558015959,51.38464271570662,6.572442024309153,0
6.498216824338312,11.929951520877337,20.13086257246509,19.94501602713989,25.16934143073015,28.32258245235826,51.91370266830966,48.83452774118759,40.38861347092667,58.6375132038252,66.23907769750778,-21.379338122787004,0
4.948917254064116,11.473053329299264,19.142922776516528,17.602667954426046,26.880813851115896,18.592869384520466,38.463985000470345,34.68860954285649,30.47445880844701,47.15120372399378,41.756631485300446,-4.488430889526406,0
5.120991684263818,9.75266619732877,15.264675513297604,11.701390094768042,29.60243583974319,21.63112544129111,40.47478069270056,37.97445176453991,34.23146717369418,47.75368242314429,34.523169404129504,-1.4997992232583697,0
5.581492181937915,9.908980755471102,14.517165064710223,23.080194924737803,26.629617473870564,32.27536113041471,33.339605808505404,30.27119166580923,40.28586500358341,50.07585174084636,50.69533148014675,-0.4113880383456543,0
2.941783577295842,6.21790434648022,16.961614049731747,22.06339488603476,32.415366985637384,25.598577832539373,42.91429773545566,39.084694500665215,49.5922037735812,51.933739792276896,59.86465331492062,-1.1469600429147109,0
4.224683739916239,10.345374980682568,16.23984707181998,17.61623238735675,27.90398729476857,30.407353011101225,33.47195816962702,37.36679750675001,47.15638238776887,55.1554112360812,48.40322579673316,0.9897220385827992,0
3.7061820886074224,8.130245779773254,21.41380960097053,16.82297928633572,21.255138614565304,19.837007462701287,33.98439928418334,38.679678996726665,48.88929737047634,58.967608136005545,51.96482663550746,-13.612326106592665,0
4.908959276347042,8.226579671268986,19.13664262688723,23.92962310265245,25.49168751098935,30.572623907750604,38.018367051166905,43.81499926905117,46.06459461143428,66.00004492366185,48.54183370757545,-11.562673849808156,0
3.8319717639702366,11.507659856272678,17.91144141685514,30.20590027660638,23.521191663296086,24.44293760295016,30.9552408815009,41.03130186842183,51.99183634492528,57.43459667996227,34.012252084585555,0.0587713723140779,0
4.207670663042001,10.295052502427156,15.73755279521322,15.987919353083754,26.68253170772318,36.36100367550649,34.722899919903504,41.68581085813644,39.221401158672094,50.09306445723869,69.80411032536199,6.894628924739831,0
5.377022931319563,12.205227517921085,15.962702076167204,15.524287924967018,31.54996662741232,41.78649519429879,36.2347795762953,43.68365363533826,54.480772728210376,43.36793504787229,74.98377025277019,0.9703988836790832,1
4.501508661481012,10.554673117541832,12.14624659618407,22.24107338683868,23.61965338375904,27.0262672925639,40.61222862283914,39.59821695189756,34.54015736631043,67.79981780041037,49.308139958434005,-3.399756568805736,0
5.653442716602427,11.806907256060452,17.95582170927779,20.76785318595568,23.33572773007122,27.30590953188937,36.24663397254432,31.56368754382124,49.60642304854817,49.05688079361798,61.04279089890614,-6.162690897791542,0
4.487531603088611,12.87166923056543,18.000581873091928,30.0692425301082,20.613268902477667,20.48821674398829,29.75252546726684,48.019192284796894,46.65972775208141,53.983253625936165,67.47056510538738,2.946670381258861,0
5.086937882550241,11.926004176307238,10.972994318827842,20.415983533106925,18.009685451815905,27.60696299800049,24.94065002188705,33.34115290975393,48.06251294879541,49.28433001747092,51.1832305052078,3.713130628783632,0
4.067374595921229,9.730851702878024,14.408023537016106,22.32539868578045,27.39125892535822,24.21940901289033,42.67847345607445,38.16215859489471,45.31454354391949,25.91736513665729,49.64784286862572,-5.008181784687402,1
5.444962484311514,13.565999059189492,15.57761494303644,20.98603839347813,30.06827756951374,21.31116595347875,33.564179388297084,33.60230898820142,64.81889185985233,62.078173350656826,48.25732005335202,6.07875712504892,0
4.739266590587487,8.658374283314288,11.51090019847692,19.76034666479632,34.39403121580957,28.044947168680554,21.97619941339268,36.179483949977005,39.30900385868726,42.56438447319816,47.40970375718294,19.637941407004,0
3.833564481534871,7.458484680359959,10.839650390286169,19.110532887997845,14.106405351101609,33.026130827440284,40.61478299264913,46.336923654152976,60.261736919065896,50.00300666024852,61.78408910976202,-16.681422936722758,0
5.429230991500409,11.666008952721295,21.858937898341026,13.85100503984814,22.429812440431817,34.8712079155987,32.43677516379008,38.78001013386607,39.728146646610895,55.1080691241721,67.47104866420366,2.004583416470834,0
3.611882717771123,8.759048521554224,13.9227559908671,19.36589483240825,29.222987696619715,27.993980459420563,35.55415318064512,36.055298008645394,41.29015037087931,53.10774043433359,72.90046016652035,0.9788890171361362,0
5.536291284502774,8.922630462639177,16.151355178734956,26.210827301995003,17.521284824949163,25.30531831515032,27.49714993488972,45.75547139587205,41.582934466894976,46.964789824006985,79.61309767090482,5.248797589912904,0
4.440001150022605,10.272811615338332,8.898066499309394,21.90217723613769,22.83201321752705,42.104145286030985,26.4335188644324,31.302325928017183,43.10927272024243,48.3428618830819,63.699291517526405,4.412140808628299,0
5.508592261884341,13.656045143834133,17.45261909430362,15.531986860819645,28.087369773935063,36.29761234034736,36.81661234982597,34.4433478385197,50.02416752287584,52.1843030275487,66.2759712066285,1.4610560759308115,0
6.838911417421089,9.105724890316225,11.90343778160593,15.386620556517578,26.628238991604466,37.72475709469597,25.1928164348088,44.952447325349375,48.7451347726174,38.67711025981283,60.365010417408,13.618407820673749,1
6.165543379824662,11.490793929161338,16.64967829718484,17.114288179356336,28.53174383366539,37.11915561015876,28.15659853948147,33.19541508316935,34.36428197701095,29.74236355583832,47.29975922319819,14.902845254679676,1
6.174008914175065,9.887118158106809,15.767678841172891,21.45110986993498,21.57219377819619,24.96281907706188,39.89573959572049,36.21779708812278,35.18755808965312,36.87725596926644,71.61660487523662,-15.068771819450106,0
3.791717542209309,8.325979811218074,15.120562592872773,21.099518592012803,18.731856687937373,24.163521121855112,33.090885834613644,42.64983247303838,39.29102157032095,45.06484969000384,58.045843494642405,-8.908720614537911,0
3.609322417045704,13.58757491699172,15.675897915887091,22.74908425942027,37.73681145210388,37.97875230719799,39.41886954250575,31.37607989320493,28.22605946882992,39.6214823499524,60.2152185305187,19.354156841625915,0
6.114684320079339,9.078035480959606,16.860840634601672,14.89286894762909,34.711748309955425,36.18503195349103,37.6874138787779,50.10183205619171,35.53948263068615,37.115350738788464,42.98610049659429,10.969462373068527,1
5.534504696971642,9.98921762689742,11.886044845561369,19.32707243206353,20.748124140173207,31.22910993638392,33.02370306593164,47.74833410391415,30.774040742054723,46.495778183268,73.59096543410287,2.069532834712738,0
3.891113369235415,7.816625917532246,18.20418360782696,16.46129544688744,20.930675762307533,41.39405890714611,27.6405973593598,43.07979821868002,46.74385083751427,35.77294266524332,48.79975151211306,-1.914770042867822,1
5.109946188334655,5.365895782466032,18.585365862649343,17.73645831483582,27.4504316162586,33.172615631086515,34.85565874370373,40.8551891562501,54.749697178361686,41.96756385594301,51.5724040037697,2.876962093327668,0
2.974942983920141,14.059835689963862,16.7534255770533,15.600930898619596,30.88797914037028,34.82713140948929,48.475068830859726,33.26040461733305,41.84160277944706,59.913469962151005,68.39919870089982,-20.792657669034668,0
5.405432401580943,11.26875072032641,15.861439924471078,15.593059621188866,29.03826379635968,26.34671708676969,38.1118318742747,40.60315304257653,46.93489934318461,60.1385615290813,35.0294036436524,0.4631983279231666,0
3.8900476102002814,12.145255261435668,14.04622610795984,27.08004178522996,33.61840980678366,26.574190905617684,46.36075192460712,46.30580710561316,54.12212358063947,42.798495509035874,53.286697904841205,3.494050099600244,0
4.991413737431142,11.158096852105537,11.028595772554892,16.993464459332188,26.98496359525983,32.460554015079126,30.14308872887204,36.593211432705154,49.71342364720212,59.07969312154106,46.46184935884352,6.503588512158486,0
5.093322409612579,8.001260334105865,17.23148161064139,23.92431004272541,26.417197525719644,27.4555157774208,28.461156082098857,28.99260025814645,32.38764711492322,50.36399046336889,47.63844491831231,8.021668718066913,0
4.140717514653061,12.37415650175712,16.214703610523536,17.754041146793412,22.19485890257271,39.29158004108917,43.42661317895993,43.505899788640725,52.81170506694681,43.77008528936337,55.48869474843834,-21.27899895158516,0
4.889119840086776,9.005382832222985,13.666198911931842,27.84500330232873,30.139604378115347,33.151987202841184,41.79271629685972,48.73582672609909,36.4395161481938,60.35340215604105,59.1810404902772,-5.613576815777561,0
4.765576814444273,8.502653213344402,13.53856577802582,26.41782237803093,25.403867103294044,37.51638319306048,30.569379154480387,27.96994873728245,29.770374757483044,54.68447490339172,61.21234279547237,3.600591375421959,0
5.173511386983617,12.548949595814856,11.738099023821851,20.40276302443928,23.42650645925731,33.965196196616034,39.56982481928473,45.24618310266166,56.2876231543129,39.20852770135555,39.82572700982677,0.9426695589870446,1
6.459202851474144,8.57361178216106,15.897255872122104,22.61929385483965,31.696942786360765,23.67688957165785,43.63838336963183,40.02719530547267,39.072781701033655,44.02820145155687,50.16824176406777,2.706589152210352,0
5.33513508298949,11.2223968709888,13.643789112690124,26.168262768133868,11.645497877495036,31.57525699506784,27.5307154602885,29.803469693731007,34.32330097125573,45.32242256489928,53.08210711824903,-10.794935339288893,0
3.767178039843297,10.292697015056795,12.608407471436191,20.7691466998963,18.55859958435757,29.6444536936864,18.70190602723725,44.33064250521238,44.83084691183508,43.15363559879376,65.00051401701114,-2.8769432129269283,0
3.5597639399956744,10.856608709762876,13.573707348745325,29.27388242440001,30.99434273936512,36.21855689484833,35.92927717311428,42.87187789101917,42.334257848187896,48.46368455540876,68.17127226865232,4.497339643402913,0
5.173626493426364,13.29640470601047,15.169867619286505,19.77949768627669,15.970384884881582,29.610645578183007,32.49146650888845,53.57310020970461,49.1005852285281,56.81041628390405,77.6269341870274,-9.259083438161875,0
4.665936493039724,10.882981503978582,18.433636112086862,16.491532137283766,23.53383882487598,26.518566311253053,37.860077291492246,37.56292351485338,35.533045792658946,45.25832070524312,34.22778162037403,-6.16087053386395,0
3.904815799485024,11.394009841386564,13.49344120772503,22.816504944450383,21.125251843887987,26.65086439787954,35.37827443398919,50.90495888847431,38.94153166199058,61.5761759564741,61.87198251156593,-13.077759501066716,0
5.640279346680025,5.127665377933964,16.557557970591358,19.66249380443169,24.855704412458927,19.312215567694217,37.177334968601976,58.75216673902364,47.69829946784935,38.163234127168224,51.36947877191983,-0.4895615066480721,1
5.704971917337836,10.342650316620674,13.148638276663746,21.412692283323373,23.309875008090525,29.29567291560809,34.973683283822425,49.833219085102144,42.79889938967396,56.76892716974084,41.086472150286085,4.71484741373403,0
4.050669434738118,12.109568515703575,12.556499043201256,16.977399352806277,20.842730273652595,33.81922290536503,33.326587771678135,42.854780028634806,43.10121384660169,35.32383414612574,67.63678752384351,-3.942254082711185,1
7.1005498767761495,10.45577059321114,11.361242865454042,10.96844224211036,20.73913746365274,25.07962500687896,43.14438746422704,42.68588788100194,36.7254633041189,37.6434245922557,55.92282629898481,-11.110284158094482,1
4.842237691034807,11.438705557458404,14.225667036707142,21.72316784501081,21.95849533413392,24.85896874941108,35.86076298699795,39.01315883846681,41.97326062610208,52.064997666757534,70.27088906562186,-7.75684166988262,0
5.054382698572293,9.643383874575855,10.388362674956593,21.6387988963758,28.19683902634543,31.201036333223936,34.95567085983084,28.676517202236354,53.99485955997682,58.36523288179807,42.23753491315948,9.666788917060693,0
6.487504243473079,11.338825354126708,14.923669196118263,17.26296759144258,21.458864417208563,30.834144442641364,47.49418195423083,42.88539085296858,50.17341692215338,54.146158933394496,48.44524579566446,-20.67801355198664,0
3.8344689701617054,10.528772495965338,8.80760681114738,20.29783356023049,26.498254819505824,30.30628607193148,33.56372678913217,54.8075275529945,35.14347119423969,44.16189527446657,47.96510720684558,10.0284870180666,1
1.9045725623427343,9.065969750432432,10.19090268231354,20.01319006545621,21.68476160189341,34.43520406837532,31.36955087100232,48.00689262677351,31.266344619715188,43.04535073489947,55.8527023322722,1.5621746597753583,1
6.00046244928688,13.418381202691736,15.858349348593237,22.873337517404984,24.762341913680064,27.14107776224087,30.884356737678168,45.68311352344456,47.18815100728134,54.91413375708034,57.92704484712847,1.6571179352713816,0
3.75013801424549,8.953188641252947,16.214357274333437,19.06469918041965,26.03930216359977,46.845295934372174,27.46399206037479,56.143491875598194,36.32477862090643,34.95863181758789,58.93899237877088,-4.103161354009373,1
4.814818581314831,7.943628426154474,16.56336542172619,17.175259159636333,24.81366048152353,32.084333070991384,32.25157123077813,35.43293985340006,61.46630051789609,40.80836208014079,74.8079371417819,2.8554114390728857,0
5.172069346828921,8.346559591563295,17.107718478206998,12.885724373434917,28.43578246890462,34.70222776036073,39.71454810351036,44.528506005781054,36.97221007090216,47.75400341133532,55.287482691393386,0.0975952661854471,0
3.8170605227635495,9.59329890975431,11.12472787831736,18.75882684790368,27.930918839661643,38.64899044033556,47.15311970363895,50.27289611919203,58.99418617183507,62.33183877180731,64.57050630447958,-3.0488654800700443,0
6.5675631301108,7.833877200814497,13.54991731945047,19.88618362719321,23.437961922003524,30.12243013385661,29.24142124692008,48.35866362595854,44.89499593255989,28.334644615580583,71.27660080675491,0.7784782831392913,1
6.098254671959731,7.476009832676709,15.028071088736525,20.962509542131947,28.610133450098708,30.25025911308151,45.37167366910268,26.72522227838119,56.291906337558885,47.382954019015024,57.19342567923008,-0.8576854407124719,0
6.628530450552185,9.76593968655108,14.236775672844676,26.43344276316548,35.08626239887796,37.42148733266484,28.790163493942863,41.371043063340274,42.81156345702742,52.77471978980405,46.59865846798881,21.86108003980823,0
6.566696625573968,13.10200374741754,9.45337753527228,18.86268084891845,25.889186993362955,28.7539464990426,20.428859216978672,44.22772037360387,54.72377684007935,57.45204818340788,52.92633941870438,19.450744026736363,0
5.244376232908772,9.91090601562127,15.710507451774966,20.63755217293944,27.49365500371392,38.7781422368723,28.92854275248729,11.76797872925328,37.64794297719377,44.16366189652742,84.18297089683114,6.937647096212977,0
5.604972469184123,10.54969689636274,18.8575766187834,19.15005011817986,19.680499986294507,31.126344249661805,49.89048450383412,28.39040573771628,47.982887543001695,55.97550405417791,64.75253767266506,-17.043989000207237,0
5.457156693261128,11.966127084327727,13.423170606975482,23.784495514460524,26.33703528200614,23.86071676343229,42.97939904690155,48.58201947496081,62.032759724274754,60.553165027638286,65.61411476094385,4.490453866930416,0
2.9808473538045943,11.56630707083062,8.59590061089158,17.05292597138058,34.312591712787686,27.05100261584464,44.563616737145,46.191346821274735,41.315045418532925,56.3754021449355,54.78467049037318,1.2286656044101605,0
6.255724502909454,10.226588164202685,14.535666960381704,17.452682058493878,27.549409008351184,21.98032656306681,39.43293740101255,23.63886075833288,38.34683032520275,43.90978650051822,60.24470080993724,12.106476562143175,0
5.710682234876771,7.959578009966814,11.34180890529056,11.677549782980073,25.720133284921044,32.77208427621878,34.56566057918473,37.23687330424824,46.37615212364773,48.67111421658637,55.1819225073356,0.025568907486793,0
1.3742723326184785,8.495732605375716,11.879246734711703,23.59958087683364,22.72520879689311,27.72712211275256,30.68094166800023,48.70766916271704,35.73449877069922,37.82522487603044,72.10773262848747,4.331997769663218,1
4.151374784116728,10.25022856074948,22.2323965064053,20.779604108107847,21.23176721434578,23.618659230480176,26.532562293706743,39.52134200495525,42.8699221372464,43.39862116384507,50.56491609616049,-0.7411212361374491,0
4.339592316532302,10.232968627559725,13.831201490592298,17.462353904763653,34.81405266851027,32.460737418486104,35.52993100117134,43.7506373048037,52.07087180932527,53.28494056279167,67.47246476583877,6.380875220598605,0
4.297909846633995,9.367511806762272,20.43687688496847,23.9518911850408,24.046941277831223,28.07152074976328,42.12865994667241,33.99913213728182,51.64496924943703,56.65135195818167,60.85054477041142,-12.24689099268312,0
4.440621895397181,10.03500040881194,13.350819334681631,16.48835267340809,27.52018614650831,34.09621423387087,35.353616010946475,47.51118497448009,40.06524296650918,53.6899283273343,73.01764813277896,2.526457772993278,0
3.626627253838501,10.601550138711264,17.330728473126527,22.212783791764263,27.69159622910534,27.81385230222974,24.69981855198757,39.59136026097781,53.11859099400935,49.58048965062051,37.15369964336847,9.799718067665149,0
6.439872103246465,9.530412249578925,15.733064648644833,15.01897046216772,21.98716512851768,29.64173200958628,42.64817818941306,39.183447350070125,36.90291317602953,54.42784366561156,37.47910839149816,-0.8923495779529436,0
4.978506808171886,10.173861779072878,18.37652497157639,21.63962315741582,22.12987898717354,24.63876326622968,48.69858463673205,37.9140294176475,49.85934521880447,47.40888433210003,35.14033232794551,-16.5722443230025,0
4.510028765575343,10.10210140499716,18.80586736159961,13.266413960766291,18.8241193835718,37.79548098704492,38.04083051437898,35.32278693972374,42.03008816002546,48.12645615393387,58.71009775935215,-18.90431963667093,0
4.460466524658247,11.611215745521635,12.08576952522436,20.385763058199416,20.053118198805947,33.54820155896098,44.98769490391148,29.426745873223,36.03249958649292,44.72730023431656,44.50399340128282,-8.850595068293877,0
7.177390484231851,10.523477084970038,15.131390162784824,25.228101202963632,23.87474732696601,36.830737067138585,14.726307122715795,48.79465502447832,64.25042963758729,60.539934843203454,67.34630358053639,11.830362287790686,0
5.241239369015345,9.169994132573065,14.266783077293962,24.078418425780363,21.080244140036584,33.708359501015245,47.30362424585952,37.8218855354072,58.61697178974917,55.21973906565671,53.249502898812494,-15.725017816111563,0
3.755161405424806,10.133317943665322,17.587978389544396,22.249456861681608,31.42241065196416,27.90907480258076,44.359563378591965,39.1389656755205,46.92216391084817,60.11792362955026,41.260846322836144,2.039671602562341,0
5.124436337713527,2.3711104939420222,16.51200097697416,23.43480773506053,23.06860172887449,30.773656051501355,28.41388679330166,34.02068595720043,47.89856243559494,62.65804783466413,57.2899853127415,8.69875340242869,0
5.434618719927193,7.597460021650047,11.608349365633025,25.001347944377976,8.563627217852254,28.709467846576324,38.86114987108519,55.643060489778335,47.89459239028727,42.75280111921802,40.26729911799537,-27.583114150297867,1
4.387433066442432,9.892962505058122,14.44095210359946,20.460219345829465,24.406854306381284,39.101693808497714,11.23201482532126,46.1507084715258,56.96449114981812,43.067947033080415,69.59318122988525,14.683859588033789,1
3.330264367617889,12.910582063025544,15.866551968403796,22.420482296425124,29.67588569069893,25.6273853129262,23.75571199796196,35.93744920134025,57.54780262540519,55.613069713618806,55.19870440202904,15.657169932968865,0
5.484391811764945,9.866348778788083,11.772141325507008,21.03453124844788,27.017466397837232,28.21042033921116,31.537972262765447,38.65442242001674,48.28605226498573,30.17988374340116,49.490167715705866,0.5168348042235529,1
5.417907185986238,11.903278883325012,19.3087824962898,24.433334283449348,30.946656641360484,35.77664126920642,28.529841522990555,43.14607106290095,48.44635939904747,58.74610459821065,50.57850344166303,13.008211344784105,0
3.4094245286477767,9.217471946733784,18.663299797515588,17.75137491266649,27.15816706862736,41.1370202987799,42.8149183813115,35.97604016105409,40.76411448940279,38.81578450093718,68.92071651947163,-5.212898620509627,0
4.470784839013403,10.15315421528679,14.487471432586442,26.28042875812692,37.40298567471693,28.76318414123594,34.09374908441037,38.78755284932822,57.43982254300986,61.17509864452465,58.65814621745152,22.69034787540288,0
5.957724175480713,11.173346687812376,19.84694696687633,22.83138751011463,16.25748251393424,30.132981028194862,30.8536248870646,41.06927481794625,46.80445490347013,42.43162336473337,61.301517222075766,-4.967149471123888,0
3.818400167790241,10.73165060874142,21.88789785647392,18.3975107847286,26.360303954788225,35.90410281942522,30.71857597888466,29.8019453118548,43.59729328671896,52.218927465844494,57.12137341179875,-2.415975033065215,0
5.487356836916871,12.320947808732878,16.942079810529204,22.26794497788998,17.923656014489644,34.40504282304656,35.71461083921888,47.03009399631868,57.02375421820037,45.8459679783069,46.4690233195668,-6.781513214323942,0
4.61966730429546,12.85771720856634,11.21818309321304,13.59324343481511,25.265943582107223,32.86490029089511,26.6505233379453,48.76402709888798,50.29207946113318,59.02029611010049,47.920649034740926,6.285738020969225,0
4.997793516188347,10.827557984213522,17.226084497340562,18.859397944805856,31.28268558486243,23.85331947618572,42.74482460179555,41.32374450590782,48.25209364022679,47.00588549347227,37.4463970982127,1.650252396171283,0
5.278667340610412,8.950379849819571,12.022967205635778,18.18934884570339,29.28875146482602,38.47272615123298,38.79591014196664,43.8340495032716,42.72518029499129,51.67957258896243,50.64259370873291,11.309193521623524,0
5.869897673175943,8.159597804915707,17.435337740874775,18.18181693316461,25.794545091330978,20.86910575323816,43.27072738872916,49.37934207495093,42.56451884228339,50.00035767501957,51.6577862872263,-2.78480084615088,0
5.385384590802017,7.236405331693247,15.291755906816617,15.633636251819212,34.56245706328048,17.115736724341936,33.772508053623035,26.8637336548442,42.06009269904721,65.60491830649238,38.996307694413154,13.1136947111857,0
5.472947263121937,10.130303855595402,26.074187671439944,20.91785369254085,27.697036057814834,30.146236576756905,23.77494634316048,47.365430498062935,42.20486239622814,59.314137685542576,44.63140728068729,8.555018728747294,0
4.701654831960511,11.64809560097616,15.308455250287045,18.782099035558115,37.54717524228859,29.050315261024497,32.788124836994974,42.14536674341257,34.03661592097616,56.22996648866307,57.07084888852928,21.119550241390016,0
4.862916656381671,7.962329089539509,12.244337060498868,16.63109656937248,17.28934959129739,29.73505049616084,33.85693167440946,46.38335899647686,48.76846855097314,43.14013350776183,60.88208575309946,-7.610570571032884,0
3.891556008499932,8.213140608766269,14.199293198341236,18.141280473770795,29.03108035089695,25.192670044078568,42.2674246182141,30.47641914963201,45.84195542748906,49.20150315317,60.27877322458043,2.8290570384723903,0
5.6346925663194485,8.72564175174975,15.786401479356847,21.83734453293573,35.05202467022937,26.71091136176124,35.07571367816537,36.83030905306008,30.92847617643432,35.322832526761104,51.08718399616824,14.519090262010998,0
5.20521535538574,8.06075347280731,17.637266901475897,20.55349922253492,23.06002959691616,30.28613460251892,37.98938354460266,33.69828493474127,42.42111102035962,23.360164193587067,68.41593272965028,-0.8380941837210107,1
4.953028683753527,11.320577844825603,15.413823628192118,15.841176394684574,31.056435422198334,27.2991327388406,28.246312361287803,31.674971228921628,44.0045041476227,72.89761311449234,49.08347667903725,6.11522091438481,0
4.084016420728122,10.142233298514268,11.945096572241743,17.168629213707156,25.629109484369568,32.79162470791113,32.05773668083728,48.49525490326019,46.54467160631656,50.13455837741781,43.17652640313795,8.152146011857363,0
4.9478230753210015,10.33593633386498,15.415462918068,25.185441880083232,17.575262675903907,24.14238127749369,44.74063755721299,29.43531316286161,46.852649054351744,40.86721572930477,36.318121493265366,-16.922154403384333,0
4.621088870414714,9.952643877238565,14.281313141256035,15.11173258099304,32.16560739699102,24.22096404306087,33.55861219438713,34.522286287189026,58.59896153174761,25.13781358246409,54.22695537439515,20.984567829260232,1
5.873586046372363,12.035453645626577,12.308793814233375,20.02737548233268,29.85298971289293,36.20459719244279,37.359534818319815,26.88970157492501,46.95273282388055,69.45035107836267,46.758381162720994,-0.6258403550275311,0
5.123972361724957,11.98497592947029,18.6435308536222,18.018592374206072,14.78936715274541,36.88793671095806,40.05921790548729,29.70519750805118,33.163628477457365,48.38043058389075,54.12093016330839,-21.99734168372809,0
6.178310066322831,13.00728666514464,11.93559035855087,21.93409684241175,24.658770806107704,33.18994465353679,33.57750353903834,56.16767854542378,46.22253613333813,41.12890109898888,55.80810821945555,-0.1498219730252445,1
4.659569447714222,9.760925810180222,17.616586852827634,9.517767408253649,25.172731961485155,35.307818965744005,45.50132982374302,33.99076543529361,42.17101343201946,45.63390452441686,65.50201105728678,-11.149274015532583,0
5.134062879410488,8.616363432764297,9.482873021667192,21.17524764122192,19.294147300238897,27.531693597272493,38.88284893288176,31.65522800087283,54.75571758058973,64.26045367211432,51.83910599498636,-19.049360290397164,0
4.4301057124364736,11.022504069567292,8.03443667096981,25.370540888355816,27.30688810898188,36.90386940718365,29.21331246062508,40.859975705595545,43.43402803996079,55.20593547692037,54.904052937362,-3.013940383086691,0
6.341806104258016,8.55811824959147,11.3084302756998,15.794768987594315,25.40004981419796,24.376697237543688,44.62303344816895,56.85811102096135,39.05149006229799,30.36141637715264,59.89093393828806,-13.4179835828015,1
3.796128997827252,6.871341630836048,11.092704017425124,18.46639427830229,25.00312131644205,40.34179333302797,39.94569151032504,55.82390278115129,34.236320077043814,61.378354302545375,32.47814255197055,-3.289353102836625,0
3.784660221656013,7.6258236879265375,12.930682776822543,22.170976686621486,26.123443103266528,40.03174690308885,33.7893690767943,42.08646519330768,39.80613477172052,40.4923557038152,52.007242628055536,1.3075878762084772,0
5.149238621752687,11.88528784772482,10.998901559976854,23.59855021553408,35.1722528105453,21.813369801457725,35.32930490920548,37.171784655877936,26.10600833965709,48.23267836543628,70.60613341503696,12.460656223329888,0
4.397900649813651,9.48323110452347,16.780865834096733,24.519139084180388,29.292243001454217,22.157411229070163,33.946353637388974,45.79761382207757,39.6974615733979,42.98304890544618,46.291038271025336,1.5400173790513745,0
6.089181779538885,12.12019064209698,19.35567504810055,22.34701716436357,21.805878176586173,22.879481167960734,36.13147085220848,38.12549923657606,14.05326843912394,53.69569786831575,46.92471588797442,-6.95078847591838,0
5.649806017005553,12.138309870381548,20.57848123551024,23.55211953112257,16.788401071021006,32.86024269283018,24.36018955727465,39.713102696060034,31.433873332758417,63.896984019755855,49.2296322124124,4.416779123954607,0
5.425218190514767,8.23161111468146,19.03099541763032,17.325249592481697,31.92125105586764,41.84722410865594,32.6636037199363,47.65295311365014,36.32596592915739,30.797268436599097,36.90902089661705,12.73611284852091,1
6.915528193381113,8.660487848061706,10.034205790060811,19.33711110826078,19.514293924114263,34.47824055251495,34.394609852266704,49.09949838281747,48.80824908612975,47.13723048324666,64.99207015955345,-5.858999460175468,0
2.419991256652684,12.616643788649554,20.983465691713537,22.426231902344018,24.153117723102564,31.98810850666176,49.95771131418617,39.24401240992901,41.9480085034848,47.79660954604863,57.11332444671656,-6.180799658320078,0
7.087335951254921,13.815582003789604,12.69779423919579,21.95720568048395,16.69288701828402,28.22574626034393,44.59517425144932,34.48613067838029,35.56066538848431,39.663311800439736,60.79676641371179,-17.72269864435587,0
4.99179583668439,12.9328595771036,12.317521165258068,25.06413823118436,21.791233551093367,35.92226952758316,38.27697183095579,33.08746266484049,24.533313710886578,49.17055770093965,45.83859769900775,-10.065773716259264,0
4.074591337107627,11.08074703507198,16.39622071677243,17.82258461038785,31.09898365842388,27.278970840318024,35.662082189825334,32.0657056533739,44.67189633784053,64.23938049247069,34.47971090259098,11.48950891748296,0
4.284969024168286,10.210766404228004,13.67784861697126,16.0987138137031,16.90509514544621,37.56895308904001,33.849761031868745,24.62003560548012,47.311852855600925,59.446541841882045,30.554246415974184,-4.132679311725063,0
3.9176243254172496,9.656488390303789,18.17502156568179,16.333462700804898,25.81703120515101,36.839323590602696,42.04606766880451,49.11983451217,55.43632155933992,62.54529642958705,57.96551518804263,-9.579505122158238,0
5.417492965908823,8.57506932420807,13.354382420802631,19.667475117049698,25.17451258146735,19.00650379050817,33.057413098666416,32.0739640075266,30.453694204255328,53.64103261158999,49.15138066705945,1.0777794885474634,0
5.353141279205677,12.232548885413545,17.969194406474166,20.9700216852126,18.39478732293088,22.04109544428676,27.98910862514624,42.48728603544161,49.77769091686709,56.03303951049405,59.79544642341181,0.422498064274087,0
5.052831573956873,11.161170708076645,11.008596888001254,24.70313386514165,25.350940099511902,25.20592512474535,30.67554329672172,33.36190362880475,36.73000275746288,52.44170835564459,54.82456257034482,0.4180243846513019,0
5.114853521165898,11.131558399477107,13.688442120426348,19.6962149323512,21.947943802509087,30.818503548534977,26.145937600814605,39.73348773330349,40.47396390778383,58.82117685146715,55.73888757571558,-0.7737154760623222,0
5.063221019442583,10.528356767981078,15.300520023598873,11.988817935811442,25.452506879410823,29.72170698415232,33.54691055530137,51.75615224629664,48.28686809807259,40.58602983536338,62.07137328930133,6.067391626516795,1
5.42239097349843,10.80147797155674,15.368560576502434,14.697814904675193,29.6912310552594,25.261037232242334,46.398865935979416,35.199387279540225,56.20426471580677,46.71898212321719,55.06131803176154,1.3735525347940172,0
4.558074430603764,15.270251612269252,16.775768640946033,17.96343062745914,29.87832716095902,27.03456985202357,29.577920471902303,34.65017468075964,41.95283386805798,55.62230000373177,59.55724780833975,8.223555098789033,0
4.5388796390425625,11.604489736236626,15.11009748586668,23.53691339456876,20.17241963734033,30.322104483478164,34.67118281342057,43.917833498283,51.170904020808486,36.74654451665829,68.48307121146998,-10.826604427714978,1
4.026176703606009,8.709377464366456,15.30131385617936,26.966040972378806,25.211484030084417,29.285194109018168,29.272663937923383,39.03725109381875,40.58712569507679,51.25304661687928,52.88616817027185,11.208798808898244,0
4.988198799297412,8.760809528963929,19.919867504152023,25.503911538571515,22.2589274495901,29.064796676367344,37.69844356061415,41.74097156444648,23.53795530740944,53.97344151148412,59.8357139201616,-15.115618284380258,0
4.692319417250605,10.558776300771507,16.600911889401388,20.36341151469709,20.86810866394378,33.67643402719943,29.53569362379889,41.690182911194114,47.8219015506106,56.85797455809933,50.47538225862272,-1.9244850632291253,0
5.456510416959165,10.142407338753486,16.67499969227313,14.092206371962725,24.447257526930745,31.196693004186688,39.51017346247577,37.27866733957429,28.5957134097074,39.57884349928977,61.01445693723493,-3.4545377036608147,0
5.436482913999083,9.159477611775252,17.312145489584054,19.0299786936734,16.912265383790206,36.21935002255377,34.90233255396518,44.23329231657665,57.13375538052209,48.637455391919005,58.07378528511194,-7.0354475826072616,0
3.5793400052504243,9.393155723566728,12.62697593830902,19.99434797953848,22.92521440234768,38.30671996163922,41.18369889369281,40.87905968499201,22.58293704265358,45.990707357430985,64.25357986465195,-11.614920451240511,0
5.070326090092904,10.723480983243675,10.112579320014806,21.546556118784263,16.778668902559343,15.40392792442007,39.57317449848895,33.922195977130286,23.249140180839603,58.07061806061407,63.05840096380671,-18.360879988603333,0
5.631922681771695,10.621456673460074,15.92824676815816,16.905305728619634,30.095985766756144,32.2233216728299,27.62004742306597,44.96854787343313,38.69016075413008,66.82978115811915,58.57832051751938,14.215651280633049,0
6.927716676341667,5.863715451032285,19.8717113651466,17.054924817599396,28.9780220038718,36.89191126691159,39.66416079216673,22.93261579663591,53.583005720882525,43.26174699548335,57.37206994887774,-1.6653414423517336,0
5.327624545475617,6.578555951706665,14.1797517278581,13.984075660898132,26.61164583582233,22.54335648373265,36.23530808154808,44.97681579401688,36.188969435511815,45.23961946376718,41.773952570876666,5.718703947482582,0
6.048238592261131,11.165360349104672,14.954648309813626,19.677635269295035,28.03153626676128,23.234315613292853,36.0130379975892,54.52125104605916,56.63716009039041,60.60088831905589,44.000560894252736,1.2543163533652848,0
4.57627679827088,9.589771036941023,18.78042599963645,19.314958790477807,27.36657805059298,35.26128300305758,33.46901832797139,46.14753427034573,52.57418554201987,59.68850788750926,52.62542236365527,16.853177817608888,0
5.340521958595112,8.266843019184869,18.343523334236743,22.31571835001801,14.73060546234782,22.69489902616967,36.66819060744984,37.1018182299204,40.57103490180933,60.68583435055862,57.703975966664295,-15.3136527887389,0
5.9221778966302345,9.20519458027572,17.18351581855496,19.488988715865755,22.562154340350627,40.44641766845769,25.42572904894533,27.80714134528713,45.12892136519905,59.47008651965034,70.15506487581426,-5.451250121278383,0
6.356848830987032,11.97225931797477,12.730293482772623,21.63565237746782,33.27141286927213,32.046945118698495,36.339578772789885,58.76510312189665,26.614926982459853,32.45972348258925,54.02115905947738,14.192232057054763,1
5.060233385819891,9.118503409010328,12.814886921794102,22.96144982016295,29.828426479596608,26.96692431871743,35.89290004044419,41.93217638049413,41.99302744930278,53.39951138408406,77.8741759356758,10.61275562979634,0
6.117899883110737,10.487595438987016,16.930617686049562,25.679502576820312,26.23474003587653,37.490688301731225,30.333702338068463,41.78807145655087,57.412215054574325,50.56680231515073,62.641901281130735,4.627237224915604,0
5.9093613473091935,8.444298049552927,13.455304118701893,23.935939446387906,26.647586267405927,32.21185938010026,40.5981533327751,57.09690820579485,40.97235246157892,56.46676801057136,45.57258213331501,-5.372492512167735,0
5.474914871520431,9.358567325522776,10.544219014257171,24.23013683880809,29.122379234656748,41.23320918789922,26.90108657904521,58.16798911482374,54.370257730172725,59.03663671303711,39.50614472753532,20.20095782191281,0
6.95419873098127,13.59249911405374,12.657264267831962,15.169857798460004,27.93317684482388,38.44738571787413,43.55149023315554,38.560963462120085,35.85750582816984,52.18031399227242,60.85866712155366,-1.1296012903544033,0
4.084980402216466,10.161087656933102,16.688010929704024,25.12637314906033,30.547358278919933,28.996977154794592,34.10002675792118,54.97017378010206,46.635144622595234,48.86499261518924,55.45599760930912,4.3763722549924,1
4.061264485584712,11.21071592795228,13.002568210250075,19.36557751332276,22.79628532993009,28.85306041126845,28.40142478347244,31.93293209474222,50.15317042675981,38.13635191641861,63.688421814918414,-3.633405224199701,0
4.516356966006691,6.199911955798942,15.938021681246958,19.12669710620555,26.632676484609107,23.988282967474987,40.72927657325913,31.60439914056272,40.92140673900735,71.3577411538574,54.559388812277135,-2.5490024519109435,0
2.558580575776928,9.922007186037163,15.133379082690562,16.622804382729946,23.0841831098648,22.296307057900176,33.05206254423541,27.22764731329464,53.385699701191854,74.55081471290927,51.61792278212086,-2.224896748465889,0
4.124592911230079,9.2463603989598,12.225196823483138,25.170361139717293,28.188171206974936,35.36237657083794,45.93203150781281,45.5538290616313,31.02822927972245,39.62023967396223,55.899123459468086,1.0519490185896618,0
4.329421007520877,8.71262809503531,12.23788476355551,17.512289718828583,19.16175486098592,23.6760911660066,36.27861687280054,55.38975420299961,39.04361344590542,73.25483820701197,51.929549304186864,-9.627975640340894,0
4.389854030937584,9.09279862808092,13.71109331203434,19.9160777327147,27.229346135265743,30.73552693151325,23.650289300923976,31.3228944397116,31.059737942940203,34.70318622937192,55.99892104673608,6.192105747581082,0
5.52351118637843,9.29398523235802,14.23160966407458,18.616409108347245,28.2419236290577,30.101448918676745,39.3092326401664,26.122901575422976,44.9996376744088,54.03491571546857,49.08055492611071,1.1976805760745408,0
5.773353003804248,11.029219697162354,14.14666896022345,22.62665971178394,16.325098951896287,25.975258125343363,35.33193758722851,28.14217195502232,55.38223687654694,42.11458551343561,46.889439604845805,-12.396570265614823,0
6.843795989854353,9.808424657768713,12.725377440309884,22.540709703242428,23.51293012794112,27.532299517719373,35.52064596150809,31.71095038747812,54.09406625618399,52.58536648387015,48.05726797867541,0.5925689180311926,0
4.075827065657052,11.39294999901194,13.91969732022168,17.832515696993465,26.97473429901376,26.47559560154181,45.52209097193206,30.7497244305104,47.06300194314437,58.13779776327,57.75894582593789,4.003416629742144,0
4.444225806166648,10.305765207981512,13.428143622607616,15.83740480344001,22.44760396754253,24.12523140549257,34.76656301071898,47.65948388841192,38.183514299579386,69.35769780674657,48.54367422266013,-6.1892759625013,0
5.424471482747885,11.462183003069764,11.575022461495337,20.277869681389475,18.19076874551496,42.64229627102711,20.72765181435514,42.47228379609881,26.512155754025034,51.85099464578293,60.64366189188953,2.369275789165271,0
5.599236838182787,8.072502775720782,18.37198740516048,17.19287753999855,22.469688027675137,32.33957536362967,34.85050312444725,27.50207115313156,55.43079613425097,39.23361978764394,52.814828279884985,-2.8406353602788235,0
4.80615443118194,6.453011673281431,18.034411407241524,15.239957127759707,20.87572915325849,25.70781427187925,35.10941529498568,38.67762677679351,46.05722566986497,51.72551530504249,57.162315092992245,-5.131092173845272,0
4.5150745690713965,12.570934958793512,14.712680095345268,22.354854214977863,25.33217888227737,21.17733909063023,34.93219988764918,43.893047066027,66.95471974251188,22.71348592718098,52.42449206506704,-0.0658928975202933,1
5.818090654672998,12.540767262230307,9.522704206136025,23.6176828840119,29.51052860597616,30.903162269772057,34.08169176813323,49.36924804302534,52.440862237957774,45.80809061009101,64.64524642497524,13.418231896694577,0
6.51420499099248,10.2705107380407,11.755552904124038,14.100330811055716,23.9097819299515,30.320689573283406,39.73820166581898,49.80973953563555,48.39619006795084,48.26550041225029,59.10828091018708,-5.576819688141015,1
4.998569374239222,9.29030124612262,12.295857532949316,14.68544250202885,25.20886988240833,26.294564871611662,27.9680222611628,45.55275203281288,52.46698090429278,43.64040770211415,61.98091703808556,1.2941293757341723,1
5.289433073210443,9.276251592043236,10.312788415929637,23.601327735430523,21.827128380676022,27.97678842621472,41.42326615771901,62.077628291024894,57.76101532818586,35.60113558386695,52.13242366911345,-6.187608724072221,1
4.663267083202422,10.078939670479404,18.22567284650988,19.25076176297207,31.02568658083983,30.80487262490376,35.08732299044211,34.76173416594478,47.0786546996981,44.56327508449881,60.497056383070266,10.235619398944284,0
5.968412334444987,11.73083292837724,17.256180826223822,15.347919652765704,23.42034036231583,34.59908142123657,29.04485709178494,34.432435521691744,56.5024449519434,31.94429982033913,50.306990173755,13.6461045510401,1
4.179283207604896,10.233426289279755,9.74471445200065,19.727723665255464,32.11829401216051,36.53695469536069,39.0932048869789,48.51528242567113,38.7419922992363,55.99573353051508,52.8660274299205,11.62462847293272,0
5.803854947203856,8.856333476237676,19.341771999704253,24.16360482315211,30.12740516537331,34.29237463183792,39.707427489771895,42.00620252154903,41.110563751549634,53.37934090981426,49.32141779289054,-4.984625167080587,0
4.8501846250219,12.93955361482133,14.347949030495656,15.306936459287035,20.19714714046393,32.92499303853784,27.671020300774533,41.40381401666266,46.48190228691079,46.11417386761692,54.217565891975816,0.5320898564825396,0
5.784053016711001,8.944212839703066,14.798021037362735,14.820994241450808,32.44082799909349,27.47752808946199,33.092596547458484,50.313229483124736,39.00514090911771,43.54735226029459,55.23202090697772,17.118500984251327,1
5.643271936885893,11.57277437766754,14.122544796111766,22.318695059799623,29.689960330341304,15.41305325682571,29.83389187747936,42.187878642756985,64.54349414542568,58.215609342688,51.11835036930161,14.280113213863636,0
4.848500263579735,6.144412450688803,16.30524293576717,12.734745487651086,20.42404539109608,30.42863319868137,41.15340001462829,21.47286311694885,37.38874614880704,36.984921991547495,78.7128594886546,-10.530652696459514,0
5.380828150806527,12.04283568560536,18.722588192196547,26.36887036346679,28.97509358618444,38.83586010862273,39.346246709792034,35.08308773208459,46.63204174848391,38.00248920247458,39.47855287819587,7.032827719091999,0
4.028899061677692,7.978235930338034,12.28476107953774,19.31200808835223,29.28815610846448,21.61749064922792,36.8420524113474,47.29169079070813,48.87066916792313,53.561171030894016,42.07253095838559,-1.0900988572213883,0
5.663802172126359,13.09178113467549,11.935894424495949,28.422399096833544,29.3437324259318,31.06181197321778,37.33444528573292,36.788702470336816,49.69430946445237,48.19720947593121,71.5925026041307,6.220759528427374,0
4.474720399672233,8.585165761256272,14.68366054825512,21.889293801931707,21.54477500815664,29.48468325510695,31.727656984485968,29.48723681418128,38.86151082414451,48.75756117066016,33.73504743672538,-3.345353196782887,0
6.979830154745949,10.639250832060805,14.775089225696291,23.6303673438942,31.357297741221416,24.396195189406104,32.36344223096689,52.70326793183476,37.91701286750567,53.48663659444241,47.17665212862673,6.1734689630863535,0
3.993923135211883,9.656451687025765,10.620522219286777,23.01532983669338,27.80163637266344,24.7872736981818,38.93742795227394,47.965329067875125,49.254258370311575,61.006689548957546,54.1941149219881,-2.9688262492696724,0
4.794750855286754,9.544489035009716,11.216000833878416,19.927895357300336,24.82604138818221,34.47104201920803,25.932399027933485,39.35897107131,52.17281987634445,66.29917841683725,57.65466097545735,6.1506203835778255,0
4.681739459711615,10.4994176359843,13.985397149412329,20.645289057965144,22.516624154643207,30.011952294236647,24.12609194898745,32.704741588501754,36.370038318133496,38.28926117286012,65.40226364668469,-2.5803359104852,0
4.637993429218563,9.658350391255183,19.70302259802988,20.50863321236828,29.922768350988743,27.661092910575466,37.12704785786551,50.47099995114766,54.54662450579058,63.46286978065102,54.820788623024015,-3.913835576035336,0
4.134996743849322,12.600328487037316,13.535891474409842,15.482113245375547,25.912359237044186,27.896140823279527,21.241606734555067,36.62325642710053,32.25204096983647,62.81703376430513,56.3751966626971,13.47465605733658,0
5.179000866280322,9.76331332908984,8.150512682659343,20.97552003423697,32.96221783774113,32.34483331053478,30.689933912024657,44.08272474382044,45.597440935808734,54.15738072902359,79.27698188504138,7.352151428683445,0
4.692087487682585,10.72768168571371,13.307081713393028,19.29464811503059,24.865288414796,32.8213657060714,31.82792589536025,38.20925988379406,42.07112244543063,67.04771270181274,41.7738549806916,5.235852360894724,0
4.812167022656311,7.954104697075646,12.463838193573835,19.49503839401848,27.711391380375066,32.42707060351686,24.84497338165009,44.59716448719648,48.02422867803456,50.62465190553157,58.40510318568136,15.133915890749565,0
3.979366337585272,11.375102774478808,15.12151567406204,18.347358323895424,15.792607723218484,31.545351312237408,39.07628701935949,53.28874974052909,38.0975132633784,53.04523787190371,50.67776438154965,-12.617299639648154,0
5.318545992913713,12.437004442032576,18.675005502381765,22.620362901909907,31.80077452470089,17.405754442301202,35.18494994297446,44.235495898752816,42.836276436190296,62.26589174519578,45.83250814107051,2.260668156757813,0
4.290619420431266,7.60257629945718,11.67808453709042,21.15822183395988,21.764235389267835,26.550253870506484,31.546616270030576,50.68273629005883,55.648993423376574,72.37930630780045,61.58060450778902,4.359354599620674,0
6.379770941859246,10.339756959808732,14.27927445367784,19.938476352034712,21.536451287321366,35.50758711307543,46.849467663970735,47.0835868607121,39.32570911270536,52.35296565019606,39.63751764479804,-11.220430201140498,0
3.9425288493223993,11.759968248149168,21.84920039218741,19.029748638102483,28.412041908349607,22.30332348210465,26.661245776571697,38.104553515771634,37.56877000138034,51.20181261972404,60.75245853842522,16.420617457899468,0
4.340452436036273,9.449047138169318,11.845737178375128,20.54941521958881,30.212174722460777,25.520783730422693,31.14250813309011,44.177368266631696,34.806762259245225,53.64629300404992,61.47148895267862,-1.7845511281080313,0
6.365438904247384,6.342076154611902,9.815130994440134,15.996171274815673,26.56599324243044,29.90571828082046,30.152703609656783,56.2155901529343,40.31490034425431,40.73433872066914,47.896004118859146,9.1428950140363,1
3.8919598754384768,11.217611348385766,12.615022369331223,19.973032317835848,35.27831490241663,27.99273734763328,31.47554872661483,45.2669049390803,52.6319353817708,51.97630971764252,58.35689080133975,18.104193674202754,0
4.536384264467452,10.184328650634225,17.753661545435723,17.225370138142555,28.10383478625047,18.542600479779843,35.45626010300528,45.22814322524321,47.64397656229302,53.09896053359751,50.680363662441565,0.0728920209573456,0
5.133929234643077,10.57706156076757,16.013136229254076,21.354693997348985,30.22825321112077,27.683686864937,32.253033104306525,32.14860735138424,40.1642213102556,41.97170022695633,52.03380241779948,5.86660869979567,0
2.882052750159192,8.272848829470517,14.275058827143535,18.896818618369235,30.99042170808989,24.87376886058326,36.11981518184349,44.69968278079403,55.75021199126111,42.36863261691601,58.00726610683738,6.777647029447175,0
4.076576565574668,8.266718211532718,14.490820906512152,22.246242160678825,26.42456608132972,28.532088202560622,37.359799862227234,35.51107197316047,63.84198105278217,15.25120338602298,68.16285184880432,7.382243554950723,1
3.567914314778277,11.427380282871365,14.35234208864378,22.529935293037788,21.42443533352095,30.47722821673636,30.965764702676623,38.65430411166593,55.676735436951546,51.97423614389038,68.2691650226214,-0.2335226043635767,0
6.260535597824527,12.62137125027215,14.719651338234083,16.703611833223803,28.06089941434612,27.045405492488342,39.29610239682565,41.11205754689917,36.19005455675508,46.80872436853777,57.43648709357655,3.895966269494304,0
3.922146455516752,7.771677095447977,15.087622248932629,21.760265346929494,29.73959128979249,24.89331908541613,38.63562126334436,41.26367094647019,49.19115899140474,26.790569720047905,59.98812621944508,7.040942639157644,1
5.664700619428634,11.585551212438457,17.1854199469979,21.42052579352509,23.40385060911808,30.49658631758543,28.12063280390284,47.66368497261811,34.78205544140761,60.48831265104276,57.148895909284974,-0.3613392958968204,0
3.562361956746064,5.796119842235645,16.843236231408593,24.43741551074556,19.04719291502054,30.976323112377177,34.88507646167367,32.702876077986524,42.41191354043471,44.06162052208682,63.98836008819721,-10.963934707182538,0
7.617600008604018,8.837160508524256,10.405104340798731,18.16543683323412,21.33433292745098,32.18951284410968,27.131377186255445,34.712901500801095,46.98888916189042,59.0966295877201,64.66919063639475,4.581178373363103,0
4.996009723463323,8.610125036963305,14.599697926299816,18.95377525182976,29.475627221280234,37.234921187253775,32.050842291316805,36.948579589444,47.00638486603768,62.23639333893399,73.18626262594627,4.105856337322515,0
4.634905319059229,8.710739490802839,15.684790597892116,19.412818615917416,25.630011363380188,38.26725290962655,30.13990023006927,41.21874380301174,52.198814783792045,46.20428189340862,36.45605242215177,6.670864956329513,0
7.135054032756217,8.974066066514037,16.223023322584602,17.546768048448534,19.26846686299272,20.38385829438944,33.622826888655695,42.15820254315618,17.695111856648563,54.55607099508831,52.8127452024982,-2.0222209615937388,0
2.343935509337196,10.64995740693831,13.328158900947228,22.52146407775215,21.612218497948565,28.46272971132915,30.64836063854195,53.43113594299872,40.35916709877716,49.122756681947685,55.33926611614415,1.7413994706763931,0
5.011320764487095,11.36801102718057,11.434980520909274,19.81336965971953,27.09500795286285,35.66116268102242,43.93453949656136,42.098366551448606,43.945381247447855,57.473135158525565,41.027199185963696,-11.871800795380848,0
3.6265883032211854,9.77215906316928,9.323565610307949,16.74018926806493,29.53168145166804,34.390061053549864,40.425834433964106,35.3751276802476,27.470627889235463,48.338012545531946,47.546587506155554,10.550364478177835,0
4.9354319362450845,11.298436203382668,14.20109944192814,20.90246535086528,36.58533824441141,44.58397819880412,34.4314212852162,35.242964875635195,60.79239558422336,50.92989110887218,46.27672471972662,21.71265016628092,0
4.915479879580923,10.551825162635328,16.917597972542353,26.4479524736028,17.496625601639796,34.456233782075586,43.375042487811015,51.567537507619775,37.9039130910499,58.189407339422345,63.96631890451045,-14.846070975101249,0
5.407825834719047,13.570732068542782,14.589840236984069,24.381159045710145,16.6706551799803,35.66535011621762,34.89157692528966,29.72902331921733,46.28522779775897,44.24259531427499,66.60618482022079,-9.28000965270617,0
4.566955577371797,8.2287467603831,17.754546733575566,15.8924558217439,25.584742299740896,14.660402038534858,46.17502308058158,53.63832419325084,36.43163347998527,48.53791851036524,70.69704855847438,-14.527614682061282,0
6.017915337334037,9.209593564504456,18.670935497552414,14.559211706538472,29.29185548492732,40.26988941590038,36.66426958528297,44.96534935459408,50.95681838823528,50.49732749368578,69.8713355876165,-4.3236700504122885,0
6.673185559265816,9.821630192816729,12.5531194620858,24.11751072054264,20.92500760598605,27.256349396343936,37.91432919559729,35.66255412610986,47.30723028410067,45.48138373428173,56.11038034552046,1.0612606068629162,0
5.734740801328801,11.838774916433898,16.81058899988825,15.982050505737472,32.86740718129573,18.77684812151756,50.003334948291375,37.15864506596236,33.65249124322207,57.57976706852672,43.14610863017619,-2.5647037020815704,0
6.013449223596054,15.093593125716154,17.61218828725991,21.629441079690388,31.277199802738785,17.27553217486323,35.95413151627321,37.37589105405352,53.221353520564506,23.552844277971623,49.02528360606172,6.59577273053711,1
3.854778775914675,6.3745341624934975,13.670642556513627,25.848721491774576,25.815945468355864,31.056975754339803,26.61611447078712,40.76157049147356,61.0956289474543,38.08455838465953,55.59560947152074,8.399495959121767,0
4.710082810801376,8.699398676030798,19.64132038256498,15.660105155295472,24.52280319285355,36.8064697055601,37.81764272098902,57.25082712836686,56.63228236200317,62.86337354281556,48.57624615810822,-2.2654343146107188,0
5.160423494487213,9.385572787403468,13.832747409512097,19.25523609061317,20.40739889640571,31.24324528798763,43.09869532305717,38.21639630140539,37.92860723918503,53.5811371219003,52.895835825887175,-4.070573992900172,0
5.03045382256776,9.147372269625611,16.244737376477687,18.93163549853694,27.840812090008903,30.50727044442192,31.557703952348387,33.79681600013072,55.48310448724716,44.25042080724371,47.40572252129978,-1.6577180225774963,0
3.292034871322264,10.455595985776917,18.04946251553829,22.167938864196586,35.32851167894712,37.184066509103,35.67570564962208,29.10909823959771,60.04680011845195,32.13270102554079,65.27179865295594,10.58538172518392,0
3.678645999503081,8.445494624177078,20.43834192593125,25.19538580701453,30.62231946024773,37.357876034100194,31.288654613761448,28.516065445521825,44.238281129927564,37.960233017044814,36.63830428556419,11.590074780899688,0
4.934559571479705,7.12529330471885,19.7389839605599,20.352751225669643,25.909525159304728,21.893875160894304,39.6174442849516,39.1521406000355,52.383174141852685,31.50291190852032,35.939325455383205,-1.773373922705713,0
6.200428271600515,11.810632182327389,17.490794183953238,17.4766448535185,27.22206619390424,25.54319194154609,34.900841794307446,34.5039900817787,29.395696791906865,52.81859680651576,56.04965987410976,-4.714686197447526,0
4.695337368112573,8.691904868129509,13.852961573085317,8.023103153572071,25.366616463082185,29.49131011623502,20.288538349665394,51.04897146045502,52.04829817376678,49.10477903535563,42.28937104137047,10.753095874721655,0
3.262378468476766,10.08506291405577,15.456923518797224,22.98339375570836,22.14774131150069,35.456130026187786,26.984718982716416,40.03189244399631,43.01932340123604,47.37514751005835,62.606892823172345,-9.121088655056845,0
1.5153985339067026,5.350046751653579,10.710686771741798,21.300034285463127,32.81843419809496,24.94348675811991,33.25006151331743,31.65997508867189,42.70699115629031,37.924676874432166,40.34060572452502,7.740940528790225,0
5.427965928159768,9.990069063235753,20.28307546037161,18.936928769205576,28.332433897338856,46.44151503611723,27.06595875208581,48.74798251447299,40.753527093287005,47.18255065386408,52.46542062609047,4.661611479155669,0
3.829264264915333,9.06619986141894,13.752255433584056,21.33578178961083,29.63418499226442,30.334724024923844,33.661533622286385,31.81787298058328,39.08668022419128,57.7032711260128,51.52541094240106,16.69209614607192,0
4.703891587943998,11.174280154594284,17.87399212316278,24.64293185940936,28.088781622488032,34.221072855597896,40.909361211841045,34.80424453214178,61.30484024880023,63.40051006650938,43.83706943582999,-4.669161705375598,0
5.974409231732559,7.126834965114716,13.704695322827346,24.38171143806061,27.15933065052802,28.59935435618314,40.35780770847001,47.9094604996974,55.194263462833206,44.25179716195143,60.69368925913488,-5.147908332731905,0
4.393637997350195,8.622711325738432,13.272261694308094,18.45296330248511,25.061846416097783,34.73090559415584,38.21574582942482,29.471963875478785,32.4154314161823,65.18926757889109,75.31760989545668,-4.521420683862994,0
4.122580111805214,12.11574289332609,17.610788625715518,21.853711238298647,24.092775745911,16.61239505724698,34.009408063707404,46.507000067421934,47.2026297392613,46.43603603936829,28.669587139551943,-12.190509567592182,0
4.684511773483625,9.254009387492486,16.57294964931246,20.384096299073487,25.999330607499225,26.11817100135829,23.102768517964165,45.13406042920111,42.64935799333834,56.51130801343066,45.952595827371766,21.28686008964038,0
4.256366287644465,10.774908291164785,15.904492711198662,23.83977635669452,23.670037773444047,27.056318207685177,36.0551437675336,42.280213011734446,36.45033463902297,52.964208384963314,85.63565468415194,-3.442121777498331,0
4.44950318045877,8.429631174543655,18.38242845704176,12.924693504062516,20.6310830558576,25.35729212015877,32.74048676187377,51.07338992668818,58.037377665091526,48.0770248940581,69.46059005114603,-3.328633373786669,0
4.661791524422226,9.38278145750753,17.936961831812084,23.727316390854703,23.779794764070296,32.753095866846465,32.912548259540905,31.21559829934617,55.94771590306888,46.85796631752123,57.15731585191397,-5.905210132027289,0
4.875055585389492,10.632488418536166,12.054324451971368,28.27385698888329,29.90461204733062,34.19257171221469,45.20195403419231,46.696844157198086,46.41382568480011,53.13657657948367,65.46631834204287,-5.357123468362996,0
5.580463569328115,7.247310657947795,16.993534480180156,20.60910384134241,25.58762124575003,29.854367919589947,40.78080083811721,39.41510549380769,47.892680879861736,62.14710163794105,65.70097026392042,-5.588737625263702,0
4.678459250618739,9.204373785821565,13.438432216715867,25.90314145505075,22.54545819419508,32.5259671039122,30.43674696685615,39.475433776002816,52.41610547892792,60.3717651744348,46.66680116338638,9.73245891022654,0
4.479499451800544,10.30064601755962,17.32797635076156,22.515792812622827,20.34831013427901,35.09424025975251,45.97963738486644,51.89211665655572,53.70838672005235,53.89312192625128,37.44295621178041,-14.932154027246314,0
6.3567942975225975,12.317183566100242,12.52721936366336,24.35779792533889,19.66923765793978,28.051649467757123,22.87841582674668,47.58716002226442,48.91551601495463,62.183639703121145,60.2461842092883,8.549233371885721,0
5.416683713324886,14.85599458785514,15.67528155474522,19.216437322493213,23.095774688044703,36.53327216061875,26.454008867318944,36.551826754308095,39.16499012600466,47.5456649136972,56.457314310774414,-7.436599264477124,0
4.818325300852402,11.39876383099328,18.261440666189813,18.858628673332458,17.870218457124153,25.275691072732283,31.71062953138191,47.29804522876452,48.37087346858772,53.49455876889606,59.31189663546675,-8.886691735561943,0
7.587208001152204,9.083553704618517,12.002548749317924,24.76535577929948,13.816424167895164,28.7819982489832,36.70430288721322,36.16510536395861,48.77490664168276,66.35516294520932,62.04665308565633,-9.849693949173837,0
4.864547841557576,10.354607165990124,17.36697262435926,20.628266849411872,30.313153512162778,34.28307330040552,42.59745138214555,22.37867853175711,37.28527995980159,49.88198202380048,69.59640195243253,-9.369850561659856,0
5.217065182195844,11.604721991646102,15.723877265523187,15.535343773382468,30.07795919508569,30.60311301079118,34.67775205517279,34.155594585492615,47.20718400777038,48.25589083790748,50.441995298567406,1.4091084804195813,0
6.543155699966064,11.090645474339713,16.56860112492358,23.36474803327321,20.55364613946663,26.39940955428004,36.40041825378032,45.524947204393065,58.914344605154255,43.27029191386167,39.27142073959206,-5.961719990531748,0
5.032395669851935,8.39683014331635,17.483782314607414,17.67313057147726,33.70756236996832,30.860987665630965,38.80394165895801,51.225535173704095,46.425668279913104,52.76161583818458,41.038165123836905,9.938263011469877,0
5.331640537482836,10.999223522615768,16.27398172066093,25.15548858768927,30.573511820716085,15.833684886385818,41.12664631109223,29.938326392523848,40.7868078707373,39.44117474665873,57.94441607647557,-2.183305965318262,0
4.901142410762655,11.091094718458564,13.147018159258884,18.566095618395945,22.648620316229128,27.09886122511221,32.3019886490945,20.349276523944912,50.59044608775032,60.36725576126368,58.494801342560656,-2.942878249649336,0
5.6314544940594855,8.144502564516133,13.139577390995504,22.803303966281582,25.218724843038,28.19535800369901,24.23686236203524,33.852114932748336,36.79723884383934,54.97980747262199,61.84641349671947,17.083368310246435,0
4.888427708739442,11.013980782598232,15.596195277426892,18.36635567461453,23.1110890257733,19.47062526672196,29.58721048742047,31.08651580579569,50.38984491949872,57.58557438288138,36.07106265352279,10.93713043126388,0
4.058599529150771,7.153162985564736,15.468792486132369,19.762812788595298,27.32168153138557,37.4556858259763,20.04193026989263,28.76469254461974,40.3847273004065,57.62561637762834,62.51926182987254,24.17010269681808,0
4.843443213440254,10.639123437338176,19.33738604748051,15.96060518469801,14.405414833613593,31.56668045154567,53.94641504487781,42.79264311280505,50.45086642349448,33.305995655317474,39.94251704460687,-21.207967692378283,1
3.570281644224172,14.692937898106964,14.210707836736132,25.385156854392832,25.73063402718409,31.78636878906535,49.56588947809266,34.17622442994258,43.32659677528574,39.42750402164367,56.52862518472116,-1.105043395358491,0
4.965987098758397,8.424301599709011,17.518402848092354,20.025750694146208,20.55459524152307,18.775711047813328,32.392176351875406,45.12667649588776,62.61863796259235,39.03229057560482,55.2375303786163,-6.879319150645796,1
6.952896726794647,6.397397375048099,17.665875251589377,21.44427210993989,25.451949869286302,34.27594842822909,33.22158725946946,41.48052960865675,45.65126878363056,48.77683536369527,54.23154717567937,7.024515384135095,0
5.788546948673486,10.00141887173717,13.733132338639573,15.72471230103525,22.339908919279583,23.926747399782023,30.86219097302973,36.44920004914347,28.23205549326764,47.1806729844265,75.16804260186899,-1.3421033669416509,0
4.138079679880438,9.720647714525434,15.01718059943227,16.678019789534257,36.28093236309965,22.684089105790527,42.75850660602726,37.725108046283815,38.79261009291182,58.5943142476605,58.00997715143394,11.753824381631937,0
4.987893357229112,11.5504952120108,13.750385648234008,24.063611691697425,25.575640796138973,40.2149626061298,29.259446453556915,49.71032441982254,51.07389592820996,62.60975002202192,65.65684624970987,7.342578985892177,0
3.744886247192753,8.244735481622152,17.216454117012653,26.647981377459605,27.12291779774869,44.30396372129295,42.46181694603877,35.77672586504468,50.52071253239457,40.333524944256055,30.336717340390223,-3.03131300004848,0
3.4236129908978006,9.616063312703854,16.85239921113447,16.14552790062283,22.40372661114841,24.029702328976065,51.08661428099588,48.95626656555868,52.86993059801347,53.326885419575,58.34609985008981,-18.845996265219547,0
3.64868884910675,7.230495900473271,17.756203379097585,18.361219112120267,26.911495766097183,29.53020418917061,27.377504871066115,49.22401251947906,47.892006912652455,52.21646380731636,66.12431667948995,6.38444497709193,0
6.349238923283712,12.75608177960405,13.512491215668774,18.40532234688385,28.880402245685207,32.5869422680441,36.34226422728382,47.33891049523933,50.38890391761921,61.88740122140644,52.05124646391592,3.1357939148641383,0
4.234059127138136,9.632603177130296,10.87650712830164,23.150665560458336,29.94046050781997,29.26056690375222,29.3042030132517,52.88716388992779,62.26450406802422,55.44979442895329,75.7144377426336,22.050525449274154,0
4.747324173167993,10.337597730305202,7.082921389656139,18.702392683401165,20.786687058756783,23.835246376096528,38.6756086619554,47.5616496549129,47.66185145344902,41.591270686192274,41.0174577628159,-5.197129454009464,1
4.615558907896733,5.16660084264798,15.68783549987788,15.724133569150148,27.30273531490268,28.04507295540688,44.93528128585898,32.9591027146019,51.56313713162761,64.30935920422621,63.1202240552561,-2.720688135436399,0
6.762699464155628,8.499531484201041,12.67213051724291,22.44450777425273,29.572411148811305,31.52705971178341,37.16781259191586,56.4584015388077,43.32433236653801,36.49262523337357,39.83653882520802,0.4350247311440807,1
5.7938022982477895,8.81724500468139,15.51072141616201,20.64913093164968,24.08222874185793,34.24144702131324,28.16766002322667,44.05882286614276,53.9575027076219,46.4686436195212,57.833139828367706,4.683017821716246,0
1.6831795682787911,8.976921564125,11.89495958980226,15.931241844248714,26.722803143782585,33.19216047476216,33.892727425422514,30.84228103867205,47.34151643386425,62.65440430181697,57.54187461134663,3.503413227359415,0
5.78399991257132,8.894123496131758,16.613192908080713,14.958563009635467,25.852827273054995,35.67143976032881,38.51277053737311,32.13897977185561,57.127198083163655,63.322568652332976,62.4933454418395,-3.0416007077353675,0
4.717330159322938,11.546515487353338,9.063021439711555,13.051250498067404,27.072772572744555,33.63318007508826,35.001925507181646,46.95494832445054,46.62226099131959,53.527145800834525,65.78856648354669,-2.478143653966651,0
4.52419269055815,6.933065761883521,16.15366705301178,25.9588303778612,23.47539226332472,23.575117309963225,31.40684421798877,23.419906521179403,40.09549025935039,54.06707852951872,53.5698920642117,4.238814769818483,0
5.5972928180199935,11.376277866283557,23.56671649968045,12.738943542917688,19.86918777689013,26.497519863525262,29.878284861066888,31.400966663057424,35.63667797824956,48.5940114061032,62.50386757438444,-9.096086478651095,0
5.905983297047516,10.066353297084026,13.50296460578684,21.557166363513986,36.90632529619077,23.35278385014232,26.67165539826353,51.86015730313037,45.90537520920086,52.98487872779259,40.89793501135272,17.281852943027488,0
6.821959934972522,12.49094330693666,12.247222668180363,10.471148903023956,18.010127083191048,35.66399156898076,32.094787099981176,42.0682223780564,30.216573893544137,50.398322639439485,64.83393932632168,-3.474932263924397,0
4.294463961885423,9.613455544475269,9.20260862013767,24.28476573050148,19.965486539960395,26.340533235577578,29.43035290980215,42.127037409933536,47.116233483578085,52.19767072490821,40.90194789069312,-6.354574279872413,0
5.311958351438069,8.63349675292477,13.930195327055792,11.03527155927807,25.50384107790126,25.50856075713151,42.03795189165036,39.3526731311688,51.26244161740807,50.86656487583454,45.52080408481743,-6.5106781620394525,0
5.133095779603186,5.765213400084306,12.14930565567777,19.121059080647,30.64632002764205,33.61152994971675,33.50889421729295,32.99620467851749,53.29655698724744,48.8578096852931,64.87090578040912,14.55963193650384,0
5.702304902718656,6.406182062119213,14.947637113600427,18.876701846954443,25.432057270466714,24.380364340456023,25.98189182994289,43.74713026482136,45.18859285866753,43.19117747045732,38.92474251891216,12.452550844749192,0
6.849054295388864,12.35210734801136,14.356716615348876,18.679794281361943,27.633720368527808,38.1045571820842,32.5201851187005,38.99565440088967,43.077904993313446,61.06570910647609,63.672068551176295,8.156494596599343,0
5.138108058419982,10.193654394520117,17.051087815659375,15.328978269369172,21.78764068619255,23.296652248533988,37.49222747223964,40.8670576249032,48.85143188330724,39.84287758071058,42.76473681941077,-12.16811140538122,0
6.469420750018476,13.123602588010945,17.871075369502535,19.35394753406396,21.5247804831702,33.76978240612583,45.555616019279,38.95282339436944,25.70742683799926,59.24744116924488,50.32626723050216,-15.56928826706884,0
5.072744573273278,9.730320311064444,16.66745349015829,20.241187563409056,28.204824053609865,25.33112675604273,38.84025202339842,44.45294069233319,33.96098789584196,36.59279023224169,39.461237334094925,3.5077690527989263,1
5.367399807378091,10.211787850028246,13.867654174574964,24.11718953299387,28.9138020260148,32.36709005086818,36.18827031547193,35.76038383688562,39.26758215069873,58.10275876530557,56.28664455122156,-2.070593061637293,0
4.9413813762724095,11.069069399791072,14.086953046332964,16.490744753956328,17.207451144978755,27.724094604644726,35.87821637783544,45.64120790861664,54.04902731655911,39.775190677639024,68.97732236024015,-14.378295430759186,1
4.887434977214133,12.494675750022166,13.179989473933835,20.535386461328123,29.20015159694255,25.87170671393913,35.79752317240573,44.95927662985355,48.23078386844678,61.73424941908493,51.21461273678464,-2.8163678862028814,0
5.227562238999084,12.838528537808596,11.660282854444096,27.37510177780264,22.26101459546536,36.87386733845972,34.95040074212614,39.5151375341338,51.68669587249686,45.89666934553156,49.7563821675564,-12.436784347533496,0
6.151557230550977,6.896545329771479,19.49533495798633,21.432263893207583,17.98415484148345,24.534293960694868,28.62593932563512,37.34542798485363,40.288541510205775,59.43630474189858,54.02641633039093,-0.8633432491487181,0
6.003515459182927,12.223563844399628,13.347935785870307,23.014063171316216,25.17153430582813,28.962967231822383,28.92414890172292,37.15713857063832,43.8900751701305,51.95156236311891,51.077051615768895,4.155140202993021,0
6.627918306126072,7.637025448190505,15.701567912473267,18.674204978250867,15.089438622038184,30.756692069365428,27.29168625143932,42.64182026268135,47.58533725590764,61.467008521435936,62.444321753054,-8.002838599950664,0
5.268104834302255,8.659852503616762,13.342484416798902,20.89199682156428,14.555424027516857,21.95646954940957,40.71231022907212,48.27861220270303,48.64862846177165,50.74356831696775,56.49134167298104,-21.59342604559333,0
6.925774800042984,9.92517178463891,19.28456233875784,20.707921594677508,25.454828138860844,35.78646519830471,30.20616236615022,47.80520372242307,41.6495220873075,40.86382756155773,55.61222760015022,1.7244827502596,1
6.107391903076957,8.231119772571041,13.690150563928515,12.284776698518575,15.834793989544078,19.34177966578124,38.44324394942161,54.294624200242325,60.00700123644565,57.33619557937224,56.13531780124825,-10.967719227985912,0
4.473890016238998,7.604281055898819,15.926871089518649,28.05388192426284,22.85474709655259,34.39531834713498,40.0242776376047,40.89482156138255,58.242362339617785,46.71548724148204,56.05094267356972,-2.2590715713591667,0
4.5567213700503935,9.945219330954853,15.74570592070928,14.470118039923172,30.04834045087227,32.66708521494051,38.58517252656563,34.64913530300645,48.91902890393172,35.903761330169814,58.147241155703625,-0.7435710719200075,0
4.110122419282623,14.913995553002078,13.355697995548123,14.56623903002492,25.209079227455423,23.62371175993248,40.84271984090153,37.72654028113248,35.63298462100606,54.41497263825955,46.61650889155371,-7.09940992499639,0
3.849323581665251,11.23404147288657,14.743343005705729,16.31130375650507,22.771356906094763,36.06332866545376,36.24239122704088,48.051218811443846,36.58805105950712,55.104363222987736,40.30339433214147,0.0027250686103439,0
5.858474116228996,6.860176093394043,17.304958712833898,14.159661169682655,19.55742319873062,20.610507039915817,34.87050506511832,67.5957852119316,42.76593595058985,52.229192476177296,63.41361577864231,-8.158479360787293,1
3.039921348776284,6.804846780691001,21.48125249308908,24.17907650796688,22.47831622744712,25.45448713817488,26.85102007863969,42.082139279850246,40.01383250232532,52.12209120957864,49.93380369067671,10.28963372820484,0
6.143012950144029,6.156578307482313,11.185066128213943,18.794983589577427,28.7972533480912,24.24725705391572,41.91319727191344,47.35032360451254,41.5437155126564,44.10488138201305,58.24867127411815,5.259506097526552,0
4.013904999574781,10.482508722992067,13.561878625193351,20.06593939347639,23.6973580578209,30.49408717598332,14.53060043629214,37.211982665808286,33.57468198812576,39.41944272340834,70.28250883048844,20.0748647556472,0
4.021279609320386,8.387612903846419,20.26973265611845,17.723927903549562,22.15038412445394,15.564879297002133,42.05967484141041,32.35105354960203,54.74732324870796,43.44472801000328,39.95773310391121,-4.802474477397679,0
5.230900819130345,12.97927750124781,21.54052671934108,22.27950656890072,28.98293984228019,35.17593956135117,33.62765464521403,44.26366375462125,47.93861526591273,39.10782151649997,68.32744941476524,-4.981258857151838,1
5.466074122248514,9.412866773770276,12.968806681908449,20.71956061487787,32.91208614002464,22.165246984518618,31.42362777402056,46.9033647644932,47.458648709567946,70.08609997769639,68.79793887073255,16.79278350380045,0
4.367950900636333,8.561457170172698,12.03286393466054,21.997847611855075,32.56759250339511,39.42166757617337,31.740265338175,43.5862421508752,49.89242247609063,62.991811656656296,58.59339537486377,12.304243434465173,0
4.937436449464548,7.709559355744897,18.749960928683286,17.54011364725674,23.499211638016888,30.223232778938115,26.122548420306146,37.556539443107006,42.2381264578713,57.5109397650761,45.108945325972215,-0.7193551121322503,0
3.707354654023281,11.10335190982098,12.475466951061208,20.67649891472764,31.26466705430765,42.63835969595126,39.50329368513346,49.66449981379116,59.12895290673788,47.303500121688906,34.9106284208866,6.700690057019758,1
6.706748197907874,6.631416819637762,14.571807698570488,15.306628560743093,26.99636983594683,31.562659572830785,20.85266471954563,41.36131771156271,39.84231841166922,59.79503764825711,44.09460408519062,17.248379839725906,0
5.894500556194323,8.784888681544896,11.675327812674029,23.752988871206355,25.798067105512736,36.49892573348444,24.1563445767341,48.26938142471822,57.27108639537326,59.68563007984045,39.002638325615706,2.280209216040589,0
4.756559731630481,8.259825222405548,10.941648428583468,27.822765122865384,35.97581286975805,35.85420660782456,27.38433315326749,31.86526104235508,35.62843647927918,64.8514920928454,54.979949321834624,25.98001124518231,0
4.341572165211554,10.80881912347831,16.702133048488186,11.278411665526734,22.675662883295864,27.78425474188152,29.97315164917191,40.02132146268952,31.476077702297594,34.71937402222636,61.0335908100689,7.124930075371478,1
6.931248450945681,8.369677083481738,11.48026264711333,21.08193531137404,18.27964752750195,31.741983761044533,35.43424906828827,42.03728156258935,50.61312507038409,50.530926368586925,55.76739800364369,-4.803240127673863,0
6.038141751074503,6.504588680653152,13.416174250237678,20.32627279645855,29.77473746642371,31.591741398713392,36.812909953993305,45.39709398111211,60.26311801857222,60.57231342822925,50.596183535910605,2.150340341928057,0
4.818358126295036,8.873483568004085,18.22965068343752,20.17766602719418,23.434278998825302,30.38319550577161,36.40272596615453,24.739742274555137,71.96411163209595,56.80089664324306,39.83855243808118,-9.165177428082934,0
7.068297363606543,6.822039025763369,14.872708888740863,14.27371613561981,24.78938610539853,26.52401550943425,33.109131710536985,47.1663780250098,54.49814526091334,49.22798331969083,44.759780561918745,4.897761294474249,0
5.80430129849677,5.9174308745371285,12.088141001142542,24.13831192229543,33.988083101404285,23.287703739581552,34.778027406370015,45.92526315708884,50.236423299759,30.61967714136384,53.63446883765512,6.021057463970869,1
4.318033733051655,14.068447057529465,8.22512147251187,25.991178163608545,23.30563271038777,25.45527241888462,35.984493707733336,43.32617982078708,47.774631490146,54.79973641668036,48.09424403256121,-4.426607761450311,0
3.347523573969341,8.047959846460834,8.434870841065177,23.625360335052868,25.65827770906516,33.86152659277391,36.291582062442565,40.93961207711045,34.77810938078434,48.78435731042714,51.546895994292605,-4.421879080133989,0
5.242042115261222,8.959506844246336,18.46421303755125,21.74585097132047,29.763891993321444,22.74224371245636,34.83471972076064,34.933857429695,49.85377637574656,57.8834246574086,59.60324711459773,5.0607853912705245,0
5.236148880808979,9.09000182601743,12.43422449144188,16.08606817302274,19.2778626322042,47.92491709973923,44.27113161943888,34.238315677964806,48.85609936390372,51.5659329271566,51.32658104710554,-19.62164730397873,0
4.830508174825741,8.982231413807986,11.260184570774223,18.04218490304091,27.27319322819959,34.86170499979536,28.89382423334895,41.00560405910146,37.9148959165343,52.68191982058309,55.29947250637314,0.1490736908172305,0
3.96913908041391,7.780047510062209,10.427282326699387,18.58737720965498,21.581408680689023,27.2691276626971,20.123258529635663,40.64576130577914,64.27317209861485,40.87847196615448,55.3450150752772,13.828432773314027,0
4.130187604913285,10.03796948591465,17.50635485464728,26.97714385995918,37.81593542665293,29.695926440937377,39.01130383503492,20.82711498554391,44.18573498981532,55.16986192671229,55.54017113464396,10.043101665978256,0
5.730903900154664,10.52448102477517,21.54052690596634,22.34862583401185,19.13337381210617,29.812343988695872,39.240723490770606,33.7640790279438,29.493526734952628,52.17152024114876,44.89728828959963,-5.201824589126183,0
4.251229298201222,10.952235056949576,16.604190075184505,15.404383591533575,28.10413646954829,39.455849967278056,43.23888572062701,57.3391597723934,44.55684467530914,54.89330309468363,60.00240772884544,-2.6926573840337777,1
5.368431217812184,8.440279316558566,14.50383583713494,24.62336139384712,30.372514484729656,23.46117587180296,32.431419315121715,43.04712283697424,44.78755699021276,39.26010577636579,42.19743087145375,-2.0403322893919604,0
6.003663210045597,10.369994435210272,14.220678788165724,17.942873497473315,25.61701023221064,33.68868633079019,40.87412584051753,55.08736137864569,43.79658933719747,53.91980377675893,45.59458532322771,-4.4488111632635325,0
3.645871260815092,11.570964965705825,13.894434550098564,25.04671113290388,24.15190017278068,36.86910462829147,35.811881486024184,52.08363576326164,43.20923215053968,57.208678284692006,62.79423947239694,0.7961561755098057,0
4.696697482102143,9.682962490786378,18.232367859892573,23.983251119685363,35.47520724359717,17.501429160153045,25.486737131125487,45.27402194684239,35.65277485649014,83.33702992610137,71.04292717044271,18.59890324288425,0
5.132751636502467,9.62870608715097,18.365286814347087,16.900946849308124,21.49749630923941,39.01753505744413,38.49996722194607,32.98048415404401,51.46994763858359,61.8184989788667,75.17691835404554,-14.217361223916294,0
4.3586817202426165,10.578656269892264,20.67604980787463,20.2405444398564,21.45940023832796,37.18574481938507,31.63580407461321,46.54626284539309,45.89985723730115,57.845884025669264,55.82207449308189,-6.689115038838427,0
4.274141845664468,7.815796561340118,14.96765953817941,20.828561991393936,35.85799929287711,19.726402664234257,37.91724534959192,55.71357014608638,44.61503899509327,48.799891997828425,47.05973135243539,14.271691148289372,0
3.5102643905231163,4.821376437792074,14.188196872596206,20.43428819089484,25.082937063438244,34.35574348773349,39.2488456124905,23.159209949608503,40.50731159507545,59.4455692138198,46.596649533087536,-10.740472053270814,0
3.7989325810300407,7.197092337457639,17.089032343003353,23.16028484354509,23.15439883774497,38.60714066082935,33.89751367291,39.706874096488185,43.836871235018535,41.12719834623713,52.65206123207541,0.6787193438685795,0
4.020150537351842,9.56889076176952,14.566739848907735,16.168083499273397,18.78994043621113,36.30052471861648,52.64900081426554,29.929525902859925,41.021821135039936,57.36441509852195,53.6728782629864,-26.69231702173131,0
4.608104760325546,9.67611736665508,14.540762223391535,20.707897205173136,18.42435252977436,36.87287715408743,34.82712734793671,35.51455824692029,70.6976029811661,49.12659620342336,43.937948171976,-6.182391488624607,0
4.11874598479857,10.712441278748056,11.71302873964476,22.21880096155889,18.13943710880544,20.783559159539443,30.480571478963395,42.25522910590877,48.162431153737295,52.51237400862678,55.56509016392501,-2.297253108851555,0
5.306327529021228,10.808009654985511,14.231573580964955,20.66528587788964,21.50605875131389,32.220038616074255,41.85490769363318,30.902871802683,42.44517776629534,51.55846769214678,43.91351434187702,-6.721138543630629,0
5.912013394404836,6.798218904394335,14.068085881608082,15.737059890231391,28.352121879379133,22.76275243244974,33.71977933633134,38.08572997472107,53.97599190746456,52.48351595670767,21.909194990815905,6.716711023448803,0
4.977044256197674,10.396449716150302,16.50719429445527,21.816400305838503,28.13429182774636,36.17326750603179,41.23019800134819,33.5352254362441,48.04086244967329,45.95934694903295,46.93440470845502,-4.93654495652467,0
5.232499630506704,10.920808841600312,9.817343886709285,17.23891042709849,21.708591246053373,37.145963257988704,29.545827377939588,48.83272078593897,42.37843568188957,54.570194271696224,57.515590564345096,2.008376544771284,0
5.9785595310511495,10.65714086550804,15.249061983428922,17.612328542577124,29.084029133467364,19.45542691828117,37.00688379242353,47.039740219912375,36.3150344347469,33.276545171818654,47.49444952350214,5.866787603359109,1
5.405864874808293,7.940932453563741,14.992084876906135,15.768293617249522,25.04523848069911,27.74981026512313,27.864335994967107,23.346934271880112,54.96958168162263,56.57985899773398,64.24880823237625,11.979893529598918,0
6.200077269730207,9.90117283435912,9.38999243097875,12.819107070294528,15.714303781463505,31.72587534976536,30.46476705677444,34.1952720628759,45.26600968642015,52.13848101079494,68.60429324569839,-9.300641189193849,0
5.125896313838886,7.241153375085107,16.81901430492395,20.24371623061685,16.72610815358516,27.704247893823705,29.589368422639005,42.40185877078592,37.49921603183535,61.55853762732005,37.70617374605179,7.877635471543506,0
4.413543307922527,9.941069074490278,17.102393637757473,17.832075585738213,36.905184528667135,35.9566706594385,41.69697718463101,36.3905047278849,46.9217145754614,52.9524381824689,43.987958600760464,5.584439762127623,0
4.069052141899956,11.83290214351424,15.809804491747764,22.74855623613724,21.667256731729047,38.18823828702852,39.24044226703486,37.47086877298555,42.13768796380772,55.23210899982249,60.05583299329955,-4.040875945444531,0
4.862558667186501,11.595352987915168,11.163967312435146,20.03004054323344,28.83045528773791,22.67925671846776,28.75475615027605,51.715553319696376,45.091184275661085,37.20349835252874,48.18351964269696,14.193331997929851,1
5.0033186363162,12.108042121880375,15.93603254179461,25.93040158536503,30.76135261814661,28.221212543329063,44.3386801965497,48.20736352629654,36.61042212251883,54.47370691524148,62.635110331663626,5.325263122866429,0
5.6819029316402725,10.845449760479436,10.988427247296435,17.071067799385386,20.405080187333688,23.84762549973524,39.39123627190347,34.103661480989324,39.33917394823852,47.51026541960497,75.52949216254976,-2.805293937827395,0
4.828724145379503,9.095667043914991,15.504270031804774,15.042850913481516,25.406193936113485,37.81988308789979,28.78014527054058,37.09146587569214,55.01071223833571,45.33752908439404,45.602621765551774,10.198742632825493,0
5.8689719143568215,10.574483000098883,14.838394114216303,14.501306034631222,27.159560539969856,42.17387011409264,38.91576795097552,30.54742930102401,32.32277475022291,41.92522674862947,59.89396869688803,-0.3588737865097863,0
4.010368020781745,7.39866749585558,19.636897749649,11.679628172914605,33.13051497356001,27.1903459285498,34.35575285983879,34.771919124522014,47.43585035721035,52.66318172920799,29.55202336153689,3.18200046995773,0
5.666557244678642,12.02605964125372,15.22915956447772,19.129948018945207,27.93902871097921,27.577439558165764,44.163795316370056,45.14186626000726,41.38700354377985,54.350082566640246,50.80939317172352,1.2071045618639946,0
4.624299276285231,9.137260738627656,16.922826262470274,19.515171767960567,19.20497643917745,36.13987248494471,25.324588809581265,44.29009936999648,46.80499745957241,54.60111039623351,48.09616297361896,-6.000621053718444,0
4.223463479179077,12.00736765050648,12.899516581282551,25.03299811497921,28.62666047374246,27.562503644185696,34.83578160189317,46.663327795183285,40.28828894755373,36.33083559138148,60.32770557745023,0.6769357669512814,1
4.392807038658095,8.215413816754602,11.377504063771848,18.92655342302644,39.57208905026775,28.50754445889573,29.21672573182399,34.752736849670896,40.67474224730301,50.1415209775493,40.18817252444877,15.52574171053192,0
6.562761104227809,10.07426035101024,15.517060400321812,27.214183803667,20.217938259735515,42.13760465478122,38.46495053151875,34.49265609617322,42.12777478955593,53.84220796851219,50.37980654977965,-11.022627067744349,0
7.073767703039247,10.799300787270278,13.870082150854705,17.203472271982083,23.68019528031231,37.33656629052437,38.93951624828276,44.64697328452473,42.88834120302151,33.533231456070666,54.90149942007639,-0.2540888547153752,1
4.899548525923139,13.815315917151008,16.71376799883788,26.133480849836907,28.708900380868748,25.49143636513629,40.89629994944688,18.77136771949777,53.80338051803192,52.55124477953934,59.50589732163396,-7.504358058512276,0
4.543796260247912,9.527437441248152,10.832125213875084,19.39648012831672,24.00852231207798,34.26573747275383,25.24954069256832,32.19112690205345,53.19818495395775,46.50856057311415,67.73787179863609,7.356428309304939,0
6.330228733171429,10.90281191075577,13.720929948184024,13.14305122469423,23.55416423255462,34.276170373487865,45.63930085555758,42.72154670390035,29.942395007171783,34.12523049073447,58.1986116090628,-13.834615345557683,1
2.7176312776485934,6.789957145420119,9.950168340502367,25.913153585196664,18.83023544206088,25.39523438623867,41.20715214479639,33.69194695566095,44.6683241748482,70.20991499295751,46.50836023979844,-20.48352497535129,0
3.860911408482048,6.692885769941233,15.562250681709797,16.675685045800737,25.41383452582421,46.05603068612388,30.39147693083041,37.51636155023957,39.73688490559488,37.779330579469416,33.719281140521616,2.9509585667022686,0
5.290758871315468,6.622870090469046,18.59949362105008,16.575803309710835,26.9687339272899,32.51199649765925,39.6702925359663,49.38843517220969,41.91305668554836,60.32899284021882,61.36447245739163,-0.3713775878927354,0
4.442052550179756,7.905625362491315,18.33413658176268,19.0644260494298,27.15123497622024,30.26496378649841,36.94998447297876,32.99418964640875,46.51288594808084,52.73878608370664,52.38943986424568,0.2660045253170503,0
4.519071825061048,9.635601491554564,14.365371574815253,19.19308008535188,24.49087340045714,28.085037797857066,52.212364802232855,36.273934675174,47.6212389133059,55.20144875673286,80.96723106431935,-17.144910095047287,0
5.640929611697724,9.352846995384573,18.655323788344987,12.54257387980374,16.272889643022012,25.76701559835106,34.71764425187214,52.37418745922435,40.1837958827218,54.082017714277534,54.485983355681554,-13.823567495559589,0
3.61542560381696,16.36597293176939,19.148578448716144,25.49192428529293,26.36067065728152,41.1239523257664,32.59031352731714,50.327623249834645,43.42373271299172,39.784145482119406,54.024806155225406,-2.3957378641693623,1
4.800471088666215,12.520931507356297,18.682221566126632,16.858401128906518,33.03208089731216,33.05540322558886,27.37587147962988,24.858041008538407,46.17827404114057,31.8313974416858,55.23408471766581,8.580409746083955,0
5.458162003235032,11.107189431862093,12.92518101906592,11.972105864476813,23.679901420334296,36.3564325288644,20.19421956848328,34.55485000324647,28.051792064195084,68.41250310658702,53.90003131439289,9.271879372017322,0
4.452886986732906,9.570713685940394,18.30987226960632,19.281309011080527,36.8528675446127,43.10983254759017,31.35306161461803,34.191146353066046,47.00546475733849,44.82206995836616,78.22024370792889,22.938966645111208,0
4.141195512875357,8.634782458193804,11.643415476699213,20.876947329615582,19.22663675965364,23.177463911209696,48.20716476522183,27.387455961201034,41.64292039734772,46.59223037931612,56.13021218512201,-13.309767793652302,0
6.817512731161578,10.606952249586744,13.587681651470657,13.35623433894306,31.348473101051432,14.515101797363071,44.582493944008064,45.17692278580344,43.74723372709452,44.58615143691049,60.94592900710463,0.7072970191817948,0
4.9239032371060505,12.805751511219258,16.669367250375817,21.515925794656862,28.58581523907636,32.29479294520769,38.11214150071629,36.96090858077345,45.15451415428619,56.11057276183426,46.32999394447954,5.454996197412161,0
5.216042950537728,9.624991066688583,20.589842892660087,15.140943591168602,34.30258989704848,27.598711837181103,31.472879413213217,47.53389996589724,32.21921012959385,32.17200774530965,61.01868937417248,11.476502526112576,1
5.205040608909196,11.15133112099754,15.040692096010332,17.41262905172512,29.40368960798324,26.531790025360884,33.330585175419515,27.95377340235027,52.27328475749478,47.47896060951681,66.52701062133993,9.112868284932174,0
5.203160124485703,10.70598113076772,17.833792740575337,20.834978466336004,26.35845660812248,28.871850356808554,38.943224178068114,29.809524808765623,37.88699618905365,50.33132000964797,70.4667037442533,-2.065965987758598,0
6.164115021981898,10.301393143214224,13.615429420339826,17.950464762693517,23.84237462386492,46.70933708477486,35.13706171333899,32.760885799215934,51.58918977879601,52.33479488385451,30.57255564665847,2.498734282731394,0
5.491320333708782,11.272344146158384,9.350296289070023,15.951055874359506,25.80717787822724,27.565921548009875,33.76211052538959,29.768732504805705,44.01538284945528,27.296652448727738,47.23867685564117,-7.111230731626801,1
5.551050445320722,15.998915604116233,12.808934273648749,21.204896271530583,27.1899442166085,29.43234090183034,43.82716545818074,46.74173093518502,46.47689050405467,51.18866058676523,81.47045245100662,-7.394033606587439,0
6.875464802253031,9.739307604082011,19.822670325662862,13.875902475464049,27.253176792588032,28.42438733481005,38.50799967343004,28.833315242571363,39.4086251641633,37.25110236666334,64.11332050714856,-3.8796318111977626,0
6.025267403924379,10.084707538048518,13.166728022013586,19.36766442757723,27.4490076560299,38.140500554236,31.5846796319205,31.06427889372412,47.95782827276902,43.22304586636477,49.07902750632756,-3.336561677030403,0
3.7575839145171663,7.732909830446117,18.129143561371208,23.40910536331397,17.264154378980017,38.55262789883851,52.01488784768236,36.60272026200711,32.64501443914112,61.731144367874165,51.40761265981021,-27.340197273078523,0
4.1526260668823936,12.823692904114427,17.097321320752798,14.30756004028202,22.57080545344304,35.35602251531752,44.50661249266839,35.98021553907062,48.97561186654293,43.67798088076213,73.68480918864488,-9.87056615789714,0
3.4728871379564747,6.984599772515505,17.598380358563464,20.54665633123571,18.12295966361308,17.90396459645162,30.588039362661725,28.97719604510354,47.5835858034224,34.51980612746248,49.68072647287449,-8.19242787046285,0
5.073934683083792,7.95338079955893,16.21759695655259,16.676884318230567,29.06521822974816,36.78730867619405,34.96893579350338,39.52300990806921,45.11946378381781,64.50060909398908,39.23789957886223,-0.7380204406262969,0
3.6369306691062793,10.926979492298678,17.815472107724084,22.791927811042274,18.534219310404527,26.91969876501702,38.82217457130344,44.16678047678756,44.745038204487486,44.84751500078209,71.41241769224035,-4.794123549132488,0
5.846605410783476,11.476240105053868,20.07906371206596,20.961375176685365,17.520980773117927,26.894916883849746,27.70676673692294,49.46756291410867,47.88380114940351,47.76873835044496,43.18290381795261,-13.063273738196674,0
5.368037315288082,9.260140553430007,17.065490697801742,20.602073815854112,18.108067796277588,25.07230155002584,39.94390268101404,41.768891052432416,56.59780115331841,54.984334836180345,64.90120251932458,-13.538292567404076,0
5.1129507434300905,5.075048922165185,20.762610746818527,25.916633058347788,8.027083930897405,18.400794866862945,41.76901153978525,31.104671372961366,32.032629752088866,37.44667460714399,48.41992966725881,-30.06903681036396,0
6.685037957875462,9.07821909655003,18.892405041313427,20.051236748148177,25.27714956171907,32.159413748908335,31.70416760803352,45.07051860056356,55.10265522411862,58.90494953126884,37.41929034737187,-3.1151971620389745,0
4.574757298305668,9.184038194435225,17.594340059179213,12.816374259468072,23.324585758209786,34.32770181974378,22.868515775383123,43.91756579899911,42.91046141260424,66.58257361220637,56.56052745132611,6.773337666993344,0
5.430980126676367,11.34100382273556,15.93104881523162,24.47821789412265,24.423042896670832,27.508450777226223,43.42921434138835,30.49651529839752,37.64109989013163,50.36003041618738,69.63410640059391,-12.03285714602368,0
4.30408392725774,9.338839035731963,13.19804544326393,24.594180744728263,17.4838894912604,26.036090045032253,32.08473200966681,44.125699507078615,45.6753216721586,61.24468577303722,58.55384138840057,2.1298532886143846,0
4.311025439889157,8.743648488599106,3.170542871654538,22.49790335926694,24.952420529306856,18.12654505779232,33.48732327580506,39.90152142365073,46.50275476361677,45.49902864929317,58.463404832322766,9.972250059398808,0
5.756656110159701,11.64980411950396,15.445192476569693,17.66186973664551,23.100804846103795,39.9855410530459,49.43593578433966,24.62560380134968,36.8015247627205,60.69097243356341,56.97025342085631,-15.344448638087323,0
5.390224181096359,9.631227938868696,10.952224782482515,21.830632276783223,31.704773915658624,32.04269495997187,33.585630399565666,56.69257704301505,51.14094042614101,41.53665788257194,49.2439437712542,11.429335922790573,1
4.267582288212324,9.185521342697726,16.801935616444673,23.07566330222427,23.20001530472189,34.887613471492266,26.700407372693903,37.98178288617819,42.96694379213315,34.533685229273416,52.018871558598136,12.43331106383061,0
3.5545352549400206,11.736729054317257,15.35127130704329,20.786824172131563,23.81505978394348,28.220739626453,50.29281724103434,38.76573275314132,38.0090255250656,61.24748008595639,50.19093456176829,-21.428329616328043,0
4.238952958555306,6.732403534376035,18.774519812368133,21.208236883134127,17.94282692905609,31.150193299672136,39.17518611633188,17.723156226585637,25.64503335334048,38.54120918712093,39.81147669349765,-8.345864705938073,0
5.6586795980738245,9.258618280616725,12.611961415045476,21.28417301520721,25.72005808386988,15.90078380328454,20.981653354082145,30.99345006501704,49.90077890153036,41.34429872677672,36.64852487476384,10.52068881944036,0
4.838845044372146,6.039554240569847,13.418681984338354,24.62269478594001,22.743170293445893,27.84616858411041,33.27999373569788,33.725998113522685,35.89280225798203,46.754952128783465,47.19743946301328,-1.747562875002776,0
5.289119546451033,5.698494587178252,19.01284112444808,23.855806067428407,30.23187724764773,25.509526664876496,25.81398737750012,35.556778622028844,36.9716556746592,57.2558145398521,53.43754504054106,4.7551981375002015,0
5.741462677840012,13.99911145976047,19.030776699946426,20.265337169975297,25.561072490609693,29.714357825849817,30.05659363919703,36.468745314268126,46.19019318892375,49.97420470486909,49.183810015216345,1.5839202629718847,0
4.744993477887542,11.413168247974024,10.569655875158965,26.585365731476934,20.77785774211124,34.86492800067914,34.311604097916835,51.473092800091344,47.01687086787966,30.461795938978355,58.30479454897069,-7.183526489974035,1
5.053361787806957,10.017283652740614,16.01282569368146,23.5005621543336,18.207293256535426,34.40499155723565,44.88199246716433,47.16966652974667,40.361250047833245,35.38991499685565,45.14627577158035,-17.245055118219263,1
6.30944957837646,8.230480636726059,15.609062705271608,16.825048012497508,26.961538607988405,27.84902501040468,32.63590486637868,35.73537083303472,47.18924419983402,47.58144944724013,67.40957593876475,2.830438251016784,0
6.406081621478687,8.031523327080716,19.01930892718418,22.68890507384252,26.455729782503365,28.96088809090205,43.98437998764834,33.31953515180535,49.82321898768153,40.10581702411682,62.42001004818858,-8.260970865725541,0
5.5613758219170615,11.778001989710411,12.902194288737151,19.306971240297443,14.254456753819786,30.87662080167702,49.525850998193626,44.55387908012446,42.76120185688932,64.69701294014651,62.729447226466405,-26.82087989359537,0
5.952211201861708,10.69311924291314,14.894635824515728,21.67580527807024,16.28388857610768,26.61518106120709,41.004744648914304,44.598249205139474,41.71389285189037,38.91222226043982,48.075491694809614,-15.834149441694755,1
5.930711533263251,10.47059741056443,18.250286963801937,21.64742178236067,18.63487300748005,20.821423241617783,38.965365547491686,29.50315947736531,39.16290108739776,42.5937320961128,52.43716429094063,-18.210698651647714,0
7.775744418973073,9.890835455684694,14.72594989492705,12.514097586108145,25.856165309008645,22.32282287662317,36.4571530260802,29.92443493172287,52.78686280394699,60.46119410607817,49.49792291898517,0.98726295317754,0
4.854044611193954,8.12730839336645,18.00906886129027,24.354837523162445,29.097584089158765,33.27615915769795,43.430938547560615,39.50621639603204,35.61964879372676,29.728980166275697,58.10224822583477,-0.4144210757687507,1
5.110416677207767,12.302451284723832,14.888252277030931,18.32733151138292,21.45950848526987,33.256545605561804,45.14285913830194,27.91629652475956,34.71340090439069,51.40984402096248,67.72041045003122,-8.033522837393003,0
5.402378759728316,7.358634993053744,14.995628441038573,24.857781041404422,24.172961052040183,26.887560341565063,32.821526215508875,35.07818735689315,49.88700888642907,36.68853764488704,63.37239393076438,3.289305446570271,0
3.748883315380218,9.226005007988528,16.384750443454863,26.598931253572065,26.982634392484805,29.071500290383867,39.51159351618462,54.73992523272059,48.35098469008466,28.655493119916024,66.84883438483352,-6.273873455464366,1
4.501389590002143,10.755988702523796,16.33292374078652,24.788133052056214,25.4445144379889,33.236539462651066,34.32557914734931,41.66897043763643,54.46058235306416,70.32087764177825,79.41578978862434,1.7102198799436372,0
4.601428996789311,7.731825038981292,19.808101090398388,23.954555496748814,27.04182863054935,27.87868695202725,32.12175399821447,44.795441386602654,49.50364029383941,37.72883739984919,41.47334829073569,4.512000643802988,1
6.479639955949837,11.068862763982542,16.817099354221035,19.295003353573893,29.8630603797955,24.572649179484834,27.130289032508124,27.49911967007545,44.79922094605412,61.6548886201096,63.74152977700893,10.057092492607364,0
5.059665505697513,11.643155591980182,13.21115382419319,17.744767589861134,30.67595803398272,32.06991286185895,31.719673458013776,42.29734672117568,49.97107684422329,57.88904198267185,41.64373241904778,5.708873481029039,0
4.753635546791799,11.384971046878626,15.365143247359146,23.38693076978048,26.0419979957337,32.54928961369123,39.96535650210295,39.5521860839195,56.85681516326925,52.68121483806942,40.68753706909705,-9.492791366784678,0
4.822575719463966,11.39340407532817,15.502187638019947,17.85407397291302,18.28634997230033,28.939326924830084,31.78929639535945,41.85181622470231,32.59867136975474,61.0423606583834,60.72368594671487,0.08820509480371,0
3.830452233003097,12.214671540685949,16.38448808672341,24.98744037043944,32.234957245079514,25.40687815712744,39.513305238256265,37.71113068638774,45.29496178662767,54.91767259360321,68.81827456355082,1.2476497818656953,0
8.323102334801355,6.807358654373296,17.286356999926813,20.142972004032167,31.462303443807627,37.93076555482824,43.79689929227988,49.280472141254535,36.5533546830609,47.850294304758265,32.28311719544295,10.490169184384932,0
3.6911511226957714,5.259986872579025,7.459354960959457,19.96417888858221,27.738392839676266,37.5375469725602,43.37356573113422,45.51145372866775,55.86931077588849,47.5083308757351,55.99726886209099,-19.85169306712475,0
6.287583625507143,9.627938618321192,14.86580401274444,23.894153719726138,25.38263503765296,32.728001385368245,41.57402915998666,57.34255037287917,56.33302514202733,56.056547969767735,64.61465709508309,-6.066985971986389,0
5.131591936993046,10.32562368777797,5.597728556544578,24.33766737815418,30.271754302109724,34.6340174021518,29.6200580998011,45.48308540529237,37.90083538517474,58.2511697889348,52.02557788508148,14.699625528086589,0
5.86081561146201,9.829130677028374,12.135594497758063,23.856274826430035,25.832361140719893,26.38381341882905,27.27557005099623,40.04149900712133,42.85111596274491,43.07019278566528,47.72322564544388,8.799156624485327,0
4.48310357419958,11.83595626291878,12.606381761114124,24.563589887223905,17.853158411202394,28.44325197180335,35.611592951829344,39.12350612559587,37.92846353630711,49.05968246504387,44.47645675660227,-6.618965867124211,0
4.1132526007889,11.407277695084645,17.746685675872815,20.91061068005617,20.371701574771908,20.348547392861235,41.50964927868489,43.52778856467102,48.33674039861393,41.41652269046174,51.97723691754315,-16.06508744207133,0
4.557739723669075,11.766839199644622,10.25252597044776,25.94414283099476,26.129827693190016,30.378605629688742,31.670264873875983,47.64551721302414,44.34690760112983,50.623099919234,47.3221555767968,7.395198981378009,0
4.242790877626466,10.849495021688409,17.105637748515257,20.078940534692705,18.53316303487064,32.9519312809441,30.86817151423272,29.71794053266484,24.71951633634528,39.260103006671166,51.90435819367645,-10.59252159925666,0
5.5985899671067605,7.979666617330675,19.029032276130607,20.76606854923487,27.03517534967492,31.4954123239752,29.769895931578304,47.36605833301323,59.01622518211829,63.35509567060452,44.59896813856757,10.741549288943766,0
5.397118014319711,9.686921488285,18.846454830092224,25.581264615296647,16.91118229359742,37.50149188957398,27.180117271550497,36.25646202114681,56.32339556697642,43.211181340381565,66.26910666397754,-9.933434324893522,0
4.065265055534471,8.86836992181823,14.57919767337923,28.44273857605434,27.297592791583025,28.28238583300732,39.104273193254,32.82049193013167,35.283194578072404,57.11645261701221,47.64197877379729,0.1780471323184593,0
4.663889689197604,5.448869068409802,13.777014773547618,23.476839758480143,23.12902825206616,41.58807510251501,23.20123346290077,32.75000644196111,41.569157371822726,60.14513152883247,59.81280872122734,-4.873600150797715,0
4.366267077888715,8.882783711861764,16.102939267794575,22.02597368685937,21.67046836306252,36.830801293694506,35.3458117703453,39.70297061521254,40.25539763299911,45.22532867427292,59.4567691974821,2.641119420006162,0
5.350335760091075,10.218342990384086,18.144386673423384,20.102486047659664,25.2322738530362,21.829999017897325,64.34513984073112,40.86401293553144,40.586512086252064,50.60738149673159,58.74622518635441,-19.81241755485973,0
4.379054745509602,7.958614084361207,10.678487636080575,26.25079156417943,20.75802326307088,27.942217647671225,32.57218292218341,39.53266322636341,53.454244234814446,44.27907679415429,71.91716864946136,0.3665245994664055,0
5.159400041506551,10.16051991061032,11.830977643393435,16.135476760939813,33.61479512272703,48.45192519472376,29.353527952995364,39.98679390392828,50.09810494993183,50.045677683309016,62.69499551025821,12.947571245339065,0
5.848944380267184,7.772655477278029,17.576013608273687,11.431210408666235,29.92427184970593,18.610446040617767,33.75964411423264,17.289334881170948,27.30536865456452,56.16595625990707,51.48311511445999,1.8048241132355427,0
4.918830328992892,10.333273271168986,16.415103328461512,27.01064118671517,26.703029392807647,25.50214955850725,32.01681348986401,45.02821308451541,50.41959287109745,51.27703809876586,66.14714041441941,-3.011890388990971,0
5.841476248752374,8.094203089188042,16.13175045804511,17.952172305415846,24.7499728813544,34.53912974989217,33.031702300723545,37.322438189958966,34.212704622033435,43.18835397446488,39.36462416683592,-3.6838705034043553,0
4.863698052234387,16.054454275246297,16.703512165029807,18.99861418916616,28.16951663788331,19.313571282309766,30.815274052627167,30.591174421058213,54.376193442996346,42.93995406106798,32.03191947818847,10.797752129691505,0
5.669750833098973,11.710499570656856,11.843984057729664,12.992036267770892,24.57559605172841,26.80462687809478,32.652029460337694,32.442999421231406,31.04393409999656,37.32716870974114,80.20263075495788,3.428749529490044,0
4.841363562782195,10.630781830518606,15.356184708373238,24.085323646119456,22.24049244786024,27.67347552895644,43.25760789183814,34.12686924831074,25.158911797925253,45.65618145850991,49.27229448212116,-7.658517208884092,0
4.727718272514675,8.617221008392287,14.869766704301528,23.02726356907869,23.250112713051568,36.899486481378936,39.48332638240345,46.434563539335805,54.63833138318656,51.88160035770988,34.24577273900168,-1.009945909067369,0
4.572706123520135,11.94670419277815,14.859440518164329,15.506263940223086,15.67982117782755,36.125007967442414,23.28957737598316,24.08725406465233,45.05672535955674,39.867795575728685,49.22123149993838,-9.00529515975662,0
5.10912646506719,10.533602673141818,14.93579746388516,21.44156680801204,22.18657834935404,18.61639473522225,37.3045798483781,29.673182299152355,44.13349957223232,56.68064604741308,54.8279854743802,0.3263592595097622,0
4.4195533433059,8.422548042632632,12.605349117692851,21.08745974691716,21.609344206313963,30.993777171724627,35.046150403989174,43.10001348174062,54.62839054595863,59.529237446979565,61.26160233870264,-13.385033421457011,0
5.179124493281844,11.660811234984504,15.784456759890842,21.428731385427817,18.291404758209776,40.45639950438947,46.46838367270392,52.26275849876927,50.70231412209949,42.25121974909669,50.52159701975087,-18.611775879269214,1
3.952094484054773,8.657659717698177,19.72328566171963,14.819469144881342,10.998593522237885,29.6042735461746,43.35263038898058,39.23269241325551,48.01030351279107,48.76341820167976,68.5072217498008,-26.82921622036636,0
5.018255280070133,10.294114593806926,15.162876779826856,24.33762605385485,19.85735435683238,30.19745356806828,29.703542575694307,39.645842320257486,46.11325573166252,55.63887676971381,25.58498883862044,-3.6885012244464304,0
5.051614827538757,12.320701013076922,15.177290965150096,23.282580852761026,19.821051475998512,28.082502848807003,44.61993796088557,38.880522178620666,60.54452104130618,50.39047326880385,49.4770963296321,-18.87525595433808,0
4.880463296718999,11.935992385546694,7.6813469169032516,23.816905022316725,26.90627712899241,31.059946790361444,46.1606643080797,38.1218937848425,53.32797035265519,82.66015391497098,59.01114288396363,0.3120882636745561,0
5.585091268466216,10.66220425004122,10.27870025711466,17.079283581968618,19.28333908705297,32.398473140322906,47.9236487905269,32.88356376420258,54.99580051142438,49.99884448164029,56.29255484776632,-14.094899015902266,0
5.453009321682529,12.347290944975937,14.42993960165232,25.428963010550927,17.378845195314923,32.596296999232926,35.10216265576095,48.23423907759156,45.20197863301378,35.04023616576039,31.259665099491063,-6.87704722748955,1
4.554737332592868,11.72178089389347,16.05292307892961,14.222652407327274,23.59747249872924,17.46069067631634,33.20860900523411,43.08303835590404,43.95336215983899,40.14029598439042,39.67271495192658,-7.400438519824164,0
3.4498687567237525,8.134896957657507,11.105249033046524,24.091613630741115,18.38813170953456,31.67145087658584,28.53333898647245,49.24506753618057,35.93135035345392,68.3298895933786,40.79176936620073,-3.5950643089036944,0
4.722221889698984,13.26573448532767,19.374459689963416,15.231586011156914,28.03276677366968,27.47155525989301,22.40105645107198,46.82685422676497,38.48710084930529,53.175735163197885,65.21996506730405,10.162838891444135,0
6.901327432593967,7.546206828558523,16.169060050505465,20.53796283521376,20.393406781108588,26.162169829806185,34.85897818071829,52.2055062765924,49.658488432513884,44.48909686501567,53.218177965433554,-1.6356196951732258,0
5.0849121346733765,8.40925617014577,21.22648390223648,20.308981778445947,29.89466561780153,28.185158778495847,28.32382655560344,20.89033582249571,43.521086280241626,39.16250436373944,54.787682314834974,9.047298085589237,0
4.81686010821732,6.914864929693572,12.513280599015037,18.87212722978849,37.19557621939364,35.92800576915843,30.085810169729577,43.47466930268415,43.09996645674254,51.69463042686834,50.992368621996285,24.10379799740316,0
5.840213668272311,7.615498181341572,10.500463124542293,21.945180921885463,28.936411191280428,33.2036795537852,17.77550138120034,46.24832726500671,36.63142194836072,35.411187280187434,56.42711195047897,22.296083093883983,1
5.543758392545925,10.4675350978246,19.33174950677788,20.968835282512423,33.74761734366335,31.13862333448651,39.375091044100685,30.49162118089763,58.28335148405884,50.50626813615293,74.7615761710588,-2.6357932544697675,0
4.0375809479363465,8.200068882670546,15.022859127476936,11.744422208363837,19.674136091259108,29.885378073327463,34.358576985663944,27.1877717645715,41.326560231702686,54.89114171068552,46.21346436755117,-5.32915023716828,0
2.8144362373139384,10.456615780637652,15.222738045772328,11.56942413369124,30.717043960565327,34.2408472458191,27.8785107974023,39.00887863724435,43.78260494774077,65.00209416986534,58.19881182217073,4.997843144801893,0
5.119328155201964,9.247528411513324,15.19391603493602,10.1191155641849,30.39453672879013,29.30678880794673,38.36674246261533,47.07128462789734,58.26893488212782,75.68820509914607,43.37389767698676,11.09304277708989,0
5.775590589725691,5.409111117520559,17.106934112137264,15.61276167200664,20.673078072446256,35.27495680555705,34.213043182257,47.12106452161457,43.87344446543259,32.43432246882149,56.72010832594361,-5.1003192734014,1
6.2640570166067775,10.848858226078422,3.126000919977665,21.16697300352068,29.24931523903848,30.28315507166681,36.20882013478917,27.35264663509633,50.36873689337387,46.04694304129517,67.26813004150658,8.814091262207924,0
5.990088862589839,10.779531494968236,14.30850642375196,18.042847367790493,25.22087906793229,22.965867394291497,38.793922429895616,41.49946407579205,38.39663999786161,54.00226812514511,58.57972202588218,6.982259012658656,0
4.21671924954901,8.145806092565058,17.300282350860584,27.64399313819013,24.29627994162809,27.574623329877245,17.70338048479739,33.32531020860781,26.980098941031777,75.74467739388388,63.66811646968172,11.764769546405772,0
3.683534662787312,14.60035313392009,19.024028376702,13.315975310605031,32.598302441247114,28.350846255701367,35.17781240131392,36.447421430095424,62.822286620670326,57.31873629741243,36.24267307399156,11.144173498295856,0
5.651953239387441,9.55551871846684,14.345114653833107,27.35249801331987,27.551590548854435,27.13966926548356,31.573090004895327,46.00848900461759,44.649959501242826,52.13976153587402,61.14297993373262,10.022483009009044,0
4.713694884730324,10.966731635066091,18.371887865664227,30.73517597471801,35.835125707955655,24.24247853749205,50.748006601425686,28.61193101612438,37.60966322570845,40.96032330423121,48.95949113765872,-3.699978659886667,0
5.723344091465364,9.523960328269206,20.28245104469688,21.84363314943046,31.721807023253334,36.00931457622087,34.43933972842498,42.725096236313554,43.60016358725356,27.19577400958219,59.814486276804764,7.008669352308142,1
6.341468115545829,10.747553098866936,13.659984661283088,18.658051480033084,23.493481289797607,30.27236959563853,38.278076293427546,27.821062715311964,40.59224210652133,44.415991695242106,47.26986681092724,-3.901371705436053,0
4.934745605823433,9.341842578342632,9.73886384966488,14.319625599208855,13.0251750436501,21.25732388908129,40.441731561229496,38.933348503482925,48.010639614826616,69.98310263226341,47.69133465593186,-26.418988603926067,0
5.317526303886087,13.277765223060593,16.790050428433837,19.24588144652733,20.40902749872542,40.119592765435854,36.658378330195866,39.1664844601364,55.96089076786348,55.24848384380457,68.1997536656662,-11.72056688502101,0
3.272588870399992,11.665564311651355,15.420868825142817,20.701925837862834,16.30186370513536,27.27881025641821,19.96782310160693,56.297917944138845,29.53976407994523,29.531016316949483,62.32149498356222,-0.549193906128004,1
3.628993381938408,9.141602734399063,21.01397817482302,19.176279176846588,23.16475607803054,33.14602615231635,38.73312148098379,53.88886626220173,40.55299288410016,37.63395828365828,52.5941453571189,-3.202051350839969,1
6.3476736824743165,6.8639178880648375,8.906279196177746,27.151261603040723,24.525035909220872,26.296586236095564,24.390915330013296,42.82354505730236,51.37174337597857,60.67830509955161,38.23423567585616,8.635858334200723,0
5.299369455162433,10.151208750182333,16.813490431564016,22.591150896671493,18.60762164531768,20.805870524369155,35.61943419682218,32.38618579046707,40.46543775342258,48.67278746756772,48.34645474553168,-14.472869184021176,0
5.497394191145578,9.392317249811876,20.532130672380767,28.500069045650783,24.458967745619795,34.22385631362501,30.638806516553565,32.44809988366385,48.54827579577759,32.03847253781538,84.54227095343734,6.804598128182228,0
5.272909691811708,10.861618942874465,14.636719119593993,21.45420509869227,34.04668396314653,39.81665117572132,41.036004117612926,41.169325041477045,53.25585701675083,43.38958813615541,63.93044457336244,-4.620051843190856,0
3.9978770684886,9.412253919941032,11.718352652758002,16.691207022032508,25.57414772713529,26.873120812865253,34.385836910371786,45.26265692389412,58.60171816019477,53.01355178510699,54.98083000293558,14.83979916111842,0
4.40354280871043,9.12514067258148,19.61241369380945,15.090022362336065,29.64926476314248,31.07680785892641,33.26550669276333,42.62038966001712,52.79478166378196,36.085793117199415,54.54943725846768,7.79697035750443,1
3.5712915395860056,9.599376419170405,18.431709426813285,24.0378216500456,26.44171051917451,24.025126531416724,40.40648982452285,56.7599212434775,32.82267402092189,50.902380497257184,60.326986877841,-8.655269823143875,0
4.7081124877500615,13.516548427601652,12.35553126556702,21.537236160576587,19.34525096988644,37.13103437993953,32.72187663317114,38.13063120511734,41.54208065493637,55.89078520671245,68.28521193447448,2.014514150804392,0
4.972899388800242,10.683629209358802,20.33222206906741,28.57272013140259,21.87993986731436,43.03497925365481,33.60331486637606,44.845139412496536,33.95006607491256,30.171197338572004,62.664044956707606,3.069888688651406,1
3.927541036078525,10.879817518992354,14.660820212764582,22.550344515069018,32.748509794108934,31.87288368710671,27.050763268160907,32.59296156341703,50.56181421608457,51.647715240386965,76.58652557295089,28.3203706972055,0
5.700066409692529,11.542988938718098,11.060956888955795,24.72021586001976,19.07684250753848,33.475949776290065,26.81426186443711,28.26728388259658,31.057523340100367,49.43414950987823,68.83719105441173,-0.5306150034660346,0
6.36492560111912,14.482692233303815,22.41042945232648,22.37597107574389,16.851952663443264,29.202204900131303,29.817124835257697,31.98905631830294,43.79269691204461,42.25811829130255,43.606473706518656,-5.7354682574209495,0
5.566204116877291,9.932201230347312,17.51256739323013,16.309817964698347,19.827900872631155,21.48819075997831,33.81058978756206,45.27736740851738,54.63524687993665,38.61306949752987,52.63479702919136,-4.322613929597006,1
5.885537031901629,10.282542692683258,10.447713113991476,17.928540024176936,16.478129366460962,23.847045899177523,28.434393420510496,35.49456307802939,36.27930630865957,63.53773343817721,46.36860839246209,-3.354543259255808,0
4.840105482797026,10.388056372070768,16.1960975258756,18.38537204235213,22.095842461589413,27.268915785571288,38.76932916335748,37.290134339304814,51.06855440681633,53.10275676763971,43.98670160794166,-9.784774576587548,0
3.7522374926479833,8.529211512739932,18.020124829512326,20.51303113384021,15.31603508217859,31.452200673981977,29.30253714322321,48.72112832135039,28.71808770770553,55.74529723367229,58.93727973375642,-5.367437082510735,0
4.934477437186132,9.149983351887595,18.05969011708557,19.677015952561923,28.24382454375709,30.442812122724863,39.56055465734468,55.15816415100841,49.081904080647725,62.78546868288448,46.38984672648346,-6.181919520502034,0
5.749826365651936,13.15039321582014,16.02388421924888,23.51341971553962,28.98864995411933,37.01878979301981,33.93923815614842,33.31867568243009,36.14968675623449,70.47120284546526,72.87031025240867,11.074993194691444,0
3.99320329351677,12.566706675490494,17.186142673681996,15.429208034171836,18.63428406329817,23.86751700040372,34.51057918698591,50.81222973538802,47.4093767244253,44.35223982923776,47.98130488651002,-7.300245060641563,1
5.652641449056794,12.765656191322336,16.451465922041493,17.584981986778715,28.53110945026896,24.859987338883663,37.42333217545764,47.57110692666305,34.2442858312635,47.417393812109935,58.28148465639124,4.6100329129381965,0
4.042454141836503,7.718037950844996,15.4647982191596,23.15318606492724,22.583526362430028,28.416237159433493,42.45460597602569,36.63729647325067,51.86415229750699,49.46582569152692,48.527947898352366,-17.392936977148093,0
5.457803512475224,8.627632687723036,13.27161305048766,15.462178826659958,17.26700517308806,34.34073085616164,50.75260109217654,20.983162247126984,47.36416530801044,41.58955295055669,52.050434139887095,-26.42281592487605,0
5.51350213036818,8.404168743141833,16.333103057812913,22.571719453552216,29.87190906097988,37.37389522340799,41.59794963846336,30.93382352411624,51.04719492279423,60.56480686812385,66.96792309706977,12.158199230000715,0
4.564037056057236,6.1262484103953705,12.733088762299998,20.63895078566317,31.99266012410808,25.540386572234723,33.978150593623155,44.7273513149691,50.61234038195457,41.60018988720147,65.94975491051629,5.204399739753916,0
4.549725670711882,8.583965635593204,14.01832989067078,15.6092788363202,25.20231080984473,25.211167506651897,43.379695178633305,42.64108988393078,51.95192780949728,50.98389016119599,49.55706024176019,-7.103114842070505,0
3.554384066193034,10.45674056980646,18.094822634555243,23.21698904259668,26.73958566548736,28.200554360141105,35.66210827056128,64.5915064862198,35.44115225534693,58.78605826227852,64.67255334815525,1.1009740195878326,0
4.270303370671849,12.040949029948797,16.859348454766877,22.38146882840225,33.371895703295465,25.82761079670206,29.12895459520758,40.73292893183044,47.93153682345849,54.49291618821839,42.35960818588599,15.59863655330462,0
5.673114929535209,9.013530482417952,11.54312901575161,24.3417146908514,23.82856316772345,25.23516693056542,47.96486693404277,30.655080487174228,56.583797001302734,45.71058759258861,52.8399555187315,-15.505511473233442,0
5.046168913507225,7.93517030332457,13.42230121694303,23.27510451661548,22.502983259143,32.44573078107489,39.74077606636794,51.74074276957397,38.842955931966834,47.74243805743328,44.64389821113875,-13.149960100682396,0
4.261112168197546,11.443494972924748,14.739920949605176,20.463421480735192,19.316187170364948,27.22570606624833,36.33522004321986,35.56729446424436,33.17976499426689,49.24458632714192,61.63884168789437,-5.203306544406405,0
2.7519122688466595,13.805797762384575,13.887701952124145,24.54022749034049,26.284041799786216,31.78781893700631,46.33649782514678,31.627550714951752,39.07444531403694,49.88222712398484,50.39198748367566,-7.090862216814396,0
4.442670012925104,8.623575812499556,17.738568608822607,25.38968234611498,32.9540260972688,34.86325433646207,37.52096688497866,33.093416867440375,53.23390905499443,45.30658455920674,74.9970300913404,4.236607700324615,0
5.332197563295956,7.395073084950038,12.44107310706206,18.987477566715228,19.81734568602727,32.62682038650269,31.278549313939497,46.35608919064995,51.41307967666074,29.995040013751183,54.17835924545891,-2.4315110934298594,1
4.463698086501087,7.233768732773261,8.542024751201868,17.05204538987643,28.756779904954225,40.83117809714126,27.895080426704503,23.557931865131764,31.00702938855134,33.79201100058451,37.826270698209385,9.252153788763472,0
6.101173513478412,8.476110545054519,16.703782707595582,22.82618067666364,31.84927085497618,31.61589029856229,42.3029085020997,28.01944849729673,70.97507614811167,55.61362292723513,53.83367645429829,10.708476441768848,0
5.743768429917243,10.026471381222086,14.386756168153966,24.01543717617407,21.27410909203144,31.37125251943807,31.365212389818325,38.44225350054157,46.87717128085934,29.72120040612394,63.71715207685936,-2.955992271751982,1
5.740312908098854,7.429644591842349,12.690260308228902,19.917557904183127,40.58396361997055,28.036225041709844,38.33466976798445,44.31008939007675,55.12220454814671,65.73085515315198,54.25455113411717,17.02453207866481,0
3.5012295391577126,7.1927001061116265,15.091269501388815,17.294682792267132,26.427076469928195,30.6695629347963,34.12827527189452,31.570846855169187,58.27118037964651,29.0573034181566,62.591691018290405,9.086653073926184,0
3.5991650219436107,9.620427568212696,13.21363228486564,18.864729347039187,26.104329441609703,42.5924102651158,30.48094045657154,31.56702610123289,33.20131148347207,25.466239375923426,54.96419526330252,10.180146554255968,1
4.3240956613481965,12.774581229603616,17.17166866818297,16.879383954120414,34.90325469691318,26.03287542482153,51.91501239554577,45.28095430259132,56.0941068636734,59.89775299908689,57.96031221418268,8.295894037817714,0
4.954141614120352,9.27728937759026,12.50577592552906,15.49404949476766,23.423501934284293,34.16038910814253,30.92169769095105,59.24001489292564,34.23877029994916,47.61858613009424,44.89327524398521,8.916330791978964,1
6.987020865687194,13.93481571992259,14.761667077102189,21.86397564424232,22.05587583838512,36.51167464690637,34.29281156502026,28.560601200985325,39.37465822815919,64.37851800309183,51.612787923914574,0.362893832934775,0
5.194133054194104,9.148117251291415,5.87924822911129,22.12341140102176,37.10437225716571,30.946015088405765,32.737951878680896,34.04424205984989,39.67238858535066,48.33724804906162,47.32745382605931,17.69112325118717,0
4.266289953730047,9.681764869585413,19.32593867030084,21.8347371922516,24.819392777099427,39.290372297618056,30.67165894540873,32.90733205764225,56.06111351828662,60.01241363512259,63.79695083665461,9.892797605624091,0
5.363216779018015,12.56355272468864,14.63608775521354,21.716709923139383,22.34325965666685,37.03904215914906,50.21073655001744,38.38828576387132,49.91013483842551,58.625067184655165,44.10245566650592,-21.84935762138872,0
5.6534243117046525,9.940609923051396,14.625541497526456,19.9750888873152,33.327973819391275,24.55234090632456,39.00711833413888,29.326140144509665,51.81312202348724,48.58780255539663,34.72122936569592,3.5023086150090426,0
5.385855969967296,10.02730120134134,14.431698667090656,19.67980074425186,30.78329321662652,38.426682519053486,42.51178864307772,44.91605774761221,35.28916819066581,58.56400596513485,65.72371100427262,-1.0589173635672342,0
